sr_number,category,item_name,size,id_size,od_size,lf_size,hsn_code,list_price,unit,packing,image_ref,page,hidden
1.10,ART SILK TUBE / Sleeves,ART SILK TUBE / Sleeves 1mm,1mm,,,,85469090,280,100mtr.,,1.1,1,
1.20,ART SILK TUBE / Sleeves,ART SILK TUBE / Sleeves 2mm,2mm,,,,85469090,380,100mtr.,,1.1,1,
1.30,ART SILK TUBE / Sleeves,ART SILK TUBE / Sleeves 3mm,3mm,,,,85469090,600,100mtr.,,1.1,1,
1.40,ART SILK TUBE / Sleeves,ART SILK TUBE / Sleeves 4mm,4mm,,,,85469090,760,100mtr.,,1.1,1,
1.50,ART SILK TUBE / Sleeves,ART SILK TUBE / Sleeves 5mm,5mm,,,,85469090,860,100mtr.,,1.1,1,
1.60,ART SILK TUBE / Sleeves,ART SILK TUBE / Sleeves 6mm,6mm,,,,85469090,1060,100mtr.,,1.1,1,
1.70,ART SILK TUBE / Sleeves,ART SILK TUBE / Sleeves 8mm,8mm,,,,85469090,1780,100mtr.,,1.1,1,
1.80,ART SILK TUBE / Sleeves,ART SILK TUBE / Sleeves 10mm,10mm,,,,85469090,2000,100mtr.,,1.1,1,
2.10,FIBREGLASS “B” CLASS YELLOW TUBE,FIBREGLASS “B” CLASS YELLOW TUBE 1mm,1mm,,,,85469090,320,100mtr.,,2.1,1,
2.20,FIBREGLASS “B” CLASS YELLOW TUBE,FIBREGLASS “B” CLASS YELLOW TUBE 2mm,2mm,,,,85469090,440,100mtr.,,2.1,1,
2.30,FIBREGLASS “B” CLASS YELLOW TUBE,FIBREGLASS “B” CLASS YELLOW TUBE 3mm,3mm,,,,85469090,580,100mtr.,,2.1,1,
2.40,FIBREGLASS “B” CLASS YELLOW TUBE,FIBREGLASS “B” CLASS YELLOW TUBE 4mm,4mm,,,,85469090,700,100mtr.,,2.1,1,
2.50,FIBREGLASS “B” CLASS YELLOW TUBE,FIBREGLASS “B” CLASS YELLOW TUBE 5mm,5mm,,,,85469090,860,100mtr.,,2.1,1,
2.60,FIBREGLASS “B” CLASS YELLOW TUBE,FIBREGLASS “B” CLASS YELLOW TUBE 6mm,6mm,,,,85469090,1060,100mtr.,,2.1,1,
2.70,FIBREGLASS “B” CLASS YELLOW TUBE,FIBREGLASS “B” CLASS YELLOW TUBE 8mm,8mm,,,,85469090,1420,100mtr.,,2.7,1,
2.80,FIBREGLASS “B” CLASS YELLOW TUBE,FIBREGLASS “B” CLASS YELLOW TUBE 10mm,10mm,,,,85469090,1820,100mtr.,,2.1,1,
2.90,FIBREGLASS “B” CLASS YELLOW TUBE,FIBREGLASS “B” CLASS YELLOW TUBE 12mm,12mm,,,,85469090,2480,100mtr.,,2.1,1,
2.10,FIBREGLASS “B” CLASS YELLOW TUBE,FIBREGLASS “B” CLASS YELLOW TUBE 16mm,16mm,,,,85469090,3340,100mtr.,,2.1,1,
2.11,FIBREGLASS “B” CLASS YELLOW TUBE,FIBREGLASS “B” CLASS YELLOW TUBE 20mm,20mm,,,,85469090,5000,100mtr.,,2.1,1,
2.12,FIBREGLASS “B” CLASS YELLOW TUBE,FIBREGLASS “B” CLASS YELLOW TUBE 25mm,25mm,,,,85469090,7000,100mtr.,,2.1,1,
3.10,FIBREGLASS “B” CLASS WHITE SPECIAL TUBE,FIBREGLASS “B” CLASS WHITE SPECIAL TUBE 1mm,1mm,,,,85469090,380,100mtr.,,3.1,1,
3.20,FIBREGLASS “B” CLASS WHITE SPECIAL TUBE,FIBREGLASS “B” CLASS WHITE SPECIAL TUBE 2mm,2mm,,,,85469090,427.5,100mtr.,,3.1,1,
3.30,FIBREGLASS “B” CLASS WHITE SPECIAL TUBE,FIBREGLASS “B” CLASS WHITE SPECIAL TUBE 3mm,3mm,,,,85469090,522.5,100mtr.,,3.1,1,
3.40,FIBREGLASS “B” CLASS WHITE SPECIAL TUBE,FIBREGLASS “B” CLASS WHITE SPECIAL TUBE 4mm,4mm,,,,85469090,665,100mtr.,,3.1,1,
3.50,FIBREGLASS “B” CLASS WHITE SPECIAL TUBE,FIBREGLASS “B” CLASS WHITE SPECIAL TUBE 5mm,5mm,,,,85469090,760,100mtr.,,3.1,1,
3.60,FIBREGLASS “B” CLASS WHITE SPECIAL TUBE,FIBREGLASS “B” CLASS WHITE SPECIAL TUBE 6mm,6mm,,,,85469090,950,100mtr.,,3.6,1,
3.70,FIBREGLASS “B” CLASS WHITE SPECIAL TUBE,FIBREGLASS “B” CLASS WHITE SPECIAL TUBE 8mm,8mm,,,,85469090,1425,100mtr.,,3.1,1,
3.80,FIBREGLASS “B” CLASS WHITE SPECIAL TUBE,FIBREGLASS “B” CLASS WHITE SPECIAL TUBE 10mm,10mm,,,,85469090,2375,100mtr.,,3.1,1,
3.90,FIBREGLASS “B” CLASS WHITE SPECIAL TUBE,FIBREGLASS “B” CLASS WHITE SPECIAL TUBE 12mm,12mm,,,,85469090,2850,100mtr.,,3.1,1,
3.10,FIBREGLASS “B” CLASS WHITE SPECIAL TUBE,FIBREGLASS “B” CLASS WHITE SPECIAL TUBE 16mm,16mm,,,,85469090,3800,100mtr.,,3.1,1,
3.11,FIBREGLASS “B” CLASS WHITE SPECIAL TUBE,FIBREGLASS “B” CLASS WHITE SPECIAL TUBE 20mm,20mm,,,,85469090,4750,100mtr.,,3.1,1,
3.12,FIBREGLASS “B” CLASS WHITE SPECIAL TUBE,FIBREGLASS “B” CLASS WHITE SPECIAL TUBE 25mm,25mm,,,,85469090,5700,100mtr.,,3.1,1,
4.10,FIBREGLASS “F” CLASS TUBE,FIBREGLASS “F” CLASS TUBE 1mm,1mm,,,,85469090,200,100mtr.,,,1,
4.20,FIBREGLASS “F” CLASS TUBE,FIBREGLASS “F” CLASS TUBE 2mm,2mm,,,,85469090,300,100mtr.,,,1,
4.30,FIBREGLASS “F” CLASS TUBE,FIBREGLASS “F” CLASS TUBE 3mm,3mm,,,,85469090,400,100mtr.,,,1,
4.40,FIBREGLASS “F” CLASS TUBE,FIBREGLASS “F” CLASS TUBE 4mm,4mm,,,,85469090,500,100mtr.,,,1,
4.50,FIBREGLASS “F” CLASS TUBE,FIBREGLASS “F” CLASS TUBE 5mm,5mm,,,,85469090,600,100mtr.,,4.5,1,
4.60,FIBREGLASS “F” CLASS TUBE,FIBREGLASS “F” CLASS TUBE 6mm,6mm,,,,85469090,800,100mtr.,,,1,
4.70,FIBREGLASS “F” CLASS TUBE,FIBREGLASS “F” CLASS TUBE 8mm,8mm,,,,85469090,1000,100mtr.,,,1,
4.80,FIBREGLASS “F” CLASS TUBE,FIBREGLASS “F” CLASS TUBE 10mm,10mm,,,,85469090,1400,100mtr.,,,1,
4.90,FIBREGLASS “F” CLASS TUBE,FIBREGLASS “F” CLASS TUBE 12mm,12mm,,,,85469090,2000,100mtr.,,,1,
4.10,FIBREGLASS “F” CLASS TUBE,FIBREGLASS “F” CLASS TUBE 16mm,16mm,,,,85469090,2900,100mtr.,,4.1,1,
4.11,FIBREGLASS “F” CLASS TUBE,FIBREGLASS “F” CLASS TUBE 20mm,20mm,,,,85469090,4400,100mtr.,,,1,
4.12,FIBREGLASS “F” CLASS TUBE,FIBREGLASS “F” CLASS TUBE 25mm,25mm,,,,85469090,5400,100mtr.,,,1,
5.10,FIBREGLASS PVC COATED CHINA TUBE,FIBREGLASS PVC COATED CHINA TUBE 1mm,1mm,,,,85469090,150,100mtr.,,5.1,1,
5.20,FIBREGLASS PVC COATED CHINA TUBE,FIBREGLASS PVC COATED CHINA TUBE 2mm,2mm,,,,85469090,200,100mtr.,,5.1,1,
5.30,FIBREGLASS PVC COATED CHINA TUBE,FIBREGLASS PVC COATED CHINA TUBE 3mm,3mm,,,,85469090,300,100mtr.,,5.1,1,
5.40,FIBREGLASS PVC COATED CHINA TUBE,FIBREGLASS PVC COATED CHINA TUBE 4mm,4mm,,,,85469090,400,100mtr.,,5.1,1,
5.50,FIBREGLASS PVC COATED CHINA TUBE,FIBREGLASS PVC COATED CHINA TUBE 5mm,5mm,,,,85469090,500,100mtr.,,5.5,1,
5.60,FIBREGLASS PVC COATED CHINA TUBE,FIBREGLASS PVC COATED CHINA TUBE 6mm,6mm,,,,85469090,600,100mtr.,,5.1,1,
5.70,FIBREGLASS PVC COATED CHINA TUBE,FIBREGLASS PVC COATED CHINA TUBE 8mm,8mm,,,,85469090,800,100mtr.,,5.1,1,
5.80,FIBREGLASS PVC COATED CHINA TUBE,FIBREGLASS PVC COATED CHINA TUBE 10mm,10mm,,,,85469090,1000,100mtr.,,5.1,1,
5.90,FIBREGLASS PVC COATED CHINA TUBE,FIBREGLASS PVC COATED CHINA TUBE 12mm,12mm,,,,85469090,1200,100mtr.,,5.1,1,
5.10,FIBREGLASS PVC COATED CHINA TUBE,FIBREGLASS PVC COATED CHINA TUBE 14mm,14mm,,,,85469090,2500,100mtr.,,5.1,1,
5.11,FIBREGLASS PVC COATED CHINA TUBE,FIBREGLASS PVC COATED CHINA TUBE 16mm,16mm,,,,85469090,3000,100mtr.,,5.1,1,
5.12,FIBREGLASS PVC COATED CHINA TUBE,FIBREGLASS PVC COATED CHINA TUBE 20mm,20mm,,,,85469090,4000,100mtr.,,5.1,1,
5.13,FIBREGLASS PVC COATED CHINA TUBE,FIBREGLASS PVC COATED CHINA TUBE 25mm,25mm,,,,85469090,5000,100mtr.,,5.1,1,
6.10,FIBREGLASS SILICON “H” CLASS CHINA TUBE,FIBREGLASS SILICON “H” CLASS CHINA TUBE 1mm,1mm,,,,85469090,220,100mtr.,,6.1,1,
6.20,FIBREGLASS SILICON “H” CLASS CHINA TUBE,FIBREGLASS SILICON “H” CLASS CHINA TUBE 2mm,2mm,,,,85469090,300,100mtr.,,6.1,1,
6.30,FIBREGLASS SILICON “H” CLASS CHINA TUBE,FIBREGLASS SILICON “H” CLASS CHINA TUBE 3mm,3mm,,,,85469090,490,100mtr.,,6.1,1,
6.40,FIBREGLASS SILICON “H” CLASS CHINA TUBE,FIBREGLASS SILICON “H” CLASS CHINA TUBE 4mm,4mm,,,,85469090,610,100mtr.,,6.1,1,
6.50,FIBREGLASS SILICON “H” CLASS CHINA TUBE,FIBREGLASS SILICON “H” CLASS CHINA TUBE 5mm,5mm,,,,85469090,790,100mtr.,,6.1,1,
6.60,FIBREGLASS SILICON “H” CLASS CHINA TUBE,FIBREGLASS SILICON “H” CLASS CHINA TUBE 6mm,6mm,,,,85469090,960,100mtr.,,6.1,1,
6.70,FIBREGLASS SILICON “H” CLASS CHINA TUBE,FIBREGLASS SILICON “H” CLASS CHINA TUBE 8mm,8mm,,,,85469090,1410,100mtr.,,6.1,1,
6.80,FIBREGLASS SILICON “H” CLASS CHINA TUBE,FIBREGLASS SILICON “H” CLASS CHINA TUBE 10mm,10mm,,,,85469090,1820,100mtr.,,6.8,1,
6.90,FIBREGLASS SILICON “H” CLASS CHINA TUBE,FIBREGLASS SILICON “H” CLASS CHINA TUBE 12mm,12mm,,,,85469090,2330,100mtr.,,6.1,1,
6.10,FIBREGLASS SILICON “H” CLASS CHINA TUBE,FIBREGLASS SILICON “H” CLASS CHINA TUBE 14mm,14mm,,,,85469090,4150,100mtr.,,6.1,1,
6.11,FIBREGLASS SILICON “H” CLASS CHINA TUBE,FIBREGLASS SILICON “H” CLASS CHINA TUBE 16mm,16mm,,,,85469090,5350,100mtr.,,6.1,1,
6.12,FIBREGLASS SILICON “H” CLASS CHINA TUBE,FIBREGLASS SILICON “H” CLASS CHINA TUBE 20mm,20mm,,,,85469090,7100,100mtr.,,6.1,1,
6.13,FIBREGLASS SILICON “H” CLASS CHINA TUBE,FIBREGLASS SILICON “H” CLASS CHINA TUBE 25mm,25mm,,,,85469090,8900,100mtr.,,6.1,1,
7.10,PVC CORD AND PIPES,"PVC CORD IN BLACK , GREY Colour 0.5mm",0.5mm,,,,39173210,120,100mtr.,,7.1,1,
7.20,PVC CORD AND PIPES,"PVC PIPES IN BLACK, RED, BLUE, YELLOW , 0.5mm",0.5mm,,,,39173210,120,100mtr.,,7.1,1,
7.30,PVC CORD AND PIPES,"PVC CORD AND PIPES GREEN, WHITE GREY Colour 1.0mm",1.0mm,,,,39173210,130,100mtr.,,7.1,1,
7.40,PVC CORD AND PIPES,PVC CORD AND PIPES General Items 1.5mm,1.5mm,,,,39173210,140,100mtr.,,7.1,1,
7.50,PVC CORD AND PIPES,PVC CORD AND PIPES General Items 2.0mm,2.0mm,,,,39173210,150,100mtr.,,7.5,1,
7.60,PVC CORD AND PIPES,PVC CORD AND PIPES General Items 2.5mm,2.5mm,,,,39173210,200,100mtr.,,7.1,1,
7.70,PVC CORD AND PIPES,PVC CORD AND PIPES General Items 3.0mm,3.0mm,,,,39173210,90,30mtr.,,7.1,1,
7.80,PVC CORD AND PIPES,PVC CORD AND PIPES General Items 4.0mm,4.0mm,,,,39173210,110,30mtr.,,7.1,1,
7.90,PVC CORD AND PIPES,PVC CORD AND PIPES General Items 5.0mm,5.0mm,,,,39173210,150,30mtr.,,7.1,1,
7.10,PVC CORD AND PIPES,PVC CORD AND PIPES General Items 6.0mm,6.0mm,,,,39173210,170,30mtr.,,7.1,1,
7.11,PVC CORD AND PIPES,PVC CORD AND PIPES General Items 7.0mm,7.0mm,,,,39173210,210,30mtr.,,7.1,1,
7.12,PVC CORD AND PIPES,PVC CORD AND PIPES General Items 8.0mm,8.0mm,,,,39173210,230,30mtr.,,7.1,1,
7.13,PVC CORD AND PIPES,PVC CORD AND PIPES General Items 10.0mm,10.0mm,,,,39173210,300,30mtr.,,7.1,1,
7.14,PVC CORD AND PIPES,PVC CORD AND PIPES General Items 12.0mm,12.0mm,,,,39173210,380,30mtr.,,7.1,1,
7.15,PVC CORD AND PIPES,PVC CORD AND PIPES General Items 14.0mm,14.0mm,,,,39173210,460,30mtr.,,7.1,1,
7.16,PVC CORD AND PIPES,PVC CORD AND PIPES General Items 16.0mm,16.0mm,,,,39173210,500,30mtr.,,7.16,1,
7.17,PVC CORD AND PIPES,PVC CORD AND PIPES General Items 18.0mm,18.0mm,,,,39173210,630,30mtr.,,7.1,1,
7.18,PVC CORD AND PIPES,PVC CORD AND PIPES General Items 20.0mm,20.0mm,,,,39173210,700,30mtr.,,7.1,1,
7.19,PVC CORD AND PIPES,PVC CORD AND PIPES General Items 22.0mm,22.0mm,,,,39173210,840,30mtr.,,7.1,1,
7.20,PVC CORD AND PIPES,PVC CORD AND PIPES General Items 25.0mm,25.0mm,,,,39173210,960,30mtr.,,7.1,1,
7.21,PVC CORD AND PIPES,PVC CORD AND PIPES General Items 30.0mm,30.0mm,,,,39173210,1300,30mtr.,,7.1,1,
7.22,PVC CORD AND PIPES,PVC CORD AND PIPES General Items 35.0mm,35.0mm,,,,39173210,1800,30mtr.,,7.1,1,
7.23,PVC CORD AND PIPES,PVC CORD AND PIPES General Items 40.0mm,40.0mm,,,,39173210,1920,30mtr.,,7.1,1,
7.24,PVC CORD AND PIPES,PVC CORD AND PIPES General Items 45.0mm,45.0mm,,,,39173210,2200,30mtr.,,7.1,1,
7.25,PVC CORD AND PIPES,PVC CORD AND PIPES General Items 50.0mm,50.0mm,,,,39173210,2400,30mtr.,,7.1,1,
8.10,PVC Heat Shrinkable Tube,"Base Bar 6 x 6 , 8 x 4 , 9 x 3","6 x 6 , 8 x 4 , 9 x 3",,,15/17mm,39173100,9,Mtr.,,,1,
8.20,PVC Heat Shrinkable Tube,"Base Bar 9 x 6 , 12 x 3","9 x 6 , 12 x 3",,,20/22mm,39173100,9.2,Mtr.,,8.2,1,
8.30,PVC Heat Shrinkable Tube,"Base Bar 12 x 6 , 15 x 3","12 x 6 , 15 x 3",,,25/27mm,39173100,9.9,Mtr.,,,1,
8.40,PVC Heat Shrinkable Tube,"Base Bar 20 x 3, 4, 16 x 3 , 18 x 6","20 x 3, 4, 16 x 3 , 18 x 6",,,30mm,39173100,10.8,Mtr.,,,1,
8.50,PVC Heat Shrinkable Tube,"Base Bar 20 x 6, 25 x 3","20 x 6, 25 x 3",,,35mm,39173100,11,Mtr.,,,1,
8.60,PVC Heat Shrinkable Tube,"Base Bar 25 x 6, 10","25 x 6, 10",,,41mm,39173100,13,Mtr.,,,1,
8.70,PVC Heat Shrinkable Tube,"Base Bar 25, 30 x 10, 12.5","25, 30 x 10, 12.5",,,48mm,39173100,15.2,Mtr.,,,1,
8.80,PVC Heat Shrinkable Tube,"Base Bar 38 x 9 , 12","38 x 9 , 12",,,55mm,39173100,17.4,Mtr.,,,1,
8.90,PVC Heat Shrinkable Tube,"Base Bar 38 x 12 , 40 x 10","38 x 12 , 40 x 10",,,61mm,39173100,19,Mtr.,,,1,
8.10,PVC Heat Shrinkable Tube,Base Bar 50 x 6,50 x 6,,,73mm,39173100,22.8,Mtr.,,,1,
8.11,PVC Heat Shrinkable Tube,"Base Bar 50 x 9 , 10 , 12","50 x 9 , 10 , 12",,,81mm,39173100,25.6,Mtr.,,,1,
8.12,PVC Heat Shrinkable Tube,"Base Bar 60 x 10 , 12 & 75 x 6","60 x 10 , 12 & 75 x 6",,,93mm,39173100,28.4,Mtr.,,,1,
8.13,PVC Heat Shrinkable Tube,"Base Bar 60 x 10 , 12 & 75 x 12","60 x 10 , 12 & 75 x 12",,,103mm,39173100,33.8,Mtr.,,,1,
8.14,PVC Heat Shrinkable Tube,"Base Bar 90 x 6, 10","90 x 6, 10",,,110mm,39173100,36.8,Mtr.,,,1,
8.15,PVC Heat Shrinkable Tube,"Base Bar x 6, 10 , 12","100 x 6, 10 , 12",,,128mm,39173100,43,Mtr.,,,1,
8.16,PVC Heat Shrinkable Tube,"Base Bar , 110 x 6 , 10, 12","100 , 110 x 6 , 10, 12",,,140mm,39173100,44,Mtr.,,,1,
8.17,PVC Heat Shrinkable Tube,"Base Bar x 6 , 10","115 x 6 , 10",,,150mm,39173100,48,Mtr.,,,1,
8.18,PVC Heat Shrinkable Tube,"Base Bar x 6 , 10","125 x 6 , 10",,,170mm,39173100,54,Mtr.,,,1,
8.19,PVC Heat Shrinkable Tube,"Base Bar x 6 , 12","150 x 6 , 12",,,190mm,39173100,60,Mtr.,,,1,
8.20,PVC Heat Shrinkable Tube,"Base Bar x 6 , 12","175 x 6 , 12",,,210mm,39173100,68,Mtr.,,,1,
8.21,PVC Heat Shrinkable Tube,"Base Bar x 6 , 10 , 12","200 x 6 , 10 , 12",,,230mm,39173100,74,Mtr.,,,1,
9.10,Silicon Rubber Tube,Silicon Rubber Tube,1mm,,,,40094100,16,Mtr.,,,1,
9.20,Silicon Rubber Tube,Silicon Rubber Tube,2mm,,,,40094100,20,Mtr.,,,1,
9.30,Silicon Rubber Tube,Silicon Rubber Tube,2.5mm,,,,40094100,28,Mtr.,,,1,
9.40,Silicon Rubber Tube,Silicon Rubber Tube,3mm,,,,40094100,40,Mtr.,,,1,
9.50,Silicon Rubber Tube,Silicon Rubber Tube,4mm,,,,40094100,54,Mtr.,,9.5,1,
9.60,Silicon Rubber Tube,Silicon Rubber Tube,5mm,,,,40094100,60,Mtr.,,,1,
9.70,Silicon Rubber Tube,Silicon Rubber Tube,6mm,,,,40094100,78,Mtr.,,,1,
10.10,TEFLON TUBE,TEFLON TUBE,,0.5mm,1.0mm,,39172190,11,Mtr.,,10.1,1,
10.20,TEFLON TUBE,TEFLON TUBE,,1.0mm,1.5mm,,39172190,13,Mtr.,,10.2,1,
10.30,TEFLON TUBE,TEFLON TUBE,,1.5mm,2.0mm,,39172190,20,Mtr.,,10.2,1,
10.40,TEFLON TUBE,TEFLON TUBE,,2.0mm,2.5mm,,39172190,28,Mtr.,,10.2,1,
10.50,TEFLON TUBE,TEFLON TUBE,,2.5mm,3.0mm,,39172190,35,Mtr.,,10.2,1,
10.60,TEFLON TUBE,TEFLON TUBE,,3.0mm,3.5mm,,39172190,50,Mtr.,,10.2,1,
10.70,TEFLON TUBE,TEFLON TUBE,,3.5mm,4.0mm,,39172190,60,Mtr.,,10.2,1,
10.80,TEFLON TUBE,TEFLON TUBE,,4.0mm,5.0mm,,39172190,66,Mtr.,,10.2,1,
10.90,TEFLON TUBE,TEFLON TUBE,,5.0mm,6.0mm,,39172190,96,Mtr.,,10.2,1,
10.10,TEFLON TUBE,TEFLON TUBE,,6.0mm,7.0mm,,39172190,110,Mtr.,,10.2,1,
10.11,TEFLON TUBE,TEFLON TUBE,,7.0mm,8.0mm,,39172190,124,Mtr.,,10.2,1,
10.12,TEFLON TUBE,TEFLON TUBE,,8.0mm,9.0mm,,39172190,166,Mtr.,,10.2,1,
10.13,TEFLON TUBE,TEFLON TUBE,,9.0mm,10.0mm,,39172190,194,Mtr.,,10.2,1,
10.14,TEFLON TUBE,TEFLON TUBE,,10.0mm,11.0mm,,39172190,250,Mtr.,,10.2,1,
11.10,PVC Flexible Pipe,PVC Flexible Pipe I.D. Size 10mm ( ½” ) 100mtr.Coil,,,,,85469090,660,Coil,100mtr.Coil,11.1,2,
11.20,PVC Flexible Pipe,PVC Flexible Pipe 16mm ( ¼” ) 50mtr. Coil,,,,,39173100,230,Coil,50mtr. Coil,11.2,2,
11.30,PVC Flexible Pipe,PVC Flexible Pipe 20mm ( ¾” ) 50mtr. Coil,,,,,39173100,260,Coil,50mtr. Coil,11.3,2,
11.40,PVC Flexible Pipe,PVC Flexible Pipe 25mm ( 1” ) 25mtr. Coil,,,,,39173100,210,Coil,25mtr. Coil,11.1,2,
11.50,PVC Flexible Pipe,PVC Flexible Pipe 32mm ( 1 ¼” ) 25mtr. Coil,,,,,39173100,400,Coil,25mtr. Coil,11.1,2,
11.60,PVC Flexible Pipe,PVC Flexible Pipe 40mm ( 1 ½” ) 20mtr. Coil,,,,,39173100,460,Coil,20mtr. Coil,11.1,2,
11.70,PVC Flexible Pipe,PVC Flexible Pipe 50mm ( 2” ) 15mtr. Coil,,,,,39173100,480,Coil,15mtr. Coil,11.1,2,
12.10,PVC Flexible Pipe Adaptor,PVC Flexible Pipe Adaptor O.D.Size 16mm ( ½” ) 50pcs Box,,,,,39173100,5.8,Pcs.,50pcs Box,12.1,2,
12.20,PVC Flexible Pipe Adaptor,PVC Flexible Pipe Adaptor 20mm ( ¾” ) 50pcs Box,,,,,39173100,6.9,Pcs.,50pcs Box,12.1,2,
12.30,PVC Flexible Pipe Adaptor,PVC Flexible Pipe Adaptor 25mm ( 1” ) 25pcs Box,,,,,39173100,9.8,Pcs.,25pcs Box,12.1,2,
12.40,PVC Flexible Pipe Adaptor,PVC Flexible Pipe Adaptor 32mm ( 1 ¼” ) 20pcs Box,,,,,39173100,13.4,Pcs.,20pcs Box,12.1,2,
12.50,PVC Flexible Pipe Adaptor,PVC Flexible Pipe Adaptor 40mm ( 1 ½” ) 20pcs Box,,,,,39173100,19.6,Pcs.,20pcs Box,12.5,2,
12.60,PVC Flexible Pipe Adaptor,PVC Flexible Pipe Adaptor 50mm ( 2” ) 10pcs Box,,,,,39173100,26,Pcs.,10pcs Box,12.1,2,
13.10,Galvanised Flexible Pipe,Galvanised Flexible Pipe Galvanished (G. I .) Flexible Pipe Size ½” 15mtr. Coil,,,,,39173100,28,Mtr.,15mtr. Coil,,2,
13.20,Galvanised Flexible Pipe,Galvanised Flexible Pipe 5/8” 15mtr. Coil,,,,,83071000,36,Mtr.,15mtr. Coil,,2,
13.30,Galvanised Flexible Pipe,Galvanised Flexible Pipe ¾” 15mtr. Coil,,,,,83071000,38,Mtr.,15mtr. Coil,,2,
13.40,Galvanised Flexible Pipe,Galvanised Flexible Pipe 1” 15mtr. Coil,,,,,83071000,50,Mtr.,15mtr. Coil,,2,
13.50,Galvanised Flexible Pipe,Galvanised Flexible Pipe 1 ¼” 15mtr. Coil,,,,,83071000,76,Mtr.,15mtr. Coil,,2,
13.60,Galvanised Flexible Pipe,"Galvanised Flexible Pipe 1 ¾"" 15mtr. Coil",,,,,83071000,86,Mtr.,15mtr. Coil,,2,
13.70,Galvanised Flexible Pipe,Galvanised Flexible Pipe 2” 15mtr. Coil,,,,,83071000,120,Mtr.,15mtr. Coil,13.7,2,
13.80,Galvanised Flexible Pipe,Galvanised Flexible Pipe 2 ¾” 15mtr. Coil,,,,,83071000,240,Mtr.,15mtr. Coil,,2,
13.90,Galvanised Flexible Pipe,Galvanised Flexible Pipe 3” 15mtr. Coil,,,,,83071000,280,Mtr.,15mtr. Coil,,2,
14.10,Rubber Type Heat Shrinkable Tubing,Rubber Type Heat Shrinkable Tubing I.D.Size 1.00mm 200mtr.,,,,,85469090,4,Mtr.,200mtr.,14.1,2,
14.20,Rubber Type Heat Shrinkable Tubing,Rubber Type Heat Shrinkable Tubing Available in Black Colour 1.50mm 200mtr.,,,,,85469090,5,Mtr.,200mtr.,14.1,2,
14.30,Rubber Type Heat Shrinkable Tubing,Rubber Type Heat Shrinkable Tubing Red 2.00mm 200mtr.,,,,,85469090,6,Mtr.,200mtr.,14.1,2,
14.40,Rubber Type Heat Shrinkable Tubing,Rubber Type Heat Shrinkable Tubing Yellow 2.50mm 200mtr.,,,,,85469090,7,Mtr.,200mtr.,14.1,2,
14.50,Rubber Type Heat Shrinkable Tubing,Rubber Type Heat Shrinkable Tubing Blue 3.00mm 200mtr.,,,,,85469090,8,Mtr.,200mtr.,14.1,2,
14.60,Rubber Type Heat Shrinkable Tubing,Rubber Type Heat Shrinkable Tubing Green 3.50mm 200mtr.,,,,,85469090,9,Mtr.,200mtr.,14.1,2,
14.70,Rubber Type Heat Shrinkable Tubing,Rubber Type Heat Shrinkable Tubing Clear 4.00mm 100mtr.,,,,,85469090,10,Mtr.,100mtr.,14.1,2,
14.80,Rubber Type Heat Shrinkable Tubing,Rubber Type Heat Shrinkable Tubing 4.50mm 100mtr.,,,,,85469090,12,Mtr.,100mtr.,14.1,2,
14.90,Rubber Type Heat Shrinkable Tubing,Rubber Type Heat Shrinkable Tubing 5.00mm 100mtr.,,,,,85469090,13,Mtr.,100mtr.,14.1,2,
14.10,Rubber Type Heat Shrinkable Tubing,Rubber Type Heat Shrinkable Tubing 6.00mm 100mtr.,,,,,85469090,15,Mtr.,100mtr.,14.1,2,
14.11,Rubber Type Heat Shrinkable Tubing,Rubber Type Heat Shrinkable Tubing 7.00mm 100mtr.,,,,,85469090,16,Mtr.,100mtr.,14.11,2,
14.12,Rubber Type Heat Shrinkable Tubing,Rubber Type Heat Shrinkable Tubing 8.00mm 100mtr.,,,,,85469090,17,Mtr.,100mtr.,14.1,2,
14.13,Rubber Type Heat Shrinkable Tubing,Rubber Type Heat Shrinkable Tubing 9.00mm 100mtr.,,,,,85469090,17,Mtr.,100mtr.,14.1,2,
14.14,Rubber Type Heat Shrinkable Tubing,Rubber Type Heat Shrinkable Tubing 10.00mm 100mtr.,,,,,85469090,18,Mtr.,100mtr.,14.1,2,
14.15,Rubber Type Heat Shrinkable Tubing,Rubber Type Heat Shrinkable Tubing 11.00mm 100mtr.,,,,,85469090,20,Mtr.,100mtr.,14.1,2,
14.16,Rubber Type Heat Shrinkable Tubing,Rubber Type Heat Shrinkable Tubing 12.00mm 100mtr.,,,,,85469090,21,Mtr.,100mtr.,14.1,2,
14.17,Rubber Type Heat Shrinkable Tubing,Rubber Type Heat Shrinkable Tubing 13.00mm 100mtr.,,,,,85469090,23,Mtr.,100mtr.,14.1,2,
14.18,Rubber Type Heat Shrinkable Tubing,Rubber Type Heat Shrinkable Tubing 14.00mm 100mtr.,,,,,85469090,26,Mtr.,100mtr.,14.1,2,
14.19,Rubber Type Heat Shrinkable Tubing,Rubber Type Heat Shrinkable Tubing 15.00mm 100mtr.,,,,,85469090,30,Mtr.,100mtr.,14.1,2,
14.20,Rubber Type Heat Shrinkable Tubing,Rubber Type Heat Shrinkable Tubing 16.00mm 100mtr.,,,,,85469090,35,Mtr.,100mtr.,14.1,2,
14.21,Rubber Type Heat Shrinkable Tubing,Rubber Type Heat Shrinkable Tubing 17.00mm 100mtr.,,,,,85469090,43,Mtr.,100mtr.,14.1,2,
14.22,Rubber Type Heat Shrinkable Tubing,Rubber Type Heat Shrinkable Tubing 18.00mm 100mtr.,,,,,85469090,45,Mtr.,100mtr.,14.1,2,
14.23,Rubber Type Heat Shrinkable Tubing,Rubber Type Heat Shrinkable Tubing 20.00mm 100mtr.,,,,,85469090,56,Mtr.,100mtr.,14.1,2,
14.24,Rubber Type Heat Shrinkable Tubing,Rubber Type Heat Shrinkable Tubing 22.00mm 100mtr.,,,,,85469090,69,Mtr.,100mtr.,14.1,2,
14.25,Rubber Type Heat Shrinkable Tubing,Rubber Type Heat Shrinkable Tubing 25.00mm 50mtr.,,,,,85469090,75,Mtr.,50mtr.,14.1,2,
14.26,Rubber Type Heat Shrinkable Tubing,Rubber Type Heat Shrinkable Tubing 28.00mm 50mtr.,,,,,85469090,91,Mtr.,50mtr.,14.1,2,
14.27,Rubber Type Heat Shrinkable Tubing,Rubber Type Heat Shrinkable Tubing 30.00mm 50mtr.,,,,,85469090,99,Mtr.,50mtr.,14.1,2,
14.28,Rubber Type Heat Shrinkable Tubing,Rubber Type Heat Shrinkable Tubing 35.00mm 50mtr.,,,,,85469090,126,Mtr.,50mtr.,14.1,2,
14.29,Rubber Type Heat Shrinkable Tubing,Rubber Type Heat Shrinkable Tubing 40.00mm 50mtr.,,,,,85469090,140,Mtr.,50mtr.,14.1,2,
14.30,Rubber Type Heat Shrinkable Tubing,Rubber Type Heat Shrinkable Tubing 45.00mm 50mtr.,,,,,85469090,154,Mtr.,50mtr.,14.1,2,
14.31,Rubber Type Heat Shrinkable Tubing,Rubber Type Heat Shrinkable Tubing 50.00mm 50mtr.,,,,,85469090,168,Mtr.,50mtr.,14.1,2,
14.32,Rubber Type Heat Shrinkable Tubing,Rubber Type Heat Shrinkable Tubing 60.00mm 25mtr.,,,,,85469090,223,Mtr.,25mtr.,14.1,2,
14.33,Rubber Type Heat Shrinkable Tubing,Rubber Type Heat Shrinkable Tubing 70.00mm 25mtr.,,,,,85469090,291,Mtr.,25mtr.,14.33,2,
14.34,Rubber Type Heat Shrinkable Tubing,Rubber Type Heat Shrinkable Tubing 80.00mm 25mtr.,,,,,85469090,321,Mtr.,25mtr.,14.34,2,
14.35,Rubber Type Heat Shrinkable Tubing,Rubber Type Heat Shrinkable Tubing 90.00mm 25mtr.,,,,,85469090,394,Mtr.,25mtr.,14.1,2,
14.36,Rubber Type Heat Shrinkable Tubing,Rubber Type Heat Shrinkable Tubing 100.00mm 25mtr.,,,,,85469090,499,Mtr.,25mtr.,14.1,2,
14.37,Rubber Type Heat Shrinkable Tubing,Rubber Type Heat Shrinkable Tubing 120.00mm 25mtr.,,,,,85469090,657,Mtr.,25mtr.,14.1,2,
14.38,Rubber Type Heat Shrinkable Tubing,Rubber Type Heat Shrinkable Tubing 150.00mm 25mtr.,,,,,85469090,823,Mtr.,25mtr.,14.1,2,
14.39,Rubber Type Heat Shrinkable Tubing,Rubber Type Heat Shrinkable Tubing 180.00mm 25mtr.,,,,,85469090,1138,Mtr.,25mtr.,14.1,2,
15.10,Marking Printing Sleeve / Tubing,MarkingPrintingSleve / Tubing I.D.Size 1.5mm 0.50sqmm,,,,,39173990,338,100m,0.50sqmm,15.1,2,
15.20,Marking Printing Sleeve / Tubing,MarkingPrintingSleve / Tubing 2.0mm 0.75sqmm,,,,,39173990,428,100m,0.75sqmm,15.1,2,
15.30,Marking Printing Sleeve / Tubing,MarkingPrintingSleve / Tubing 2.2mm 1.0sqmm,,,,,39173990,465,100m,1.0sqmm,15.1,2,
15.40,Marking Printing Sleeve / Tubing,MarkingPrintingSleve / Tubing 2.5mm 1.0sqmm,,,,,39173990,510,100m,1.0sqmm,15.4,2,
15.50,Marking Printing Sleeve / Tubing,MarkingPrintingSleve / Tubing 3.0mm 1.5sqmm,,,,,39173990,622,100m,1.5sqmm,15.1,2,
15.60,Marking Printing Sleeve / Tubing,MarkingPrintingSleve / Tubing 3.2mm 1.5sqmm,,,,,39173990,638,100m,1.5sqmm,15.1,2,
15.70,Marking Printing Sleeve / Tubing,MarkingPrintingSleve / Tubing 3.5mm 1.5sqmm,,,,,39173990,675,100m,1.5sqmm,15.1,2,
15.80,Marking Printing Sleeve / Tubing,MarkingPrintingSleve / Tubing .4.0mm 2.5sqmm,,,,,39173990,772,100m,2.5sqmm,15.8,2,
15.90,Marking Printing Sleeve / Tubing,MarkingPrintingSleve / Tubing 4.2mm 2.5sqmm,,,,,39173990,802,100m,2.5sqmm,15.1,2,
15.10,Marking Printing Sleeve / Tubing,MarkingPrintingSleve / Tubing 4.5mm 2.5sqmm,,,,,39173990,840,100m,2.5sqmm,15.1,2,
15.11,Marking Printing Sleeve / Tubing,MarkingPrintingSleve / Tubing 5.0mm 4.0sqmm,,,,,39173990,930,100m,4.0sqmm,15.1,2,
15.12,Marking Printing Sleeve / Tubing,MarkingPrintingSleve / Tubing 5.2mm 4.0sqmm,,,,,39173990,975,100m,4.0sqmm,15.12,2,
15.13,Marking Printing Sleeve / Tubing,MarkingPrintingSleve / Tubing 5.5mm 4.0sqmm,,,,,39173990,1020,100m,4.0sqmm,15.1,2,
15.14,Marking Printing Sleeve / Tubing,MarkingPrintingSleve / Tubing 6.0mm 6.0sqmm,,,,,39173990,1118,100m,6.0sqmm,15.1,2,
15.15,Marking Printing Sleeve / Tubing,MarkingPrintingSleve / Tubing 7.0mm 10.0sqmm,,,,,39173990,1635,100m,10.0sqmm,15.1,2,
15.16,Marking Printing Sleeve / Tubing,MarkingPrintingSleve / Tubing 8.0mm 16.0sqmm,,,,,39173990,1860,100m,16.0sqmm,15.1,2,
15.17,Marking Printing Sleeve / Tubing,MarkingPrintingSleve / Tubing 9.0mm 16.0sqmm,,,,,39173990,2190,100m,16.0sqmm,15.1,2,
15.18,Marking Printing Sleeve / Tubing,MarkingPrintingSleve / Tubing 10.0mm 25.0sqmm,,,,,39173990,1298,100m,25.0sqmm,15.1,2,
15.19,Marking Printing Sleeve / Tubing,MarkingPrintingSleve / Tubing 12.0mm 35.0sqmm,,,,,39173990,1530,100m,35.0sqmm,15.1,2,
16.10,PE SPIRAL WRAPPING TUBE,PE SPIRAL WRAPPING TUBE Size 1/8” (03.00mm),,,,,39172190,160,Coil,50mtr.Coil,,2,
16.20,PE SPIRAL WRAPPING TUBE,¼” (06.40mm),,,,,39173100,200,Coil,25mtr.Coil,,2,
16.30,PE SPIRAL WRAPPING TUBE,3/8” (09.50mm),,,,,39173100,200,Coil,25mtr.Coil,,2,
16.40,PE SPIRAL WRAPPING TUBE,½” (12.70mm),,,,,39173100,300,Coil,25mtr.Coil,,2,
16.50,PE SPIRAL WRAPPING TUBE,5/8” (15.90mm),,,,,39173100,620,Coil,25mtr.Coil,,2,
16.60,PE SPIRAL WRAPPING TUBE,¾” (19.00mm),,,,,39173100,680,Coil,25mtr.Coil,16.6,2,
16.70,PE SPIRAL WRAPPING TUBE,1” (25.40mm),,,,,39173100,920,Coil,25mtr.Coil,,2,
16.80,PE SPIRAL WRAPPING TUBE,1 ¼” (31.75mm),,,,,39173100,2000,Coil,25mtr.Coil,,2,
16.90,PE SPIRAL WRAPPING TUBE,1 ½”(38.00mm),,,,,39173100,2500,Coil,10mtr.Coil,,2,
17.10,PVC Channel Box,PVC Channel Box 15mm x 15mm,,,,,39174000,104,Mtr.,300mtr.,17.1,2,
17.20,PVC Channel Box,PVC Channel Box 25mm x 25mm,,,,,39174000,170,Mtr.,100mtr.,17.1,2,
17.30,PVC Channel Box,PVC Channel Box 30mm x 25mm,,,,,39174000,182,Mtr.,90mtr.,17.1,2,
17.40,PVC Channel Box,PVC Channel Box 40mm x 30mm,,,,,39174000,224,Mtr.,100mtr.,17.1,2,
17.50,PVC Channel Box,PVC Channel Box 45mm x 25mm,,,,,39174000,222,Mtr.,100mtr.,17.1,2,
17.60,PVC Channel Box,PVC Channel Box 45mm x 45mm,,,,,39174000,116,Mtr.,80mtr.,17.1,2,
17.70,PVC Channel Box,PVC Channel Box 45mm x 60mm,,,,,39174000,144,Mtr.,70mtr.,17.1,2,
17.80,PVC Channel Box,PVC Channel Box 60mm x 25mm,,,,,39174000,116,Mtr.,75mtr.,17.1,2,
17.90,PVC Channel Box,PVC Channel Box 60mm x 45mm,,,,,39174000,128,Mtr.,70mtr.,17.1,2,
17.10,PVC Channel Box,PVC Channel Box 60mm x 60mm,,,,,39174000,162,Mtr.,50mtr.,17.1,2,
17.11,PVC Channel Box,PVC Channel Box 75mm x 25mm,,,,,39174000,134,Mtr.,60mtr.,17.11,2,
17.12,PVC Channel Box,PVC Channel Box 75mm x 45mm,,,,,39174000,180,Mtr.,50mtr.,17.1,2,
17.13,PVC Channel Box,PVC Channel Box 75mm x 60mm,,,,,39174000,202,Mtr.,40mtr.,17.1,2,
17.14,PVC Channel Box,PVC Channel Box 75mm x 75mm,,,,,39174000,242,Mtr.,30mtr.,17.1,2,
17.15,PVC Channel Box,PVC Channel Box 80mm x 25mm,,,,,39174000,268,Mtr.,40mtr.,17.1,2,
17.16,PVC Channel Box,PVC Channel Box 80mm x 45mm,,,,,39174000,346,Mtr.,25mtr.,17.1,2,
17.17,PVC Channel Box,PVC Channel Box 80mm x 60mm,,,,,39174000,230,Mtr.,20mtr.,17.1,2,
17.18,PVC Channel Box,PVC Channel Box 100mm x 80mm,,,,,39174000,392,Mtr.,25mtr.,17.1,2,
17.19,PVC Channel Box,PVC Channel Box 100mm x 100mm,,,,,39174000,460,Mtr.,20mtr.,17.1,2,
17.20,PVC Channel Box,PVC Channel Box 150mm x 150mm,,,,,39174000,600,Mtr.,20mtr.,17.1,2,
17.21,PVC Channel Box,PVC Channel Box Fiber Glass Varnished Cable Size,,,,,39174000,14,Mtr.,0.50sqmm,17.1,2,
17.22,PVC Channel Box,PVC Channel Box Size Height x Weight,,,,,85444299,16,Mtr.,0.75sqmm,17.22,2,
17.23,PVC Channel Box,PVC Channel Box Size Height x Weight,,,,,85444299,20,Mtr.,1.00sqmm,17.1,2,
17.24,PVC Channel Box,PVC Channel Box Size Height x Weight,,,,,85444299,22,Mtr.,1.50sqmm,17.24,2,
17.25,PVC Channel Box,PVC Channel Box Size Height x Weight,,,,,85444299,34,Mtr.,2.50sqmm,17.1,2,
17.26,PVC Channel Box,PVC Channel Box Size Height x Weight,,,,,85444299,48,Mtr.,4.00sqmm,17.1,2,
17.27,PVC Channel Box,PVC Channel Box Size Height x Weight,,,,,85444299,70,Mtr.,6.00sqmm,17.27,2,
17.28,PVC Channel Box,PVC Channel Box Size Height x Weight,,,,,85444299,160,Mtr.,10.00sqmm,17.1,2,
17.29,PVC Channel Box,PVC Channel Box Size Height x Weight,,,,,85444299,256,Mtr.,16.00sqmm,17.29,2,
17.30,PVC Channel Box,PVC Channel Box Size Height x Weight,,,,,85444299,400,Mtr.,25.00sqmm,17.1,2,
17.31,PVC Channel Box,PVC Channel Box Size Height x Weight,,,,,85444299,560,Mtr.,35.00sqmm,17.1,2,
17.32,PVC Channel Box,PVC Channel Box Size Height x Weight,,,,,85444299,800,Mtr.,50.00sqmm,17.1,2,
17.33,PVC Channel Box,PVC Channel Box S.S. Mix Fiber Glass Varnished Cable Size,,,,,85444299,46,Mtr.,2.50sqmm,17.1,2,
17.34,PVC Channel Box,PVC Channel Box Size Height x Weight,,,,,85444299,66,Mtr.,4.00sqmm,17.34,2,
17.35,PVC Channel Box,PVC Channel Box Size Height x Weight,,,,,85444299,96,Mtr.,6.00sqmm,17.1,2,
18.10,TEFLON CABLE,TEFLON CABLE 26/7/36 7/0.16 0.15,,,,,85444920,11,Mtr.,0.15,18.1,2,
18.20,TEFLON CABLE,TEFLON CABLE 24/7/32 7/0.20 0.22,,,,,85444920,14,Mtr.,0.22,18.2,2,
18.30,TEFLON CABLE,TEFLON CABLE 24/19/36 19/0.13 0.25,,,,,85444920,16,Mtr.,0.25,18.3,2,
18.40,TEFLON CABLE,TEFLON CABLE 22/19/34 19/0.16 0.40,,,,,85444920,20,Mtr.,0.4,18.1,2,
18.50,TEFLON CABLE,TEFLON CABLE 20/7/28 7/0.32 0.60,,,,,85444920,21,Mtr.,0.6,18.1,2,
18.60,TEFLON CABLE,TEFLON CABLE 20/19/32 19/0.20 0.75,,,,,85444920,25,Mtr.,0.75,18.1,2,
18.70,TEFLON CABLE,TEFLON CABLE 18/19/30 19/0.25 1.00,,,,,85444920,35,Mtr.,1,18.1,2,
18.80,TEFLON CABLE,TEFLON CABLE 16/19/29 19/0.29 1.30,,,,,85444920,42,Mtr.,1.3,18.1,2,
18.90,TEFLON CABLE,TEFLON CABLE 15/19/28 19/0.32 1.50,,,,,85444920,51,Mtr.,1.5,18.1,2,
18.10,TEFLON CABLE,TEFLON CABLE 14/19/27 19/0.36 2.00,,,,,85444920,63,Mtr.,2,18.1,2,
18.11,TEFLON CABLE,TEFLON CABLE 13/19/26 19/0.40 2.50,,,,,85444920,76,Mtr.,2.5,18.1,2,
18.12,TEFLON CABLE,TEFLON CABLE 12/19/25 19/0.45 3.30,,,,,85444920,95,Mtr.,3.3,18.1,2,
18.13,TEFLON CABLE,TEFLON CABLE 11/19/24 19/0.50 4.00,,,,,85444920,114,Mtr.,4,18.1,2,
18.14,TEFLON CABLE,TEFLON CABLE 10/19/22 19/0.65 6.00,,,,,85444920,170,Mtr.,6,18.14,2,
18.15,TEFLON CABLE,TEFLON CABLE 8/133/29 133/0.29 10.00,,,,,85444920,284,Mtr.,10,18.1,2,
18.16,TEFLON CABLE,TEFLON CABLE 6/133/27 133/0.36 16.00,,,,,85444920,454,Mtr.,16,18.1,2,
18.17,TEFLON CABLE,Teflon Shielding Cable 3Core Size 26/7/34 3core/22.0 11.00,,,,,85444920,170,Mtr.,11,18.1,2,
18.18,TEFLON CABLE,TEFLON CABLE 24/7/32 3core/25.0 12.50,,,,,85444920,284,Mtr.,12.5,18.1,2,
18.19,TEFLON CABLE,TEFLON CABLE Tinned Copper Fuse Wire ( 4yd.Reel in Dozen ) .,,,,,85444920,90,Doz.,5amp.,18.1,2,
18.20,TEFLON CABLE,TEFLON CABLE Size Awg mm Sqmm,,,,,74130000,100,Doz.,10amp.,18.1,2,
18.21,TEFLON CABLE,TEFLON CABLE Size Awg mm Sqmm,,,,,74130000,120,Doz.,15amp.,18.1,2,
18.22,TEFLON CABLE,TEFLON CABLE Size Awg mm Sqmm,,,,,74130000,160,Doz.,20amp.,18.1,2,
18.23,TEFLON CABLE,TEFLON CABLE Size Awg mm Sqmm,,,,,74130000,180,Doz.,25amp.,18.23,2,
18.24,TEFLON CABLE,TEFLON CABLE Size Awg mm Sqmm,,,,,74130000,200,Doz.,30amp.,18.1,2,
18.25,TEFLON CABLE,TEFLON CABLE Size Awg mm Sqmm,,,,,74130000,260,Doz.,35amp.,18.25,2,
18.26,TEFLON CABLE,TEFLON CABLE Size Awg mm Sqmm,,,,,74130000,320,Doz.,40amp.,18.26,2,
18.27,TEFLON CABLE,TEFLON CABLE Size Awg mm Sqmm,,,,,74130000,400,Doz.,60amp.,18.1,2,
18.28,TEFLON CABLE,TEFLON CABLE Size Awg mm Sqmm,,,,,74130000,660,Doz.,100amp.,18.1,2,
18.29,TEFLON CABLE,TEFLON CABLE ( 200gm.Reel )12swg to 30swg.,,,,,74130000,2700,Kg.,( 200gm.Reel )12swg to 30swg.,18.29,2,
18.30,TEFLON CABLE,TEFLON CABLE ( 200gm.Reel )33swg to 42swg.,,,,,74130000,3000,Kg.,( 200gm.Reel )33swg to 42swg.,18.1,2,
18.31,TEFLON CABLE,TEFLON CABLE ( 1Kg. Packing ) Any Swg.,,,,,74130000,2600,Kg.,( 1Kg. Packing ) Any Swg.,18.1,2,
18.32,TEFLON CABLE,TEFLON CABLE Insulating Varnish 250 ml.,,,,,74130000,130,Tin,Insulating Varnish 250 ml.,18.1,2,
18.33,TEFLON CABLE,TEFLON CABLE ml.,,,,,32081010,230,Tin,HSN Code-32081010 500 ml.,18.33,2,
18.34,TEFLON CABLE,TEFLON CABLE 1 Liter.,,,,,32081010,570,Tin,1 Liter.,18.1,2,
18.35,TEFLON CABLE,TEFLON CABLE 5 Liters.,,,,,32081010,2800,Tin,5 Liters.,18.1,2,
18.36,TEFLON CABLE,TEFLON CABLE 20 Liters.,,,,,32081010,11000,Tin,20 Liters.,18.1,2,
19.10,Capacitors,Capacitors PVC Square 1.50mfd 440v.,,,,,39173990,40,Pcs.,,19.1,3,
19.20,Capacitors,PVC Square 1.85mfd 440v.,,,,,85322500,40,Pcs.,,19.1,3,
19.30,Capacitors,PVC Square 2.00mfd 440v.,,,,,85322500,40,Pcs.,,19.1,3,
19.40,Capacitors,PVC Square 2.25mfd 440v.,,,,,85322500,40,Pcs.,,19.1,3,
19.50,Capacitors,PVC Square 2.50mfd 440v.,,,,,85322500,40,Pcs.,,19.1,3,
19.60,Capacitors,PVC Round 2.00mfd 440v.,,,,,85322500,50,Pcs.,,19.1,3,
19.70,Capacitors,PVC Round 2.25mfd 440v.,,,,,85322500,50,Pcs.,,19.1,3,
19.80,Capacitors,PVC Round 2.50mfd 440v.,,,,,85322500,50,Pcs.,,19.1,3,
19.90,Capacitors,PVC Round 3.15mfd 440v.,,,,,85322500,58,Pcs.,,19.1,3,
19.10,Capacitors,PVC Round 4.00mfd 440v.,,,,,85322500,70,Pcs.,,19.1,3,
19.11,Capacitors,Water Pump 1/8 HP PVC 6.00mfd 440v.,,,,,85322500,94,Pcs.,,19.1,3,
19.12,Capacitors,Water Pump 1/4 HP PVC 8.00mfd 440v.,,,,,85322500,110,Pcs.,,19.1,3,
19.13,Capacitors,Water Pump 1/2 HP PVC 10.00mfd 440v.,,,,,85322500,120,Pcs.,,19.1,3,
19.14,Capacitors,Water Pump 3/4 HP PVC 12.50mfd 440v.,,,,,85322500,130,Pcs.,,19.1,3,
19.15,Capacitors,Water Pump 1 HP PVC 15.00mfd 440v.,,,,,85322500,150,Pcs.,,19.1,3,
19.16,Capacitors,Pump Jet 3/4 Tone AC PVC 20.00mfd 440v.,,,,,85322500,200,Pcs.,,19.1,3,
19.17,Capacitors,1 Tone AC PVC 25.00mfd 440v.,,,,,85322500,240,Pcs.,,19.1,3,
19.18,Capacitors,1.1/2 Tone AC PVC 30.00mfd 440v.,,,,,85322500,260,Pcs.,,19.1,3,
19.19,Capacitors,2 Tone AC PVC 25.00mfd 440v.,,,,,85322500,240,Pcs.,,19.1,3,
19.20,Capacitors,2 Tone AC PVC 30.00mfd 440v.,,,,,85322500,260,Pcs.,,19.1,3,
19.21,Capacitors,PVC 35.00mfd 440v.,,,,,85322500,280,Pcs.,,19.1,3,
19.22,Capacitors,PVC 40.00mfd 440v.,,,,,85322500,360,Pcs.,,19.1,3,
19.23,Capacitors,PVC 45.00mfd 440v.,,,,,85322500,440,Pcs.,,19.1,3,
19.24,Capacitors,PVC 50.00mfd 440v.,,,,,85322500,500,Pcs.,,19.1,3,
19.25,Capacitors,Washing Machine Videocon 5.3mfd + 2.1mfd.,,,,,85322500,123,Pcs.,,19.1,3,
19.26,Capacitors,Washing Machine BPL 9.5mfd.+ 4mfd.,,,,,85322500,129,Pcs.,,19.1,3,
19.27,Capacitors,Washing Machine Whirl Pool 10mfd + 5mfd.,,,,,85322500,129,Pcs.,,19.1,3,
19.28,Capacitors,Washing Machine Whirl Pool 12mfd + 5mfd.,,,,,85322500,135,Pcs.,,19.1,3,
19.29,Capacitors,Starting Capacitor 1/8 HP Motors 40/60mfd.,,,,,85322500,80,Pcs.,,19.1,3,
19.30,Capacitors,Starting Capacitor 1/4 HP Motors 60/80mfd.,,,,,85322500,90,Pcs.,,19.1,3,
19.31,Capacitors,Starting Capacitor 1/2 HP Motors 80/100mfd.,,,,,85322500,100,Pcs.,,19.1,3,
19.32,Capacitors,Starting Capacitor 3/4 HP Motors 100/120mfd.,,,,,85322500,110,Pcs.,,19.1,3,
19.33,Capacitors,Starting Capacitor 1 HP Motors 120/150mfd.,,,,,85322500,120,Pcs.,,19.1,3,
19.34,Capacitors,Starting Capacitor 3/4 HP Motors 150/200mfd.,,,,,85322500,140,Pcs.,,19.1,3,
19.35,Capacitors,Starting Capacitor 3/4 HP Motors 200/250mfd.,,,,,85322500,160,Pcs.,,19.1,3,
19.36,Capacitors,Starting Capacitor 3/4 HP Motors 250/300mfd.,,,,,85322500,200,Pcs.,,19.1,3,
20.10,Fan Canopy,Starting Capacitor 3/4 HP Motors 300/350mfd.,,,,,85322500,300,Pcs.,,19.37,3,
20.20,Fan Canopy,PVC Capacitor Clamp with Connector Ordinary,,,,,85322500,10,Pcs.,,15.1,3,
20.30,Fan Canopy,PVC Capacitor Clamp with Connector Special,,,,,85322500,16,Pcs.,,19.39,3,
20.40,Fan Canopy,"White ,Brown PVC Canopy",,,,,85322500,40,Pcs.,,15.1,3,
21.10,Cooling Fan & Accessories,CoolingFan Size 3” x 12/24volt,,,,,85322500,300,Pcs.,,,3,
21.20,Cooling Fan & Accessories,Size 3” x 230volt,,,,,85322500,480,Pcs.,,,3,
21.30,Cooling Fan & Accessories,Size 4” x 230volt,,,,,85322500,400,Pcs.,,,3,
21.40,Cooling Fan & Accessories,Size 6” x 230volt,,,,,85322500,900,Pcs.,,19.44,3,
21.50,Cooling Fan & Accessories,Size 8” x 230volt,,,,,85322500,1900,Pcs.,,,3,
21.60,Cooling Fan & Accessories,Cooler Fan Grill / Jalli ( 4 Leg ) Size 3”,,,,,85322500,20,Pcs.,,,3,
21.70,Cooling Fan & Accessories,( 4 Leg ) Size 4”,,,,,84145990,24,Pcs.,,,3,
21.80,Cooling Fan & Accessories,( 2 Leg) ( 4 Leg ) Size 6”,,,,,84145990,50,Pcs.,,19.48,3,
21.90,Cooling Fan & Accessories,( 2 Leg) ( 4 Leg ) Size 8”,,,,,84145990,96,Pcs.,,,3,
22.10,Telephone Products & Accessories,Telephone Products & Accessories Single Line Rosette Box (Small),,,,,85177090,24,Pcs.,,20.1,3,
22.20,Telephone Products & Accessories,Telephone Products & Accessories Double Line Rosette Box (Small),,,,,85177090,30,Pcs.,,20.2,3,
22.30,Telephone Products & Accessories,Telephone Products & Accessories RJ-45-8C Rosette Box,,,,,85177090,70,Pcs.,,20.1,3,
22.40,Telephone Products & Accessories,Telephone Products & Accessories RJ-6 Line Socket Coupler,,,,,85177090,30,Pcs.,,20.1,3,
22.50,Telephone Products & Accessories,Telephone Products & Accessories RJ-6 “T” Adaptor 1Jack to 2 Socket,,,,,85177090,40,Pcs.,,20.1,3,
22.60,Telephone Products & Accessories,Telephone Products & Accessories RJ-45-8C Socket Coupler,,,,,85177090,30,Pcs.,,20.1,3,
22.70,Telephone Products & Accessories,Telephone Products & Accessories RJ-45-8C“T” Adaptor 1Jack to 2 Socket,,,,,85177090,50,Pcs.,,20.1,3,
22.80,Telephone Products & Accessories,Telephone Products & Accessories RJ-45-8C“T”Adaptor 1 Socket to 2 Socket,,,,,85177090,40,Pcs.,,20.1,3,
22.90,Telephone Products & Accessories,Telephone Products & Accessories Single Line 6P2C(RJ-6) Plug/Jack,,,,,85177090,2,Pcs.,,20.1,3,
22.10,Telephone Products & Accessories,Telephone Products & Accessories Double Line 6P4C(RJ-11) Plug/Jack,,,,,85177090,4,Pcs.,,20.1,3,
22.11,Telephone Products & Accessories,Telephone Products & Accessories Receiver Line 6P4C Plug/Jack,,,,,85177090,3,Pcs.,,20.1,3,
22.12,Telephone Products & Accessories,Telephone Products & Accessories Internet RJ-45–8C Plug/Jack,,,,,85177090,10,Pcs.,,20.1,3,
22.13,Telephone Products & Accessories,Telephone Extra Ringer,,,,,85177090,100,Pcs.,,20.1,3,
22.14,Telephone Products & Accessories,Telephone Wire Single Line 100 yd. Bdle.,,,,,85177090,600,Pcs.,,20.1,3,
22.15,Telephone Products & Accessories,Telephone Cord Single Line 1½yd.,,,,,85177090,24,Pcs.,,20.1,3,
22.16,Telephone Products & Accessories,Telephone Cord Single Line 3yd.,,,,,85177090,32,Pcs.,,20.1,3,
22.17,Telephone Products & Accessories,Telephone Cord Single Line 5yd.,,,,,85177090,42,Pcs.,,20.1,3,
22.18,Telephone Products & Accessories,Telephone Wire Double Line 100 yd. Bdle.,,,,,85177090,1200,Pcs.,,20.1,3,
22.19,Telephone Products & Accessories,Telephone Cord Single Line 1½yd.,,,,,85177090,24,Pcs.,,20.1,3,
22.20,Telephone Products & Accessories,Telephone Cord Single Line 3yd.,,,,,85177090,32,Pcs.,,20.2,3,
22.21,Telephone Products & Accessories,Telephone Cord Single Line 5yd.,,,,,85177090,44,Pcs.,,20.1,3,
22.22,Telephone Products & Accessories,Telephone Small Receiver Cord.,,,,,85177090,30,Pcs.,,20.1,3,
22.23,Telephone Products & Accessories,Telephone Big Receiver Cord.,,,,,85177090,40,Pcs.,,20.1,3,
22.24,Telephone Products & Accessories,Telephone Products & Accessories 305mtr Internet/Patch/ CAT 5/6 RJ-45 Line 100yd Bdle.,,,,,85177090,15000,Pcs.,,20.1,3,
22.25,Telephone Products & Accessories,Telephone Products & Accessories Internet/Patch/ CAT 5/6 RJ-45 Cord 2yd.,,,,,85177090,80,Pcs.,,20.1,3,
22.26,Telephone Products & Accessories,Telephone Products & Accessories Internet/Patch/ CAT 5/6 RJ-45 Cord 3yd.,,,,,85177090,120,Pcs.,,20.1,3,
22.27,Telephone Products & Accessories,Telephone Products & Accessories Internet/Patch/ CAT 5/6 RJ-45 Cord 5yd.,,,,,85177090,180,Pcs.,,20.1,3,
22.28,Telephone Products & Accessories,Telephone Products & Accessories Internet/Patch/ CAT 5/6 RJ-45 Cord 10yd.,,,,,85177090,360,Pcs.,,20.1,3,
22.29,Telephone Products & Accessories,"Telephone Products & Accessories 3 in 1 Crimping Tool RJ-6, RJ-11,RJ-12, RJ-45",,,,,85177090,360,Pcs.,,20.1,3,
22.30,Telephone Products & Accessories,Telephone Products & Accessories Plier Crome Tool,,,,,85177090,160,Pcs.,,20.1,3,
22.31,Telephone Products & Accessories,Telephone Products & Accessories Plier Tool Crome Tester Cord,,,,,85177090,140,Pcs.,,20.1,3,
22.32,Telephone Products & Accessories,"Telephone Products & Accessories LAN Cable Tester RJ-6, RJ-11, & RJ-45 Cord",,,,,85177090,360,Pcs.,,20.1,3,
23.10,Industrial Tapes,Teflon White Plumber Tape Size ¾” x 12mtrs. 39209999,,,,,39209999,30,Roll,,21.1,3,
23.20,Industrial Tapes,PVC HeatSealing Non-Adhesive Size 3/4” x 25mtrs. 39211200,,,,,39211200,50,Roll,,21.2,3,
23.30,Industrial Tapes,PVC ‘Wonder’ Adhesive Tape Size 3/4” x 6yd. 39199090,,,,,39199090,12,Roll,,21.3,3,
23.40,Industrial Tapes,PVC Adhesive Tape Size 1” x 25yd. 39199090,,,,,39199090,80,Roll,,21.4,3,
23.50,Industrial Tapes,PVC Adhesive Tape Size 2” x 25yd. 39199090,,,,,39199090,100,Roll,,21.5,3,
23.60,Industrial Tapes,PVC Adhesive Monson Tape Size 2” x 6yd. 39199090,,,,,39199090,60,Roll,,,3,
23.70,Industrial Tapes,PVC ‘STEELGRIP’ Adhesive Tape Size 3/4” x 6mtr. 39199090,,,,,39199090,18,Roll,,,3,
23.80,Industrial Tapes,Fiber Glass Unvarnish Tape Size 5mil. x ½” x 50mtrs. 70193000,,,,,70193000,112,Roll,,,3,
23.90,Industrial Tapes,Size 5mil. x ¾” x 50mtrs. 70193000,,,,,70193000,128,Roll,,,3,
23.10,Industrial Tapes,Size 5mil. x 1” x 50mtrs. 70193000,,,,,70193000,140,Roll,,21.1,3,
23.11,Industrial Tapes,Size 5mil. x 1½” x 50mtrs. 70193000,,,,,70193000,244,Roll,,,3,
23.12,Industrial Tapes,Size 5mil. x 2” x 50mtrs. 70193000,,,,,70193000,290,Roll,,,3,
23.13,Industrial Tapes,Size 7mil. x ½” x 50mtrs. 70193000,,,,,70193000,130,Roll,,,3,
23.14,Industrial Tapes,Size 7mil. x ¾” x 50mtrs. 70193000,,,,,70193000,170,Roll,,,3,
23.15,Industrial Tapes,Size 7mil. x 1” x 50mtrs. 70193000,,,,,70193000,,Roll,,,3,
23.16,Industrial Tapes,Size 7mil. x 1½” x 50mtrs. 70193000,,,,,70193000,320,Roll,,,3,
23.17,Industrial Tapes,Size 7mil x 2” x 50mtrs. 70193000,,,,,70193000,380,Roll,,,3,
23.18,Industrial Tapes,Rubber Submersible Tape 1 Kg. 40050000,,,,,40050000,460,Bdlee,,,3,
23.19,Industrial Tapes,Size ½” x 1mtr. 40050000,,,,,40050000,22,Roll,,,3,
23.20,Industrial Tapes,Size ¾” x 1mtr. 40050000,,,,,40050000,28,Roll,,,3,
23.21,Industrial Tapes,Size 1” x 1mtr. ”S 40050000,,,,,40050000,36,Roll,,21.21,3,
23.22,Industrial Tapes,Size 2” x 1mtr. 40050000,,,,,40050000,72,Roll,,21.22,3,
23.23,Industrial Tapes,Black Cotton Adhesive Electrical Tape 100gms. 59069910,,,,,59069910,60,Roll,,,3,
23.24,Industrial Tapes,TeflonTape Adhesive Size ½” (10mm) x 10mtr. 39199090,,,,,39199090,250,Roll,,,3,
23.25,Industrial Tapes,"3/4""(20mm) x 10mtr. 39199090",,,,,39199090,380,Roll,,,3,
23.26,Industrial Tapes,"1""(25mm) x 10mtr. 39199090",,,,,39199090,500,Roll,,21.26,3,
23.27,Industrial Tapes,"1.5""(40mm) x 10mtr. 39199090",,,,,39199090,780,Roll,,21.27,3,
23.28,Industrial Tapes,"2""(50mm) x 10mtr. 39199090",,,,,39199090,1000,Roll,,,3,
23.29,Industrial Tapes,"3""(75mm) x 10mtr. 39199090",,,,,39199090,1500,Roll,,,3,
23.30,Industrial Tapes,"White NonAdhesive Size 1""(25mm) x 10mtr. 39209949",,,,,39209949,200,Roll,,,3,
23.31,Industrial Tapes,"1.25""(32mm) x 10mtr. 39209949",,,,,39209949,256,Roll,,,3,
23.32,Industrial Tapes,"1.5""(40mm) x 10mtr. 39209949",,,,,39209949,320,Roll,,,3,
23.33,Industrial Tapes,"2""(50mm) x 10mtr. 39209949",,,,,39209949,400,Roll,,21.33,3,
23.34,Industrial Tapes,"2.5""(60mm) x 10mtr. 39209949",,,,,39209949,480,Roll,,,3,
23.35,Industrial Tapes,"3""(75mm) x 10mtr. 39209949",,,,,39209949,600,Roll,,,3,
23.36,Industrial Tapes,"Brown NonAdhesive Size 1""(25mm) x 10mtr. 39209949",,,,,39209949,300,Roll,,,3,
23.37,Industrial Tapes,"1.25""(32mm) x 10mtr. 39209949",,,,,39209949,384,Roll,,,3,
23.38,Industrial Tapes,"1.5""(40mm) x 10mtr. 39209949",,,,,39209949,480,Roll,,,3,
23.39,Industrial Tapes,"2""(50mm) x 10mtr. 39209949",,,,,39209949,600,Roll,,21.39,3,
23.40,Industrial Tapes,"2.5""(60mm) x 10mtr. 39209949",,,,,39209949,720,Roll,,,3,
23.41,Industrial Tapes,"3""(75mm) x 10mtr. 39209949",,,,,39209949,900,Roll,,,3,
23.42,Industrial Tapes,Cotton Tape ‘LOTUS’ Size ½” x 25yd. 58089010,,,,,58089010,60,Roll,,21.42,3,
23.43,Industrial Tapes,Size ¾” x 25yd. 58089010,,,,,58089010,66,Roll,,21.43,3,
23.44,Industrial Tapes,Size 1” x 25yd. 58089010,,,,,58089010,68,Roll,,,3,
23.45,Industrial Tapes,SUPERFINE Cotton Tape Size ½” x 30yd. 58063990,,,,,58063990,72,Roll,,,3,
23.46,Industrial Tapes,Size ¾” x 30yd. 58063990,,,,,58063990,76,Roll,,21.46,3,
23.47,Industrial Tapes,Size 1” x 30yd. 58063990,,,,,58063990,80,Roll,,,3,
23.48,Industrial Tapes,WEBBING Cotton Tape Size 1” x 25mtr. 58063190,,,,,58063190,110,Roll,,21.48,3,
23.49,Industrial Tapes,Size 1 ½” x 25mtr. 58063190,,,,,58063190,180,Roll,,21.49,3,
23.50,Industrial Tapes,Size 2” x 25mtr. 58063190,,,,,58063190,290,Roll,,,3,
24.10,PVC Sealer Automatic Machine & Parts,Machine Size 8”,,,,,84223000,1400,Pcs.,,22.1,3,
24.20,PVC Sealer Automatic Machine & Parts,Machine Size 12”,,,,,84223000,1600,Pcs.,,22.1,3,
24.30,PVC Sealer Automatic Machine & Parts,Machine Size 18”,,,,,84223000,4800,Pcs.,,22.1,3,
24.40,PVC Sealer Automatic Machine & Parts,Machine Size 24”,,,,,84223000,6800,Pcs.,,22.1,3,
24.50,PVC Sealer Automatic Machine & Parts,2 Pc pkt Element Size 8”,,,,,84779000,20,Pkt,,22.5,3,
24.60,PVC Sealer Automatic Machine & Parts,’’ Element Size 12”,,,,,84779000,30,Pkt,,22.6,3,
24.70,PVC Sealer Automatic Machine & Parts,’’ Element Size 18”,,,,,84779000,40,Pkt,,22.7,3,
24.80,PVC Sealer Automatic Machine & Parts,’’ Element Size 24”,,,,,84779000,60,Pkt,,22.1,3,
24.90,PVC Sealer Automatic Machine & Parts,White Teflon Non-Adhesive Tape size 32mm,,,,,84198990,240,Roll,,22.1,3,
24.10,PVC Sealer Automatic Machine & Parts,Brown Teflon Non-Adhesive Tape size 32mm,,,,,84198990,520,Roll,,22.1,3,
24.11,PVC Sealer Automatic Machine & Parts,Adhesive Tape size 10mm,,,,,84198990,240,Roll,,22.1,3,
24.12,PVC Sealer Automatic Machine & Parts,Machine Circuit,,,,,84779000,250,Pcs.,,22.1,3,
24.13,PVC Sealer Automatic Machine & Parts,Rotary Switch,,,,,84779000,30,Pcs.,,22.13,3,
24.14,PVC Sealer Automatic Machine & Parts,Rotary Knob,,,,,84779000,8,Pcs.,,22.14,3,
24.15,PVC Sealer Automatic Machine & Parts,Handle Knob,,,,,84779000,30,Pcs.,,22.1,3,
24.16,PVC Sealer Automatic Machine & Parts,Handle Spring,,,,,84779000,20,Pcs.,,22.16,3,
24.17,PVC Sealer Automatic Machine & Parts,Inside Handle Spring,,,,,84779000,30,Pcs.,,22.1,3,
24.18,PVC Sealer Automatic Machine & Parts,Machine Clip,,,,,84779000,20,Pcs.,,22.1,3,
24.19,PVC Sealer Automatic Machine & Parts,Clip Washer,,,,,84779000,20,Pcs.,,22.19,3,
24.20,PVC Sealer Automatic Machine & Parts,PVC Leg Bush,,,,,84779000,10,Pcs.,,22.2,3,
24.21,PVC Sealer Automatic Machine & Parts,8” Machine Transformer,,,,,85049090,400,Pcs.,,22.21,3,
24.22,PVC Sealer Automatic Machine & Parts,12” Machine Transformer,,,,,85049090,480,Pcs.,,22.1,3,
24.23,PVC Sealer Automatic Machine & Parts,18” Machine Transformer,,,,,85049090,1600,Pcs.,,22.1,3,
24.24,PVC Sealer Automatic Machine & Parts,24” Machine Transformer,,,,,85049090,2400,Pcs.,,22.1,3,
24.25,PVC Sealer Automatic Machine & Parts,8” Machine Rubber For Handle,,,,,84779000,30,Pcs.,,22.25,3,
24.26,PVC Sealer Automatic Machine & Parts,12” Machine Rubber For Handle,,,,,84779000,40,Pcs.,,22.1,3,
24.27,PVC Sealer Automatic Machine & Parts,18” Machine Rubber For Handle,,,,,84779000,90,Pcs.,,22.1,3,
24.28,PVC Sealer Automatic Machine & Parts,24” Machine Rubber For Handle,,,,,84779000,140,Pcs.,,22.28,3,
24.29,PVC Sealer Automatic Machine & Parts,Wooden Patti Procelain Heater 12”,,,,,39269090,160,Pcs.,,22.1,3,
24.30,PVC Sealer Automatic Machine & Parts,Wooden Patti Mica Heater 12”,,,,,39269090,200,Pcs.,,22.3,3,
24.31,PVC Sealer Automatic Machine & Parts,Procelain Heater 12” With 2Pin Cord ”,,,,,39269090,400,Pcs.,,22.1,3,
25.10,Battery & Accessaries,Battery & Accessaries 1.50V Button Cell for Watch SR626SW,,,,,85072000,16,Pcs.,,,4,
25.20,Battery & Accessaries,Battery & Accessaries 1.50V Button Cell for Continuity Tester LR44,,,,,85072000,8,Pcs.,,,4,
25.30,Battery & Accessaries,Battery & Accessaries 1.50V Pencil Cell AA ”Panasonic” Blue,,,,,85072000,20,Pcs.,,23.3,4,
25.40,Battery & Accessaries,Battery & Accessaries 1.50V Pencil Cell AA ”Panasonic”Golden,,,,,85072000,30,Pcs.,,,4,
25.50,Battery & Accessaries,Battery & Accessaries 1.50V Pencil Cell AAA ”Panasonic” Golden,,,,,85072000,30,Pcs.,,23.5,4,
25.60,Battery & Accessaries,Battery & Accessaries 3V.Button Cell CR2032“maxell”,,,,,85072000,14,Pcs.,,23.6,4,
25.70,Battery & Accessaries,Battery & Accessaries 6V Battery “Sunca”,,,,,85072000,600,Pcs.,,23.7,4,
25.80,Battery & Accessaries,"Battery & Accessaries 9V.Battery 6F2M “HIW”,”EIW”",,,,,85072000,28,Pcs.,,23.8,4,
25.90,Battery & Accessaries,Battery & Accessaries 12V Battery for Remote 23E GP,,,,,85072000,30,Pcs.,,23.9,4,
25.10,Battery & Accessaries,Battery & Accessaries 9V Snap for Battery 9volt wire Type,,,,,85072000,10,Pcs.,,,4,
25.11,Battery & Accessaries,Battery & Accessaries 9V Snap for Battery 9volt Nut bolt Type,,,,,85072000,20,Pcs.,,23.11,4,
26.10,"Battery Terminal, Lugs & Clips",Battery Brass Terminal Normal 450gms.,,,,,8536,90,Pcs.,,,4,
26.20,"Battery Terminal, Lugs & Clips",Battery Brass Terminal Medium 700gms.,,,,,8536,130,Pcs.,,,4,
26.30,"Battery Terminal, Lugs & Clips",Battery Brass Terminal Special 900gms.,,,,,8536,170,Pcs.,,,4,
26.40,"Battery Terminal, Lugs & Clips",Battery Brass Lugs 12 U/C,,,,,8536,16,Pcs.,,,4,
26.50,"Battery Terminal, Lugs & Clips",Battery Brass Lugs Small,,,,,8536,20,Pcs.,,,4,
26.60,"Battery Terminal, Lugs & Clips",Battery Brass Lugs Medium,,,,,8536,28,Pcs.,,24.6,4,
26.70,"Battery Terminal, Lugs & Clips",Battery Brass Lugs Heavy,,,,,8536,36,Pcs.,,24.7,4,
26.80,"Battery Terminal, Lugs & Clips","Battery Terminal, Lugs & Clips 2” Small Crocodile M.S. Insulated Clip",,,,,8536,20,Pcs.,,,4,
26.90,"Battery Terminal, Lugs & Clips","Battery Terminal, Lugs & Clips 3” Small Crocodile M.S.Clip",,,,,8536,30,Pcs.,,24.9,4,
26.10,"Battery Terminal, Lugs & Clips","Battery Terminal, Lugs & Clips 3” Small Crocodile S.S. / Copper Clip",,,,,8536,200,Pcs.,,24.1,4,
26.11,"Battery Terminal, Lugs & Clips","Battery Terminal, Lugs & Clips 4” Battery M.S.Clip Ordinary",,,,,8536,30,Pcs.,,24.11,4,
26.12,"Battery Terminal, Lugs & Clips","Battery Terminal, Lugs & Clips 4” Battery M.S. Clip Special",,,,,8536,40,Pcs.,,24.12,4,
26.13,"Battery Terminal, Lugs & Clips","Battery Terminal, Lugs & Clips 4” Battery M.S. Clip Heavy",,,,,8536,60,Pcs.,,,4,
26.14,"Battery Terminal, Lugs & Clips","Battery Terminal, Lugs & Clips 4” Battery Copper / S.S. Clip",,,,,8536,400,Pcs.,,24.14,4,
26.15,"Battery Terminal, Lugs & Clips","Battery Terminal, Lugs & Clips 4” Battery M.S.Fully Insulated Clip",,,,,8536,500,Pcs.,,,4,
26.16,"Battery Terminal, Lugs & Clips","Battery Terminal, Lugs & Clips 4” Battery Insulated add Banana Plug",,,,,8536,400,Pcs.,,24.16,4,
26.17,"Battery Terminal, Lugs & Clips","Battery Terminal, Lugs & Clips 4.5” Battery Insulated add Banana Plug",,,,,8536,440,Pcs.,,,4,
26.18,"Battery Terminal, Lugs & Clips","Battery Terminal, Lugs & Clips 5” Battery M.S. Clip",,,,,8536,500,Pcs.,,,4,
26.19,"Battery Terminal, Lugs & Clips","Battery Terminal, Lugs & Clips 5” Battery M.S. Spring Clip 50amp",,,,,8536,70,Pcs.,,24.19,4,
26.20,"Battery Terminal, Lugs & Clips","Battery Terminal, Lugs & Clips 5” Battery Copper/S.S.Clip Spring 50amp",,,,,8536,600,Pcs.,,,4,
26.21,"Battery Terminal, Lugs & Clips","Battery Terminal, Lugs & Clips 6” Battery Jumbo M,S.Clip",,,,,8536,140,Pcs.,,24.21,4,
26.22,"Battery Terminal, Lugs & Clips","Battery Terminal, Lugs & Clips 6” Battery Jumbo Copper / S.S. Clip",,,,,8536,1200,Pcs.,,24.22,4,
26.23,"Battery Terminal, Lugs & Clips","Battery Terminal, Lugs & Clips 6” Battery Full Insulated Clip",,,,,8536,800,Pcs.,,24.23,4,
26.24,"Battery Terminal, Lugs & Clips","Battery Terminal, Lugs & Clips 7” Earthing M.S. Clip",,,,,8536,360,Pcs.,,,4,
26.25,"Battery Terminal, Lugs & Clips",Battery Clip Cover Red Black,,,,,8536,60,Pcs.,,,4,
26.26,"Battery Terminal, Lugs & Clips","Battery Terminal, Lugs & Clips Screw + Nuts for Choke & Tube Patti",,,,,73181110,60,100p,,,4,
26.27,"Battery Terminal, Lugs & Clips","Battery Terminal, Lugs & Clips for Switch 1/8 x ½”",,,,,73181110,60,100p,,,4,
26.28,"Battery Terminal, Lugs & Clips","Battery Terminal, Lugs & Clips for Switch 1/8 x 5/8”",,,,,73181110,70,100p,,24.28,4,
26.29,"Battery Terminal, Lugs & Clips","Battery Terminal, Lugs & Clips for Switch 1/8 x 1”",,,,,73181110,80,100p,,,4,
26.30,"Battery Terminal, Lugs & Clips","Battery Terminal, Lugs & Clips Screw for Roma Switch 3.5 x 25mm = 1”",,,,,73181110,140,100p,,,4,
26.31,"Battery Terminal, Lugs & Clips","Battery Terminal, Lugs & Clips h 3.5 x 30mm = 1 ¼”",,,,,73181110,160,100p,,,4,
26.32,"Battery Terminal, Lugs & Clips","Battery Terminal, Lugs & Clips h 3.5 x 35mm = 1 ½”",,,,,73181110,160,100p,,24.32,4,
26.33,"Battery Terminal, Lugs & Clips","Battery Terminal, Lugs & Clips h 3.5 x 50mm = 2”",,,,,73181110,200,100p,,,4,
26.34,"Battery Terminal, Lugs & Clips","Battery Terminal, Lugs & Clips h 3.5 x 60mm = 2 ½”",,,,,73181110,240,100p,,24.34,4,
26.35,"Battery Terminal, Lugs & Clips","Battery Terminal, Lugs & Clips h 3.5 x 75mm = 3”",,,,,73181110,280,100p,,,4,
26.36,"Battery Terminal, Lugs & Clips","Battery Terminal, Lugs & Clips White Bearings Grease 50gms.",,,,,27101980,20,Pkt,,,4,
26.37,"Battery Terminal, Lugs & Clips","Battery Terminal, Lugs & Clips h 100gms.",,,,,27101980,36,Pkt,,,4,
26.38,"Battery Terminal, Lugs & Clips","Battery Terminal, Lugs & Clips h 200gms.",,,,,27101980,60,Pkt,,,4,
26.39,"Battery Terminal, Lugs & Clips","Battery Terminal, Lugs & Clips h 500gms.",,,,,27101980,160,Tin,,,4,
26.40,"Battery Terminal, Lugs & Clips","Battery Terminal, Lugs & Clips h 1Kg.",,,,,27101980,300,Tin,,24.4,4,
27.10,Cutter & Blades,Cutter & Blades Big Cutter 9mm,,,,,27101980,20,Pcs.,,,4,
27.20,Cutter & Blades,Cutter & Blades Large Cutter 18mm,,,,,27101980,30,Pcs.,,25.2,4,
27.30,Cutter & Blades,Cutter & Blades Metal Large Cutter 18mm,,,,,27101980,40,Pcs.,,25.3,4,
27.40,Cutter & Blades,Cutter & Blades Jumbo Cutter 25mm,,,,,27101980,60,Pcs.,,,4,
27.50,Cutter & Blades,"Cutter & Blades Mini, Medium, Big Cutter’s Blade",,,,,27101980,4,Pcs.,,25.5,4,
27.60,Cutter & Blades,"Cutter & Blades Large, Jumbo Cutter’s Blade",,,,,27101980,6,Pcs.,,,4,
28.10,Plier Stripper & Cutter,Plier Size 6”,,,,,82032000,120,Pcs.,,26.1,4,
28.20,Plier Stripper & Cutter,Plier Size 8”,,,,,82032000,160,Pcs.,,26.2,4,
28.30,Plier Stripper & Cutter,Plier Stripper & Cutter Nose Plier Size 6”,,,,,82032000,160,Pcs.,,,4,
28.40,Plier Stripper & Cutter,Plier Stripper & Cutter ‘Multitec’ 150B MS Stripper-Cutter,,,,,82032000,80,Pcs.,,,4,
28.50,Plier Stripper & Cutter,Plier Stripper & Cutter ‘Multitec’ 150B SS Stripper-Cutter,,,,,82032000,160,Pcs.,,26.5,4,
28.60,Plier Stripper & Cutter,Plier Stripper & Cutter ‘Multitec’ 68C Stripper-Cutter,,,,,82032000,80,Pcs.,,26.6,4,
28.70,Plier Stripper & Cutter,Plier Stripper & Cutter ‘Multitec’ CC-200 Cutter,,,,,82032000,200,Pcs.,,,4,
28.80,Plier Stripper & Cutter,Plier Stripper & Cutter ‘Multitec’ 012 Cutter,,,,,82032000,200,Pcs.,,26.8,4,
28.90,Plier Stripper & Cutter,Plier Stripper & Cutter ‘Multitec’ 006 Nipper,,,,,82032000,140,Pcs.,,26.9,4,
28.10,Plier Stripper & Cutter,Plier Stripper & Cutter ‘Multitec’ 007 Nipper,,,,,82032000,110,Pcs.,,,4,
28.11,Plier Stripper & Cutter,Plier Stripper & Cutter ‘Multitec’ Nipper & Microshears MT010,,,,,82032000,115,Pcs.,,,4,
28.12,Plier Stripper & Cutter,Plier Stripper & Cutter ‘Multitec’ Self Adjusting Cutter-Stripper,,,,,82032000,430,Pcs.,,26.12,4,
28.13,Plier Stripper & Cutter,Plier Stripper & Cutter ‘Multitec’ 2 in 1 Screw Driver R-6100,,,,,82032000,190,Pcs.,,26.13,4,
28.14,Plier Stripper & Cutter,Plier Stripper & Cutter ‘Multitec’ 2 in 1 Screw Driver R-6150,,,,,82032000,200,Pcs.,,,4,
28.15,Plier Stripper & Cutter,Plier Stripper & Cutter ‘Multitec’ 2 in 1 Screw Driver R-6200,,,,,82032000,220,Pcs.,,,4,
28.16,Plier Stripper & Cutter,Plier Stripper & Cutter ‘Multitec’ 2 in 1 Screw Driver R-6250,,,,,82032000,260,Pcs.,,,4,
29.10,Taparia & Crimping Tools,Side Cutter Plier 1101-6(Eco),,,,,82032000,237,Pcs.,,,4,
29.20,Taparia & Crimping Tools,Side Cutting Plier 1121-6N,,,,,82032000,253,Pcs.,,27.2,4,
29.30,Taparia & Crimping Tools,Combination Pliers 1621-6,,,,,82032000,250,Pcs.,,,4,
29.40,Taparia & Crimping Tools,Combination Pliers 1621-7,,,,,82032000,262,Pcs.,,,4,
29.50,Taparia & Crimping Tools,Combination Pliers 1621-8,,,,,82032000,286,Pcs.,,27.5,4,
29.60,Taparia & Crimping Tools,Mini Long Needle Nose Plier 1408,,,,,82032000,190,Pcs.,,,4,
29.70,Taparia & Crimping Tools,Long Nose Plier 1420-6,,,,,82032000,235,Pcs.,,27.7,4,
29.80,Taparia & Crimping Tools,Long Nose Plier 1420-8,,,,,82032000,310,Pcs.,,,4,
29.90,Taparia & Crimping Tools,Water Pump Plier 1223,,,,,82032000,370,Pcs.,,,4,
29.10,Taparia & Crimping Tools,Wire Strpping Pliers WS06,,,,,82032000,69,Pcs.,,27.1,4,
29.11,Taparia & Crimping Tools,Cable Cutter CC06,,,,,82034090,328,Pcs.,,27.11,4,
29.12,Taparia & Crimping Tools,Cable Cutter CCS-10,,,,,82034090,604,Pcs.,,,4,
29.13,Taparia & Crimping Tools,Screw Drivers Set 802,,,,,82054000,212,Pcs.,,,4,
29.14,Taparia & Crimping Tools,Screw Drivers Set 812,,,,,82054000,257,Pcs.,,,4,
29.15,Taparia & Crimping Tools,Line Testers Yellow 813,,,,,82054000,59,Pcs.,,27.15,4,
29.16,Taparia & Crimping Tools,Line Testers Green 814,,,,,82054000,52,Pcs.,,,4,
29.17,Taparia & Crimping Tools,Line Testers Yellow Industrial 816,,,,,82054000,66,Pcs.,,27.17,4,
29.18,Taparia & Crimping Tools,Line Testers Yellow Industrial 818,,,,,82054000,70,Pcs.,,27.18,4,
29.19,Taparia & Crimping Tools,Insulated Screw Driver 822I,,,,,82054000,48,Pcs.,,,4,
29.20,Taparia & Crimping Tools,Insulated Screw Driver 823I,,,,,82054000,58,Pcs.,,,4,
29.21,Taparia & Crimping Tools,Insulated Screw Driver 824I,,,,,82054000,76,Pcs.,,,4,
29.22,Taparia & Crimping Tools,Insulated Screw Driver 825I,,,,,82054000,80,Pcs.,,,4,
29.23,Taparia & Crimping Tools,Insulated Screw Driver 826I,,,,,82054000,90,Pcs.,,27.23,4,
29.24,Taparia & Crimping Tools,Insulated Screw Driver 833I,,,,,82054000,59,Pcs.,,,4,
29.25,Taparia & Crimping Tools,Insulated Screw Driver 935I,,,,,82054000,61,Pcs.,,27.25,4,
29.26,Taparia & Crimping Tools,Insulated Screw Driver 936I,,,,,82054000,68,Pcs.,,,4,
29.27,Taparia & Crimping Tools,Insulated Screw Driver 937I,,,,,82054000,76,Pcs.,,27.27,4,
29.28,Taparia & Crimping Tools,Insulated Screw Driver 938I,,,,,82054000,77,Pcs.,,,4,
29.29,Taparia & Crimping Tools,Insulated Screw Driver 939I,,,,,82054000,78,Pcs.,,,4,
29.30,Taparia & Crimping Tools,2 in 1 Screw Drivers 803,,,,,82054000,59,Pcs.,,,4,
29.31,Taparia & Crimping Tools,2 in 1 Screw Drivers 804,,,,,82054000,74,Pcs.,,,4,
29.32,Taparia & Crimping Tools,2 in 1 Screw Drivers 805,,,,,82054000,76,Pcs.,,27.32,4,
29.33,Taparia & Crimping Tools,2 in 1 Screw Drivers 810,,,,,82054000,54,Pcs.,,27.33,4,
29.34,Taparia & Crimping Tools,2 in 1 Screw Driver 903,,,,,82054000,98,Pcs.,,,4,
29.35,Taparia & Crimping Tools,2 in 1 Screw Driver 903I,,,,,82054000,104,Pcs.,,,4,
29.36,Taparia & Crimping Tools,2 in 1 Screw Driver 904,,,,,82054000,79,Pcs.,,,4,
29.37,Taparia & Crimping Tools,2 in 1 Screw Driver 904I,,,,,82054000,88,Pcs.,,,4,
29.38,Taparia & Crimping Tools,2 in 1 Screw Driver 905,,,,,82054000,80,Pcs.,,,4,
29.39,Taparia & Crimping Tools,2 in 1 Screw Driver 905I,,,,,82054000,90,Pcs.,,,4,
29.40,Taparia & Crimping Tools,2 in 1 Screw Driver 906,,,,,82054000,145,Pcs.,,,4,
29.41,Taparia & Crimping Tools,2 in 1 Screw Drivers 907,,,,,82054000,84,Pcs.,,27.41,4,
29.42,Taparia & Crimping Tools,2 in 1 Studdy Driver 974,,,,,82054000,86,Pcs.,,,4,
29.43,Taparia & Crimping Tools,Precision Screw Driver PST-6,,,,,82054000,306,Pcs.,,,4,
29.44,Taparia & Crimping Tools,Torx Screw Driver T---5L,,,,,82054000,55,Pcs.,,27.44,4,
29.45,Taparia & Crimping Tools,Torx Screw Driver T---6L,,,,,82054000,59,Pcs.,,,4,
29.46,Taparia & Crimping Tools,Torx Screw Driver T---8L,,,,,82054000,60,Pcs.,,,4,
29.47,Taparia & Crimping Tools,Torx Screw Driver T-10L,,,,,82054000,60,Pcs.,,27.47,4,
29.48,Taparia & Crimping Tools,Torx Screw Driver T-15L,,,,,82054000,80,Pcs.,,,4,
29.49,Taparia & Crimping Tools,Torx Screw Driver T-20L,,,,,82054000,79,Pcs.,,,4,
29.50,Taparia & Crimping Tools,Torx Screw Driver T-25L,,,,,82054000,107,Pcs.,,,4,
29.51,Taparia & Crimping Tools,Torx Screw Driver T-30L,,,,,82054000,107,Pcs.,,,4,
29.52,Taparia & Crimping Tools,Torx Screw Driver T-40L,,,,,82054000,129,Pcs.,,,4,
29.53,Taparia & Crimping Tools,Allen Key Set Black KM9V,,,,,82041120,230,Pcs.,,,4,
29.54,Taparia & Crimping Tools,Utility Knife UK-3,,,,,82119390,250,Pcs.,,27.54,4,
29.55,Taparia & Crimping Tools,Machinist Hammer MH100 B/C,,,,,82052000,154,Pcs.,,,4,
29.56,Taparia & Crimping Tools,Machinist Hammer MH200 B/C,,,,,82052000,209,Pcs.,,27.56,4,
29.57,Taparia & Crimping Tools,125mm Centre Punches 1985,,,,,82034010,65,Pcs.,,,4,
29.58,Taparia & Crimping Tools,150mm Centre Punches 1986,,,,,82034010,85,Pcs.,,27.58,4,
29.59,Taparia & Crimping Tools,Double Ended Spanner Set Dep-8,,,,,82041110,365,Pcs.,,27.59,4,
29.60,Taparia & Crimping Tools,Single side Carbon Steel Hacksaw Blade HBHC-1218,,,,,82029120,12,Pcs.,,,4,
29.61,Taparia & Crimping Tools,Single side Carbon Steel Hacksaw Blade HBHC-1224,,,,,82029120,12,Pcs.,,,4,
29.62,Taparia & Crimping Tools,Double side Carbon Steel Hacksaw Blade HBCD-118,,,,,82029120,23,Pcs.,,,4,
29.63,Taparia & Crimping Tools,Double side Carbon Steel Hacksaw Blade HBCD-124,,,,,82029120,23,Pcs.,,,4,
29.64,Taparia & Crimping Tools,Line Testers Yellow,,,,,82054000,30,Pcs.,,27.64,4,
29.65,Taparia & Crimping Tools,Line Testers Greeno,,,,,82054000,26,Pcs.,,,4,
29.66,Taparia & Crimping Tools,Mini Hackson frame,,,,,82029120,40,Pcs.,,27.66,4,
29.67,Taparia & Crimping Tools,Adjustable Hackson Frame,,,,,82029120,240,Pcs.,,27.67,4,
29.68,Taparia & Crimping Tools,Yellow Box Screw driver Set,,,,,82054000,280,Pcs.,,27.68,4,
29.69,Taparia & Crimping Tools,Jackly 31 in 1 Screwdriver set,,,,,82054000,200,Pcs.,,,4,
29.70,Taparia & Crimping Tools,Jackly 33 in 1 Screwdriver set,,,,,82054000,240,Pcs.,,,4,
29.71,Taparia & Crimping Tools,Jainson Terminal Crimping Tool Virat-6 (0.5 to 6 sqmm),,,,,82032000,780,Pcs.,,27.71,4,
29.72,Taparia & Crimping Tools,JOP-427 (1.5 to 10 sqmm),,,,,82032000,960,Pcs.,,27.72,4,
29.73,Taparia & Crimping Tools,SAMRAT-16 (1.5 to 16 sqmm),,,,,82032000,1030,Pcs.,,27.73,4,
29.74,Taparia & Crimping Tools,"TRISHUL(3 IN 1) (1.5,2.5,4-6 sqmm)",,,,,82032000,1650,Pcs.,,27.74,4,
29.75,Taparia & Crimping Tools,Ferrules CHETAK-6(0.5 to 6 sqmm),,,,,82032000,1650,Pcs.,,27.75,4,
29.76,Taparia & Crimping Tools,CHEKAK-16(10 to16 sqmm),,,,,82032000,1650,Pcs.,,27.76,4,
29.77,Taparia & Crimping Tools,Open Barrel LUVKUSH-6(0.5 to 6 sqmm),,,,,82032000,1850,Pcs.,,,4,
30.10,Kundip Items,Kundip Items K-1=3 Push On/Off Square=Round,,,,,85365090,13,Pcs.,,28.1,5,
30.20,Kundip Items,Kundip Items K-13 Door Switch(Push Off)Square,,,,,85365090,60,Pcs.,,,5,
30.30,Kundip Items,"Kundip Items K-14 Ceramic Fuse(6x25mm)3A,5A,13A,15A",,,,,85361000,7,Pcs.,,,5,
30.40,Kundip Items,Kundip Items K-17 Push On/Off Round,,,,,85365090,13,Pcs.,,,5,
30.50,Kundip Items,"Kundip Items K-20 Circuit Breaker Switch 2A, 5A",,,,,85362030,25,Pcs.,,,5,
30.60,Kundip Items,Kundip Items K-21 Door Switch(Push Off) Round,,,,,85365090,30,Pcs.,,28.6,5,
30.70,Kundip Items,Kundip Items K-21A Door Switch(Push Off) with wire,,,,,85365090,25,Pcs.,,,5,
30.80,Kundip Items,Kundip Items K-22 Door Switch(Push On) Round,,,,,85365090,30,Pcs.,,,5,
30.90,Kundip Items,Kundip Items K-25A 3Pin Univ.6amp 3way Multi Plug,,,,,85361010,48,Pcs.,,,5,
30.10,Kundip Items,Kundip Items K-28 3Pin Univ. Con. 6amp to 6amp Plug,,,,,85361010,38,Pcs.,,,5,
30.11,Kundip Items,Kundip Items K-29 3Pin Univ. Con. 6amp to 16amp Plug,,,,,85361010,44,Pcs.,,28.11,5,
30.12,Kundip Items,Kundip Items K-32 3Pin Univ. 6amp to 6amp Multi Plug,,,,,85361010,50,Pcs.,,,5,
30.13,Kundip Items,Kundip Items K-33 3Pin Univ. 6amp to 16amp Multi Plug,,,,,85361010,75,Pcs.,,,5,
30.14,Kundip Items,Kundip Items K-36 Uni. Travel Adaptor (World Plug),,,,,85361010,105,Pcs.,,,5,
30.15,Kundip Items,Kundip Items K-37 Uni. Travel Adaptor (World Plug)Dual USB,,,,,85361010,285,Pcs.,,,5,
30.16,Kundip Items,Kundip Items K-39 2Pin Male Top 6amp,,,,,85366990,12.5,Pcs.,,28.16,5,
30.17,Kundip Items,Kundip Items K-40 2Pin Male-Female Top 6amp,,,,,85366990,25,Pcs.,,,5,
30.18,Kundip Items,Kundip Items K-41 3Pin Male Top 6amp,,,,,85366990,40,Pcs.,,,5,
30.19,Kundip Items,Kundip Items K-41A 3Pin Male Top 6amp with Fuse,,,,,85366990,61,Pcs.,,,5,
30.20,Kundip Items,Kundip Items K-43 3Pin Male Top 16amp,,,,,85366990,72,Pcs.,,,5,
30.21,Kundip Items,Kundip Items K-44 Mini Light Sensor Switch,,,,,85366990,95,Pcs.,,28.21,5,
30.22,Kundip Items,Kundip Items K-45 Light Sensor Switch,,,,,85366990,110,Pcs.,,,5,
30.23,Kundip Items,Kundip Items K-46 Water Proof Light Sensor Switch,,,,,85366990,215,Pcs.,,,5,
30.24,Kundip Items,Kundip Items K-47 3Pin Flat UK13amp to Univ.Con.Plug,,,,,85361010,58,Pcs.,,,5,
30.25,Kundip Items,Kundip Items K-49 Continuous Piezo Buzzer 3-24V,,,,,85318040,28,Pcs.,,,5,
30.26,Kundip Items,Kundip Items K-49A Continuous Piezo Buzzer 230V,,,,,85318040,32,Pcs.,,28.26,5,
30.27,Kundip Items,Kundip Items K-50 Test Probe Red+Black,,,,,90319000,16,Pcs.,,,5,
30.28,Kundip Items,Kundip Items K-51 Electronic Continuity Tester LED AA Cell,,,,,90318000,38,Pcs.,,,5,
30.29,Kundip Items,Kundip Items K-53 Electronic Continuity Tester(Light & Sound),,,,,90318000,67,Pcs.,,,5,
30.30,Kundip Items,Kundip Items K-54 Electronic Continuity Tester LED AAA Cell,,,,,90318000,36,Pcs.,,,5,
30.31,Kundip Items,Kundip Items K-58 Negative-Positive & Continuity Tester,,,,,90318000,51,Pcs.,,28.31,5,
30.32,Kundip Items,Kundip Items K-59 Electronic Micro Continuity Tester LED,,,,,90318000,36,Pcs.,,,5,
30.33,Kundip Items,Kundip Items K-60 Electronic Mini Continuity Tester LED,,,,,90318000,38,Pcs.,,28.33,5,
30.34,Kundip Items,Kundip Items K-65 AC Voltage Detector(with AAA Cell) Tester,,,,,90318000,180,Pcs.,,,5,
30.35,Kundip Items,Kundip Items K-66 Electronic Voltage Tester(6 to 440V),,,,,90318000,120,Pcs.,,,5,
30.36,Kundip Items,Kundip Items K-68 Digital Light Voltage Tester(12 to 220V),,,,,90318000,58,Pcs.,,28.36,5,
30.37,Kundip Items,Kundip Items K-69 AC Line Fault Detector 230V Socket Tester,,,,,90318000,66,Pcs.,,,5,
30.38,Kundip Items,Kundip Items K-71 AC Voltage Detector(with Button Cell) Tester,,,,,90318000,125,Pcs.,,,5,
30.39,Kundip Items,Kundip Items K-72 Compact Continuity Tester,,,,,90318000,30,Pcs.,,,5,
30.40,Kundip Items,Kundip Items K-73 Mini Continuity Tester(Light & Sound),,,,,90318000,71,Pcs.,,,5,
30.41,Kundip Items,Kundip Items K-74 Step Down(220-110V) 65w Voltage Con.,,,,,85049000,315,Pcs.,,28.41,5,
30.42,Kundip Items,Kundip Items K-76 Step Down(220-110V) 50w Voltage Con.,,,,,85049000,285,Pcs.,,28.42,5,
30.43,Kundip Items,Kundip Items K-77 Step Down(220-110V) 1000w SMPS V. Con.,,,,,85049000,240,Pcs.,,,5,
30.44,Kundip Items,Kundip Items K-78 Step Down(220-110V) 1600w SMPS V. Con.,,,,,85049000,260,Pcs.,,,5,
30.45,Kundip Items,Kundip Items K-81 Step Down(220-110V) 2000w SMPS V. Con.,,,,,85049000,380,Pcs.,,,5,
30.46,Kundip Items,Kundip Items K-82 Step Down(220-110V) 2500w SMPS V. Con.,,,,,85049000,400,Pcs.,,28.46,5,
30.47,Kundip Items,Kundip Items K-86 Step Up (110-220V) 65w Voltage Con.,,,,,85049000,350,Pcs.,,,5,
30.48,Kundip Items,Kundip Items K-90 3Pin Univ. Con. Plug 5amp,,,,,85361010,48,Pcs.,,,5,
30.49,Kundip Items,Kundip Items K-95 2 Flat Pin 110v USA Top,,,,,85361010,20,Pcs.,,,5,
30.50,Kundip Items,Kundip Items K-97 3 Pin 110v USA Top,,,,,85361010,60,Pcs.,,,5,
30.51,Kundip Items,Kundip Items K-98 3 Flat Pin UK 13amp Top,,,,,85361010,55,Pcs.,,28.51,5,
30.52,Kundip Items,Kundip Items K-99 3 Pin (Ch.-Aus.-Nz.)10amp Top,,,,,85361010,60,Pcs.,,,5,
30.53,Kundip Items,Kundip Items K-100 3 Pin (Ch.-Aus.-Nz.) Con. Plug,,,,,85361010,55,Pcs.,,,5,
30.54,Kundip Items,Kundip Items K-102 Step Down(220-110V) 100w V. Con.Metal Box,,,,,85049000,1100,Pcs.,,,5,
30.55,Kundip Items,Kundip Items K-103 Step Down(220-110V) 250w V. Con.Metal Box,,,,,85049000,1400,Pcs.,,,5,
30.56,Kundip Items,Kundip Items K-104 Micro Master Tester with Button Cell,,,,,90318000,42,Pcs.,,28.56,5,
30.57,Kundip Items,Kundip Items K-105 2 Flat Pin 110v USA Con. Plug,,,,,85361010,23,Pcs.,,,5,
30.58,Kundip Items,Kundip Items K-106 2 Round Pin Con. Plug,,,,,85361010,21,Pcs.,,28.58,5,
30.59,Kundip Items,Kundip Items K-107 3 Pin 110v USA Con. Plug,,,,,85361010,55,Pcs.,,,5,
30.60,Kundip Items,Kundip Items K-108 3way Multi Adaptor With Fuse 5amp,,,,,85361010,83,Pcs.,,,5,
30.61,Kundip Items,Kundip Items K-109 3way Multi Adaptor With Fuse 13amp,,,,,85361010,98,Pcs.,,28.61,5,
30.62,Kundip Items,Kundip Items K-110 3way Multi Adaptor With Fuse 15amp,,,,,85361010,95,Pcs.,,,5,
30.63,Kundip Items,Kundip Items K-114 Step Down(220-110V) 500w V. Con.Metal Box,,,,,85049000,2800,Pcs.,,,5,
30.64,Kundip Items,Kundip Items K-115 Step Down(220-110V) 1000w V. Con.Metal Box,,,,,85049000,5000,Pcs.,,,5,
30.65,Kundip Items,Kundip Items K-116 Step Down(220-110V) 2500w V. Con.Metal Box,,,,,85049000,11800,Pcs.,,,5,
30.66,Kundip Items,Kundip Items K-146 3Pin Univ. Con. Plug 5 to15amp,,,,,85361010,53,Pcs.,,28.66,5,
30.67,Kundip Items,Kundip Items K-148 3 Flat Pin UK Univ. Con. Plug 13 to15amp,,,,,85361010,63,Pcs.,,,5,
30.68,Kundip Items,Kundip Items K-150 3Pin Univ. Con. Plug 15 to15amp,,,,,85361010,63,Pcs.,,28.68,5,
30.69,Kundip Items,Kundip Items K-155 Germany Univ Con. Plug 5amp.,,,,,85361010,85,Pcs.,,,5,
30.70,Kundip Items,Kundip Items K-157A Electric Kapoor Dani S.S.,,,,,85167990,80,Pcs.,,,5,
30.71,Kundip Items,Kundip Items K-158A Electric Kapoor Dani Wooden,,,,,85167990,150,Pcs.,,28.71,5,
30.72,Kundip Items,Kundip Items K-159A Electric Dhoop Dani S.S With Bakelite handle,,,,,85167990,180,Pcs.,,,5,
30.73,Kundip Items,Kundip Items K-162 Step Up (110-220V) 50w Voltage Con.,,,,,85049000,310,Pcs.,,,5,
30.74,Kundip Items,Kundip Items K-164 Step Up (110-220V) 500w V.Con.Metal box,,,,,85049000,3000,Pcs.,,,5,
30.75,Kundip Items,Kundip Items K-165 Step Down(220-110V) 1500w V.Con.Metal Box,,,,,85049000,9000,Pcs.,,,5,
30.76,Kundip Items,Kundip Items K-166 Step Down(220-110V) 2000w V.Con.Metal Box,,,,,85049000,10500,Pcs.,,,5,
30.77,Kundip Items,Kundip Items K-168 Step Up (110-220V) 1000w V.Con.Metal box,,,,,85049000,5300,Pcs.,,,5,
31.10,TARA / DHARIA Items,P.V.C. Connector 6 Amp. x 12 Way,,,,,85369090,25,Pcs.,,,6,
31.20,TARA / DHARIA Items,P.V.C. Connector 10 Amp. x 12 Way,,,,,85369090,39,Pcs.,,,6,
31.30,TARA / DHARIA Items,P.V.C. Connector 16 Amp. x 12 Way,,,,,85369090,60,Pcs.,,29.3,6,
31.40,TARA / DHARIA Items,P.V.C. Connector 32 Amp. x 12 Way,,,,,85369090,110,Pcs.,,,6,
31.50,TARA / DHARIA Items,P.V.C. Connector 63 Amp. x 12 Way,,,,,85369090,265,Pcs.,,,6,
31.60,TARA / DHARIA Items,P.V.C. Connector Pushfit 5 amp. x 2 way,,,,,85369090,5,Pcs.,,29.6,6,
31.70,TARA / DHARIA Items,P.V.C. Connector Pushfit 5 amp. x 3 way,,,,,85369090,7,Pcs.,,,6,
31.80,TARA / DHARIA Items,ABS Connector 5 Amp. x 2 Way,,,,,85369090,8,Pcs.,,,6,
31.90,TARA / DHARIA Items,ABS Connector 5 Amp. x 3 Way,,,,,85369090,13,Pcs.,,,6,
31.10,TARA / DHARIA Items,ABS Connector 5 Amp. x 4 Way,,,,,85369090,17,Pcs.,,29.1,6,
31.11,TARA / DHARIA Items,ABS Connector 10 Amp. x 2 Way,,,,,85369090,12,Pcs.,,,6,
31.12,TARA / DHARIA Items,ABS Connector 10 Amp. x 3 Way,,,,,85369090,18,Pcs.,,,6,
31.13,TARA / DHARIA Items,ABS Connector 10 Amp. x 4 Way,,,,,85369090,24,Pcs.,,,6,
31.14,TARA / DHARIA Items,Bakelite Connector 6 Amp. x 12 Way,,,,,85369090,50,Pcs.,,,6,
31.15,TARA / DHARIA Items,Bakelite Connector 10 Amp. x 12 Way,,,,,85369090,63,Pcs.,,,6,
31.16,TARA / DHARIA Items,Bakelite Connector 16 Amp. x 12 Way,,,,,85369090,87,Pcs.,,29.16,6,
31.17,TARA / DHARIA Items,Bakelite Connector 32 Amp. x 12 Way,,,,,85369090,145,Pcs.,,,6,
31.18,TARA / DHARIA Items,Bakelite Connector 63 Amp. x 12 Way,,,,,85369090,330,Pcs.,,,6,
31.19,TARA / DHARIA Items,Bakelite Connector 32 Amp. x 2 Way SHT Type,,,,,85369090,30,Pcs.,,29.19,6,
31.20,TARA / DHARIA Items,Bakelite Connector 32 Amp. x 3 Way SHT Type,,,,,85369090,42,Pcs.,,29.2,6,
31.21,TARA / DHARIA Items,Bakelite Connector 32 Amp. x 4 Way SHT Type,,,,,85369090,54,Pcs.,,,6,
31.22,TARA / DHARIA Items,Bakelite Connector 32 Amp. x 6 Way SHT Type,,,,,85369090,78,Pcs.,,,6,
31.23,TARA / DHARIA Items,Bakelite Connector 60 Amp. x 2 Way SHT Type,,,,,85369090,108,Pcs.,,29.23,6,
31.24,TARA / DHARIA Items,Bakelite Connector 60 Amp. x 3 Way SHT Type,,,,,85369090,150,Pcs.,,29.24,6,
31.25,TARA / DHARIA Items,Bakelite Connector 60 Amp. x 4 Way SHT Type,,,,,85369090,190,Pcs.,,,6,
31.26,TARA / DHARIA Items,Bakelite Connector 60 Amp. x 6 Way SHT Type,,,,,85369090,280,Pcs.,,,6,
31.27,TARA / DHARIA Items,Proceline Connector 6 Amp. x 1 Way,,,,,85369090,10,Pcs.,,,6,
31.28,TARA / DHARIA Items,Proceline Connector 6 Amp. x 2 Way,,,,,85369090,18,Pcs.,,,6,
31.29,TARA / DHARIA Items,Proceline Connector 6 Amp. x 3 Way,,,,,85369090,28,Pcs.,,,6,
31.30,TARA / DHARIA Items,Proceline Connector 6 Amp. x 4 Way,,,,,85369090,36,Pcs.,,,6,
31.31,TARA / DHARIA Items,Proceline Connector 10 Amp. x 2 Way,,,,,85369090,25,Pcs.,,,6,
31.32,TARA / DHARIA Items,Proceline Connector 10 Amp. x 3 Way,,,,,85369090,39,Pcs.,,,6,
31.33,TARA / DHARIA Items,Proceline Connector 10 Amp. x 4 Way,,,,,85369090,56,Pcs.,,,6,
31.34,TARA / DHARIA Items,Proceline Connector 16 Amp. x 2 Way,,,,,85369090,34,Pcs.,,29.34,6,
31.35,TARA / DHARIA Items,Proceline Connector 16 Amp. x 3 Way,,,,,85369090,51,Pcs.,,,6,
31.36,TARA / DHARIA Items,Proceline Connector 16 Amp. x 4 Way,,,,,85369090,68,Pcs.,,,6,
31.37,TARA / DHARIA Items,Proceline Connector 32 Amp. x 2 Way,,,,,85369090,51,Pcs.,,,6,
31.38,TARA / DHARIA Items,Proceline Connector 32 Amp. x 3 Way,,,,,85369090,78,Pcs.,,,6,
31.39,TARA / DHARIA Items,Proceline Connector 32 Amp. x 4 Way,,,,,85369090,102,Pcs.,,,6,
31.40,TARA / DHARIA Items,Proceline Connector 63 Amp. x 2 Way,,,,,85369090,60,Pcs.,,,6,
31.41,TARA / DHARIA Items,Proceline Connector 63 Amp. x 3 Way,,,,,85369090,96,Pcs.,,29.41,6,
31.42,TARA / DHARIA Items,Proceline Connector 63 Amp. x 4 Way,,,,,85369090,128,Pcs.,,,6,
31.43,TARA / DHARIA Items,Proceline Pipe Holder 2 Slot B.C.Type,,,,,85369090,25,Pcs.,,29.43,6,
31.44,TARA / DHARIA Items,Proceline 2 Slot Holder Barrel Type,,,,,85369090,26,Pcs.,,29.44,6,
31.45,TARA / DHARIA Items,Proceline E-14 Holder,,,,,85369090,42,Pcs.,,,6,
31.46,TARA / DHARIA Items,"Proceline E-27 Holder Batten, Japan, Barrel",,,,,85369090,58,Pcs.,,,6,
31.47,TARA / DHARIA Items,Proceline E-27 Pendent Holder,,,,,85369090,60,Pcs.,,29.47,6,
31.48,TARA / DHARIA Items,Proceline E-40 Japan/ Barrel Shirt Holder,,,,,85369090,138,Pcs.,,,6,
31.49,TARA / DHARIA Items,"PVC Rotar Holder Rotex, Urea",,,,,85369090,16,Pcs.,,29.49,6,
31.50,TARA / DHARIA Items,PVC Philips Type Pushfit Rotar Holder,,,,,85369090,12,Pcs.,,29.5,6,
31.51,TARA / DHARIA Items,PVC Bajaj Type Pushfit Rotar Holder,,,,,85369090,10,Pcs.,,29.51,6,
31.52,TARA / DHARIA Items,PVC Round Type Rotar Holder,,,,,85369090,14,Pcs.,,,6,
31.53,TARA / DHARIA Items,PVC T-5 Tube Rotar Pushfit Holder,,,,,85369090,12,Pcs.,,29.53,6,
31.54,TARA / DHARIA Items,PVC T-5 Stand TypeTube Rotar Holder,,,,,85369090,18,Pcs.,,29.54,6,
31.55,TARA / DHARIA Items,PVC T-5+T-8 Tube Rotar Holder,,,,,85369090,10,Pcs.,,29.55,6,
31.56,TARA / DHARIA Items,PVC Pencil Tube Mini Rotar Holder,,,,,85369090,16,Pcs.,,,6,
31.57,TARA / DHARIA Items,PVC Bracket rotary holder Stand Type,,,,,85369090,40,Pcs.,,29.57,6,
31.58,TARA / DHARIA Items,PVC 2 Slot Holder,,,,,85369090,16,Pcs.,,,6,
31.59,TARA / DHARIA Items,PVC PL Holder 9/11watt,,,,,85369090,24,Pcs.,,,6,
31.60,TARA / DHARIA Items,PVC PLC Holder 18watt Square 2Pin,,,,,85369090,28,Pcs.,,,6,
31.61,TARA / DHARIA Items,PVC PLC Holder 18watt Square 4Pin,,,,,85369090,36,Pcs.,,29.61,6,
31.62,TARA / DHARIA Items,PVC PLC Holder 18watt Round 2Pin,,,,,85369090,30,Pcs.,,,6,
31.63,TARA / DHARIA Items,PVC PLC Holder 18watt Round 4Pin,,,,,85369090,40,Pcs.,,,6,
31.64,TARA / DHARIA Items,PVC PL Holder 36watt Push Type,,,,,85369090,30,Pcs.,,,6,
31.65,TARA / DHARIA Items,PVC PL Holder 36watt Screw Type,,,,,85369090,36,Pcs.,,,6,
31.66,TARA / DHARIA Items,PVC Starter Sheet Pushfit Holder,,,,,85369090,8,Pcs.,,,6,
31.67,TARA / DHARIA Items,PVC Starter Sheet Black Holder Old Type,,,,,85369090,7,Pcs.,,29.67,6,
31.68,TARA / DHARIA Items,PVC Starter Sheet Balika Holder,,,,,85369090,16,Pcs.,,,6,
31.69,TARA / DHARIA Items,PVC Slim Patti Tube Rotar Holder Full WireSet,,,,,85369090,6,Pcs.,,29.69,6,
31.70,TARA / DHARIA Items,PVC T-5 U Clip for Fitting,,,,,85369090,4,Pcs.,,,6,
31.71,TARA / DHARIA Items,PVC T-8 U Clip for Fitting,,,,,85369090,5.5,Pcs.,,29.71,6,
31.72,TARA / DHARIA Items,PVC PL 9/11watt U Clip for Fitting,,,,,85369090,5,Pcs.,,,6,
31.73,TARA / DHARIA Items,PVC PL 36watt/ U Clip for Fitting,,,,,85369090,4.5,Pcs.,,,6,
31.74,TARA / DHARIA Items,PVC PL 40watt/ U Clip for Fitting,,,,,85369090,6,Pcs.,,,6,
31.75,TARA / DHARIA Items,S.S. PL 9/11watt Tube Patti Clip,,,,,85369090,4.5,Pcs.,,,6,
31.76,TARA / DHARIA Items,S.S. PL 36watt Tube Patti Clip,,,,,85369090,6,Pcs.,,29.76,6,
31.77,TARA / DHARIA Items,S.S. T-5 / T-8 LED Patti Clip,,,,,85369090,5,Pcs.,,,6,
32.10,Halogen Holders & Nutrilinks,500w Halogen Holder,,,,,85366190,55,Pcs.,,,6,
32.20,Halogen Holders & Nutrilinks,1000w Halogen Holder,,,,,85366190,60,Pcs.,,,6,
32.30,Halogen Holders & Nutrilinks,Adjustable Halogen Holder,,,,,85366190,300,Pcs.,,30.3,6,
32.40,Halogen Holders & Nutrilinks,Halogen Holder with Teflon Wire,,,,,85366190,48,Pcs.,,,6,
32.50,Halogen Holders & Nutrilinks,12/50w Halogen Holder with Silcon Wire,,,,,85366190,42,Pcs.,,,6,
32.60,Halogen Holders & Nutrilinks,B-22 to E-27 PVC Converter,,,,,85366110,29,Pcs.,,30.6,6,
32.70,Halogen Holders & Nutrilinks,B-22 to E-14 PVC Converter,,,,,85366110,30,Pcs.,,30.7,6,
32.80,Halogen Holders & Nutrilinks,E-27 to B-22 Sona Chandi Converter,,,,,85366110,55,Pcs.,,30.8,6,
32.90,Halogen Holders & Nutrilinks,E-14 to B-22 PVC Converter,,,,,85366110,55,Pcs.,,30.9,6,
32.10,Halogen Holders & Nutrilinks,Proceline Nutrulink Size 16 Amp.,,,,,85369090,38,Pcs.,,,6,
32.11,Halogen Holders & Nutrilinks,32 Amp.,,,,,85369090,55,Pcs.,,,6,
32.12,Halogen Holders & Nutrilinks,63 Amp.,,,,,85369090,107,Pcs.,,30.12,6,
32.13,Halogen Holders & Nutrilinks,100 Amp.,,,,,85369090,200,Pcs.,,30.13,6,
32.14,Halogen Holders & Nutrilinks,Proceline Bus Bar Size 8 BM .,,,,,84311090,15,Pcs.,,,6,
32.15,Halogen Holders & Nutrilinks,10 BM .,,,,,84311090,27,Pcs.,,30.15,6,
32.16,Halogen Holders & Nutrilinks,10 BMP,,,,,84311090,54,Pcs.,,30.16,6,
32.17,Halogen Holders & Nutrilinks,10 BML,,,,,84311090,90,Pcs.,,,6,
32.18,Halogen Holders & Nutrilinks,Brass Nutrilink Bar 15amp x 3way to 25way,,,,,85369090,,1way,,,6,
32.19,Halogen Holders & Nutrilinks,30amp x 3way to 25way,,,,,85369090,,1way,,30.19,6,
32.20,Halogen Holders & Nutrilinks,60amp x 3way to 25way,,,,,85369090,,1way,,30.2,6,
32.21,Halogen Holders & Nutrilinks,Bass,,,,,85369090,6,Pcs,,,6,
33.10,Ceramic Sonyee Mony/Beads,Ceramic Sonyee Mony/Beads 1 1.4 3.3 18000,,,,,86542000,960,Kg.,,,6,
33.20,Ceramic Sonyee Mony/Beads,Ceramic Sonyee Mony/Beads 2 1.8 4.2 9400,,,,,86542000,660,Kg.,,,6,
33.30,Ceramic Sonyee Mony/Beads,Ceramic Sonyee Mony/Beads 3 2.3 5.3 5000,,,,,86542000,460,Kg.,,,6,
33.40,Ceramic Sonyee Mony/Beads,Ceramic Sonyee Mony/Beads 4 3.2 7.0 2500,,,,,86542000,300,Kg.,,31.4,6,
33.50,Ceramic Sonyee Mony/Beads,Ceramic Sonyee Mony/Beads 5 3.2 8.5 1250,,,,,86542000,300,Kg.,,,6,
33.60,Ceramic Sonyee Mony/Beads,Ceramic Sonyee Mony/Beads 6 4.0 10.0 800,,,,,86542000,300,Kg.,,,6,
33.70,Ceramic Sonyee Mony/Beads,Ceramic Sonyee Mony/Beads 7 4.5 11.2 500,,,,,86542000,300,Kg.,,31.7,6,
33.80,Ceramic Sonyee Mony/Beads,Ceramic Sonyee Mony/Beads 8 5.5 12.7 400,,,,,86542000,300,Kg.,,,6,
33.90,Ceramic Sonyee Mony/Beads,Ceramic Sonyee Mony/Beads 9 6.0 13.5 350,,,,,86542000,300,Kg.,,,6,
33.10,Ceramic Sonyee Mony/Beads,Ceramic Sonyee Mony/Beads 10 4.5 7.5 2700,,,,,86542000,360,Kg.,,,6,
33.11,Ceramic Sonyee Mony/Beads,Ceramic Sonyee Mony/Beads 11 5.5 8.6 1600,,,,,86542000,360,Kg.,,31.11,6,
33.12,Ceramic Sonyee Mony/Beads,Ceramic Sonyee Mony/Beads 12 6.6 10.2 1200,,,,,86542000,360,Kg.,,,6,
33.13,Ceramic Sonyee Mony/Beads,Ceramic Sonyee Mony/Beads Spring Stove Element Size 500 watt,,,,,85169000,32,Pcs.,,,6,
33.14,Ceramic Sonyee Mony/Beads,Ceramic Sonyee Mony/Beads 750 watt,,,,,85169000,36,Pcs.,,31.14,6,
33.15,Ceramic Sonyee Mony/Beads,Ceramic Sonyee Mony/Beads 1000 watt,,,,,85169000,40,Pcs.,,,6,
33.16,Ceramic Sonyee Mony/Beads,Ceramic Sonyee Mony/Beads 1500 watt,,,,,85169000,44,Pcs.,,,6,
33.17,Ceramic Sonyee Mony/Beads,Ceramic Sonyee Mony/Beads 2000 watt,,,,,85169000,48,Pcs.,,,6,
33.18,Ceramic Sonyee Mony/Beads,Ceramic Sonyee Mony/Beads 3000 watt,,,,,85169000,60,Pcs.,,,6,
33.19,Ceramic Sonyee Mony/Beads,Ceramic Sonyee Mony/Beads Cigarette machine,,,,,85169000,600,Pcs.,,31.19,6,
33.20,Ceramic Sonyee Mony/Beads,Ceramic Sonyee Mony/Beads Cigarette Element,,,,,85169000,20,Pcs.,,31.2,6,
33.21,Ceramic Sonyee Mony/Beads,Ceramic Sonyee Mony/Beads Gas Lighter,,,,,96138090,100,Pcs.,,,6,
33.22,Ceramic Sonyee Mony/Beads,Ceramic Sonyee Mony/Beads “Vikas” 3pin Top 5amp.,,,,,85366910,80,Pcs.,,31.22,6,
33.23,Ceramic Sonyee Mony/Beads,Ceramic Sonyee Mony/Beads “Vikas” 3pin top 15amp.,,,,,85366910,110,Pcs.,,,6,
33.24,Ceramic Sonyee Mony/Beads,Ceramic Sonyee Mony/Beads “Vikas” Iron Connector,,,,,85369090,40,Pcs.,,,6,
33.25,Ceramic Sonyee Mony/Beads,Ceramic Sonyee Mony/Beads “Vikas” Iron Kettle Connector,,,,,85369090,90,Pcs.,,,6,
33.26,Ceramic Sonyee Mony/Beads,Ceramic Sonyee Mony/Beads “Max” 2 Pin Top Male + Female,,,,,85369090,38,Pcs.,,31.26,6,
33.27,Ceramic Sonyee Mony/Beads,Ceramic Sonyee Mony/Beads “Max” 2 Pin Top Male,,,,,85369090,20,Pcs.,,,6,
33.28,Ceramic Sonyee Mony/Beads,Ceramic Sonyee Mony/Beads “Max” 3 Pin Top 5amp.,,,,,85366990,58,Pcs.,,31.28,6,
33.29,Ceramic Sonyee Mony/Beads,Ceramic Sonyee Mony/Beads “Max” 3Pin Top 15amp,,,,,85366990,96,Pcs.,,31.29,6,
33.30,Ceramic Sonyee Mony/Beads,Ceramic Sonyee Mony/Beads “Max” 3Pin Multi Plug,,,,,85366990,68,Pcs.,,,6,
33.31,Ceramic Sonyee Mony/Beads,Ceramic Sonyee Mony/Beads “Max” Fan Regulator box type,,,,,84149030,172,Pcs.,,31.31,6,
33.32,Ceramic Sonyee Mony/Beads,Ceramic Sonyee Mony/Beads “Max” Fan Regulator Surface type,,,,,84149030,126,Pcs.,,,6,
33.33,Ceramic Sonyee Mony/Beads,Ceramic Sonyee Mony/Beads “Max” Flux Box 2 x 4mtr.Sunny,,,,,85369090,260,Pcs.,,31.33,6,
33.34,Ceramic Sonyee Mony/Beads,Ceramic Sonyee Mony/Beads “Max” Flux Box 3 x 4mtr.5amp,,,,,85369090,316,Pcs.,,31.34,6,
33.35,Ceramic Sonyee Mony/Beads,Ceramic Sonyee Mony/Beads “Max” Flux Box 3 x 4mtr.15amp,,,,,85369090,1006,Pcs.,,,6,
33.36,Ceramic Sonyee Mony/Beads,Ceramic Sonyee Mony/Beads “Max” Door Stereo Bell,,,,,85318000,344,Pcs.,,31.36,6,
33.37,Ceramic Sonyee Mony/Beads,Ceramic Sonyee Mony/Beads “Max” Door Smiley Bell,,,,,85318000,198,Pcs.,,31.37,6,
33.38,Ceramic Sonyee Mony/Beads,Ceramic Sonyee Mony/Beads “Max” Mini Bell Indicator,,,,,85318000,192,Pcs.,,31.38,6,
33.39,Ceramic Sonyee Mony/Beads,Ceramic Sonyee Mony/Beads “Max” Signal Bell Indicator,,,,,85318000,250,Pcs.,,31.39,6,
33.40,Ceramic Sonyee Mony/Beads,Ceramic Sonyee Mony/Beads “Max” Industrial Gong Bell 75mm,,,,,85318000,914,Pcs.,,31.4,6,
33.41,Ceramic Sonyee Mony/Beads,Ceramic Sonyee Mony/Beads “Max” Industrial Gong Bell 100mm,,,,,85318000,968,Pcs.,,,6,
33.42,Ceramic Sonyee Mony/Beads,Ceramic Sonyee Mony/Beads “Max” Industrial Gong Bell 150mm,,,,,85318000,1195,Pcs.,,,6,
33.43,Ceramic Sonyee Mony/Beads,Ceramic Sonyee Mony/Beads “Max” Industrial Gong Bell 225mm,,,,,85318000,1658,Pcs.,,31.43,6,
33.44,Ceramic Sonyee Mony/Beads,Ceramic Sonyee Mony/Beads “Max” Industrial Gong Bell 300mm,,,,,85318000,2152,Pcs.,,,6,
33.45,Ceramic Sonyee Mony/Beads,Ceramic Sonyee Mony/Beads “Max” 4+4 Power Strip 1.25 yds.,,,,,85369090,280,Pcs.,,,6,
33.46,Ceramic Sonyee Mony/Beads,Ceramic Sonyee Mony/Beads “Max” 4+4 Power Strip 3 yds.,,,,,85369090,324,Pcs.,,31.46,6,
33.47,Ceramic Sonyee Mony/Beads,Ceramic Sonyee Mony/Beads “Max” 4+4 Power Strip 5 yds.,,,,,85369090,378,Pcs.,,,6,
33.48,Ceramic Sonyee Mony/Beads,Ceramic Sonyee Mony/Beads “Max” 4+1 Power Strip 15amp 2mtr,,,,,85369090,1150,Pcs.,,31.48,6,
33.49,Ceramic Sonyee Mony/Beads,Ceramic Sonyee Mony/Beads “B-Max” 6 + 6 Power Strip 1.5yd,,,,,85369090,360,Pcs.,,,6,
33.50,Ceramic Sonyee Mony/Beads,Ceramic Sonyee Mony/Beads “B-Max” 2 Pin Top Male or Female,,,,,85369090,14,Pcs.,,31.5,6,
33.51,Ceramic Sonyee Mony/Beads,Ceramic Sonyee Mony/Beads “B-Max” 3 Pin Top 5amp,,,,,85369090,36,Pcs.,,,6,
33.52,Ceramic Sonyee Mony/Beads,Ceramic Sonyee Mony/Beads “B-Max” 3Pin Top 15amp,,,,,85369090,70,Pcs.,,,6,
33.53,Ceramic Sonyee Mony/Beads,Ceramic Sonyee Mony/Beads “B-Max” 3Pin Multi Top,,,,,85369090,20,Pcs.,,31.53,6,
33.54,Ceramic Sonyee Mony/Beads,Ceramic Sonyee Mony/Beads “B-Max” 3Pin Convertor 5/5 No Indicator,,,,,85369090,24,Pcs.,,31.54,6,
33.55,Ceramic Sonyee Mony/Beads,Ceramic Sonyee Mony/Beads “B-Max” 3Pin Convertor 5/15 Indicator,,,,,85369090,60,Pcs.,,,6,
34.10,“Soldron” Items,“Soldron” Items Solder Iron 15 watt,,,,,85151100,640,Pcs.,,,7,
34.20,“Soldron” Items,“Soldron” Items Solder Iron 25 watt,,,,,85151100,560,Pcs.,,32.2,7,
34.30,“Soldron” Items,“Soldron” Items Solder Iron 35 watt,,,,,85151100,700,Pcs.,,32.3,7,
34.40,“Soldron” Items,“Soldron” Items Solder Iron 50 watt,,,,,85151100,320,Pcs.,,32.4,7,
34.50,“Soldron” Items,“Soldron” Items Solder Iron 75 watt,,,,,85151100,1500,Pcs.,,32.5,7,
34.60,“Soldron” Items,“Soldron” Items Solder Iron 100 watt,,,,,85151100,1700,Pcs.,,32.6,7,
34.70,“Soldron” Items,“Soldron” Items 15w+30w Variable temp Iron,,,,,85151100,500,Pcs.,,32.7,7,
34.80,“Soldron” Items,“Soldron” Items Solder Gun 25w+50w Iron,,,,,85151100,900,Pcs.,,,7,
34.90,“Soldron” Items,“Soldron” Items Solder Flux and Cleaner 10ml,,,,,85151100,180,Pcs.,,32.9,7,
34.10,“Soldron” Items,“Soldron” Items Solder Element 15 watt,,,,,85151100,420,Pcs.,,32.1,7,
34.11,“Soldron” Items,“Soldron” Items Solder Element 25 watt,,,,,85151100,420,Pcs.,,,7,
34.12,“Soldron” Items,“Soldron” Items Solder Element 35 watt,,,,,85151100,560,Pcs.,,,7,
34.13,“Soldron” Items,“Soldron” Items Solder Element 50 watt,,,,,85151100,620,Pcs.,,32.13,7,
34.14,“Soldron” Items,“Soldron” Items Solder Element 75 watt,,,,,85151100,860,Pcs.,,,7,
34.15,“Soldron” Items,“Soldron” Items Solder Element 100 watt,,,,,85151100,1000,Pcs.,,,7,
34.16,“Soldron” Items,“Soldron” Items Solder Bits 15 watt,,,,,85151100,150,Pcs.,,,7,
34.17,“Soldron” Items,“Soldron” Items Solder Bits 25 watt,,,,,85151100,140,Pcs.,,,7,
34.18,“Soldron” Items,“Soldron” Items Solder Bits 35 watt,,,,,85151100,280,Pcs.,,32.18,7,
34.19,“Soldron” Items,“Soldron” Items Solder Bits 50 watt,,,,,85151100,350,Pcs.,,32.19,7,
34.20,“Soldron” Items,“Soldron” Items Solder Bits 75 watt,,,,,85151100,640,Pcs.,,32.2,7,
34.21,“Soldron” Items,“Soldron” Items Solder Bits 100 watt,,,,,85151100,700,Pcs.,,,7,
34.22,“Soldron” Items,“Soldron” Items Desoldering Pump,,,,,85151100,400,Pcs.,,32.22,7,
34.23,“Soldron” Items,“Soldron” Items Solder Sponge,,,,,85151100,56,Pcs.,,,7,
34.24,“Soldron” Items,“Soldron” Items Deluxe Soldering Stand,,,,,85151100,560,Pcs.,,,7,
34.25,“Soldron” Items,“Soldron” Items Portable Variable Voltage Micro station,,,,,85151100,2400,Pcs.,,32.25,7,
34.26,“Soldron” Items,“Soldron” Items Variable Wattage Micro-Soldering Station,,,,,85151100,2500,Pcs.,,,7,
34.27,“Soldron” Items,“Soldron” Items Soldron 936 Analog Solder Station,,,,,85151100,7800,Pcs.,,32.27,7,
34.28,“Soldron” Items,“Soldron” Items Soldron 938 Digital Solder Station,,,,,85151100,10100,Pcs.,,32.28,7,
34.29,“Soldron” Items,“Soldron” Items Soldron 8898 Soldering Station,,,,,85151100,17600,Pcs.,,,7,
34.30,“Soldron” Items,“Soldron” Items Soldron 878D Soldering Station,,,,,85151100,16500,Pcs.,,32.3,7,
35.10,“RedPlus” “MALA” Soldering Items,“RedPlus” “MALA” Soldering Items Solder Iron 8 watt Leight Weight,,,,,85151100,160,Pcs.,,,7,
35.20,“RedPlus” “MALA” Soldering Items,“RedPlus” “MALA” Soldering Items Solder Iron 15watt Indicator,,,,,85151100,160,Pcs.,,,7,
35.30,“RedPlus” “MALA” Soldering Items,“RedPlus” “MALA” Soldering Items Solder Iron 25 watt Indicator,,,,,85151100,120,Pcs.,,33.3,7,
35.40,“RedPlus” “MALA” Soldering Items,“RedPlus” “MALA” Soldering Items Solder Iron 25 watt medium,,,,,85151100,200,Pcs.,,,7,
35.50,“RedPlus” “MALA” Soldering Items,“RedPlus” “MALA” Soldering Items Solder Iron 25 watt Heavy,,,,,85151100,300,Pcs.,,,7,
35.60,“RedPlus” “MALA” Soldering Items,“RedPlus” “MALA” Soldering Items Solder Iron 35 watt,,,,,85151100,400,Pcs.,,33.6,7,
35.70,“RedPlus” “MALA” Soldering Items,“RedPlus” “MALA” Soldering Items Solder Iron 50 watt,,,,,85151100,420,Pcs.,,33.7,7,
35.80,“RedPlus” “MALA” Soldering Items,“RedPlus” “MALA” Soldering Items Solder Iron 60 watt,,,,,85151100,500,Pcs.,,33.8,7,
35.90,“RedPlus” “MALA” Soldering Items,“RedPlus” “MALA” Soldering Items Solder Iron 125watt,,,,,85151100,600,Pcs.,,,7,
35.10,“RedPlus” “MALA” Soldering Items,“RedPlus” “MALA” Soldering Items Solder Element 15 watt,,,,,85151100,50,Pcs.,,,7,
35.11,“RedPlus” “MALA” Soldering Items,“RedPlus” “MALA” Soldering Items Solder Element 25 watt,,,,,85151100,50,Pcs.,,,7,
35.12,“RedPlus” “MALA” Soldering Items,“RedPlus” “MALA” Soldering Items Solder Element 35 watt,,,,,85151100,100,Pcs.,,33.12,7,
35.13,“RedPlus” “MALA” Soldering Items,“RedPlus” “MALA” Soldering Items Solder Element 50 watt,,,,,85151100,100,Pcs.,,33.13,7,
35.14,“RedPlus” “MALA” Soldering Items,“RedPlus” “MALA” Soldering Items Solder Element 60 watt,,,,,85151100,,Pcs.,,,7,
35.15,“RedPlus” “MALA” Soldering Items,“RedPlus” “MALA” Soldering Items Solder Element 125watt,,,,,85151100,,Pcs.,,,7,
35.16,“RedPlus” “MALA” Soldering Items,“RedPlus” “MALA” Soldering Items Solder Bit 25watt Ord.,,,,,85151100,50,Pcs.,,33.16,7,
35.17,“RedPlus” “MALA” Soldering Items,“RedPlus” “MALA” Soldering Items Solder Bit 25watt Ring,,,,,85151100,60,Pcs.,,,7,
35.18,“RedPlus” “MALA” Soldering Items,“RedPlus” “MALA” Soldering Items Solder Bit 25watt “Soldron” Type,,,,,85151100,90,Pcs.,,,7,
35.19,“RedPlus” “MALA” Soldering Items,“RedPlus” “MALA” Soldering Items Solder Bit 35watt,,,,,85151100,140,Pcs.,,,7,
35.20,“RedPlus” “MALA” Soldering Items,“RedPlus” “MALA” Soldering Items Solder Bit 50watt,,,,,85151100,160,Pcs.,,,7,
35.21,“RedPlus” “MALA” Soldering Items,“RedPlus” “MALA” Soldering Items Solder Bit 60 watt,,,,,85151100,,Pcs.,,33.21,7,
35.22,“RedPlus” “MALA” Soldering Items,“RedPlus” “MALA” Soldering Items Solder Bit 125watt,,,,,85151100,,Pcs.,,,7,
36.10,“Toni” Soldering Items,“Toni” Soldering Items Solder Iron 65 watt,,,,,85151100,230,Pcs.,,,7,
36.20,“Toni” Soldering Items,“Toni” Soldering Items Solder Iron 100watt,,,,,85151100,330,Pcs.,,34.2,7,
36.30,“Toni” Soldering Items,“Toni” Soldering Items Solder Iron 125watt,,,,,85151100,460,Pcs.,,34.3,7,
36.40,“Toni” Soldering Items,“Toni” Soldering Items Solder Iron 240 watt,,,,,85151100,800,Pcs.,,34.4,7,
36.50,“Toni” Soldering Items,“Toni” Soldering Items Solder Iron 350 watt,,,,,85151100,950,Pcs.,,34.5,7,
36.60,“Toni” Soldering Items,“Toni” Soldering Items Solder Iron 500 watt,,,,,85151100,1200,Pcs.,,,7,
36.70,“Toni” Soldering Items,“Toni” Soldering Items Solder Iron 1000 watt,,,,,85151100,2800,Pcs.,,34.7,7,
36.80,“Toni” Soldering Items,“Toni” Soldering Items Solder Element 65 watt,,,,,85151100,40,Pcs.,,34.8,7,
36.90,“Toni” Soldering Items,“Toni” Soldering Items Solder Element 100 watt,,,,,85151100,60,Pcs.,,,7,
36.10,“Toni” Soldering Items,“Toni” Soldering Items Solder Element 125 watt,,,,,85151100,60,Pcs.,,34.1,7,
36.11,“Toni” Soldering Items,“Toni” Soldering Items Solder Element 240 watt,,,,,85151100,240,Pcs.,,,7,
36.12,“Toni” Soldering Items,“Toni” Soldering Items Solder Element 350 watt,,,,,85151100,300,Pcs.,,34.12,7,
36.13,“Toni” Soldering Items,“Toni” Soldering Items Solder Element 500 watt,,,,,85151100,360,Pcs.,,,7,
36.14,“Toni” Soldering Items,“Toni” Soldering Items Solder Element 1000 watt,,,,,85151100,400,Pcs.,,,7,
36.15,“Toni” Soldering Items,“Toni” Soldering Items Solder Bit 65watt,,,,,85151100,40,Pcs.,,34.15,7,
36.16,“Toni” Soldering Items,“Toni” Soldering Items Solder Bit 100watt,,,,,85151100,130,Pcs.,,34.16,7,
36.17,“Toni” Soldering Items,“Toni” Soldering Items Solder Bit 125watt,,,,,85151100,129.8,Pcs.,,,7,
36.18,“Toni” Soldering Items,“Toni” Soldering Items Solder Bit 240watt,,,,,85151100,340,Pcs.,,,7,
36.19,“Toni” Soldering Items,“Toni” Soldering Items Solder Bit 350watt,,,,,85151100,520,Pcs.,,34.19,7,
36.20,“Toni” Soldering Items,“Toni” Soldering Items Solder Bit 500watt,,,,,85151100,550,Pcs.,,,7,
36.21,“Toni” Soldering Items,“Toni” Soldering Items Solder Bit 1000watt,,,,,85151100,1600,Pcs.,,,7,
36.22,“Toni” Soldering Items,“Toni” Soldering Items Solder Pot,,,,,85151100,1600,Pcs.,,34.22,7,
36.23,“Toni” Soldering Items,“Toni” Soldering Items Variable 30w / 40w Iron with 5 Bits,,,,,85151100,500,Pcs.,,34.23,7,
37.10,SOLDER STICK,SOLDER STICK Tin /Lead 40/60,,,,,8001,3600,Kg.,,,7,
37.20,SOLDER STICK,SOLDER STICK Tin /Lead 50/50,,,,,8001,4200,Kg.,,,7,
37.30,SOLDER STICK,SOLDER STICK Tin /Lead 60/40,,,,,8001,5000,Kg.,,,7,
37.40,SOLDER STICK,SOLDER STICK Tin /Lead 80/20,,,,,8001,7000,Kg.,,,7,
38.10,"Joint Solder Wire in 18, 22swg","Joint Solder Wire in 18, 22swg Tin /Lead 60/40 in 500gms box",,,,,83113010,5200,Kg.,,36.1,7,
38.20,"Joint Solder Wire in 18, 22swg","Joint Solder Wire in 18, 22swg Tin /Lead 60/40 in 50gms Packet",,,,,83113010,270,Pkt.,,36.2,7,
38.30,"Joint Solder Wire in 18, 22swg","Joint Solder Wire in 18, 22swg “BT”“Bond”“Lasa”Tin/Lead 60/40 in 500gm",,,,,83113010,5600,Kg.,,,7,
39.10,"“Khosla” Solder Wire in 14,16,18,22swg","“Khosla” Solder Wire in 14,16,18,22swg Tin /Lead 80/20 in 500gm Reel",,,,,83113010,7200,Kg.,,,7,
39.20,"“Khosla” Solder Wire in 14,16,18,22swg","“Khosla” Solder Wire in 14,16,18,22swg Tin /Lead 63/37 in 500gm Reel",,,,,83113010,6000,Kg.,,,7,
39.30,"“Khosla” Solder Wire in 14,16,18,22swg","“Khosla” Solder Wire in 14,16,18,22swg Tin /Lead 60/40 in 500gm Blue Reel",,,,,83113010,4000,Kg.,,37.3,7,
39.40,"“Khosla” Solder Wire in 14,16,18,22swg","“Khosla” Solder Wire in 14,16,18,22swg Tin /Lead 40/60 in 500gm Red Reel",,,,,83113010,3200,Kg.,,,7,
39.50,"“Khosla” Solder Wire in 14,16,18,22swg","“Khosla” Solder Wire in 14,16,18,22swg Tin /Lead 40/60 in 50gm Red Reel",,,,,83113010,200,Kg.,,,7,
39.60,"“Khosla” Solder Wire in 14,16,18,22swg","“Khosla” Solder Wire in 14,16,18,22swg Tin /Lead 40/60 in 30gm Red Reel",,,,,83113010,100,Kg.,,,7,
40.10,"“KUMAR” Solder Wire in 14,16,18,22swg","“KUMAR” Solder Wire in 14,16,18,22swg Tin/Lead 60/40 in 5gms. Packet",,,,,83113010,30,Pkt.,,38.1,7,
40.20,"“KUMAR” Solder Wire in 14,16,18,22swg","“KUMAR” Solder Wire in 14,16,18,22swg Tin/Lead 60/40 in 10gms. Packet",,,,,83113010,60,Pkt.,,,7,
40.30,"“KUMAR” Solder Wire in 14,16,18,22swg","“KUMAR” Solder Wire in 14,16,18,22swg Tin/Lead 60/40 in 30gms. Box",,,,,83113010,140,Box.,,,7,
40.40,"“KUMAR” Solder Wire in 14,16,18,22swg","“KUMAR” Solder Wire in 14,16,18,22swg Tin/Lead 60/40 in 50gms. Reel",,,,,83113010,200,Kg.,,,7,
40.50,"“KUMAR” Solder Wire in 14,16,18,22swg","“KUMAR” Solder Wire in 14,16,18,22swg Tin/Lead 60/40 in 500gms. Reel",,,,,83113010,4000,Kg.,,,7,
40.60,"“KUMAR” Solder Wire in 14,16,18,22swg","“KUMAR” Solder Wire in 14,16,18,22swg Tin/Lead 40/60 in 5gms. Packet",,,,,83113010,16,Pkt.,,38.6,7,
40.70,"“KUMAR” Solder Wire in 14,16,18,22swg","“KUMAR” Solder Wire in 14,16,18,22swg Tin/Lead 40/60 in 10gms. Packet",,,,,83113010,32,Pkt.,,,7,
40.80,"“KUMAR” Solder Wire in 14,16,18,22swg","“KUMAR” Solder Wire in 14,16,18,22swg Tin/Lead 40/60 in 30gms. Box",,,,,83113010,100,Box.,,,7,
40.90,"“KUMAR” Solder Wire in 14,16,18,22swg","“KUMAR” Solder Wire in 14,16,18,22swg Tin/Lead 40/60 in 50gms. Box",,,,,83113010,160,Box.,,,7,
40.10,"“KUMAR” Solder Wire in 14,16,18,22swg","“KUMAR” Solder Wire in 14,16,18,22swg Tin/Lead 40/60 in 500gms. Reel",,,,,83113010,3200,Kg.,,,7,
41.10,Soldering Paste & Liquied,Soldering Paste & Liquied “Frysol” Paste 500gm Tin,,,,,38101090,1400,Can.,,39.1,7,
41.20,Soldering Paste & Liquied,Soldering Paste & Liquied “Adisol” & “Shakti” Paste 500gm Tin,,,,,38101090,500,Can.,,39.2,7,
41.30,Soldering Paste & Liquied,Soldering Paste & Liquied “Eyre No.7.” Aluminum Liquied 100ml. Bottle,,,,,38101090,700,Can.,,,7,
41.40,Soldering Paste & Liquied,Soldering Paste & Liquied “Frysol” Grade “C” Paint 500gm.,,,,,38101090,,Can.,,,7,
41.50,Soldering Paste & Liquied,Soldering Paste & Liquied “QucikFix” Solder Paste Small Tin 15 gms.,,,,,38101090,30,Can.,,,7,
41.60,Soldering Paste & Liquied,Soldering Paste & Liquied “QucikFix” Solder Paste Big Tin 50gms.,,,,,38101090,60,Can.,,39.6,7,
41.70,Soldering Paste & Liquied,Soldering Paste & Liquied “GoodFix” Solder Paste Small Tin 15 gms.,,,,,38101090,500,Can.,,39.7,7,
41.80,Soldering Paste & Liquied,Soldering Liquied 10ml. PVC Tin,,,,,38101090,30,Can.,,,7,
41.90,Soldering Paste & Liquied,Soldering Liquied 250ml. PVC Tin,,,,,38101090,400,Can.,,,7,
41.10,Soldering Paste & Liquied,Soldering Liquied 500ml. PVC Tin,,,,,38101090,750,Can.,,,7,
41.11,Soldering Paste & Liquied,Soldering Liquied 1 Liter PVC Tin / Can,,,,,38101090,1500,Can.,,39.11,7,
41.12,Soldering Paste & Liquied,Soldering Liquied 5 Liter PVC Tin / Can,,,,,38101090,3000,Can.,,,7,
42.10,Solder Pot,Solder Pot Model 11C 50mm Dia.100w,,,,,85151100,1600,Pcs.,,,7,
42.20,Solder Pot,Solder Pot Model 21C 50mm Dia.160w,,,,,85151100,2000,Pcs.,,40.2,7,
42.30,Solder Pot,Solder Pot Model 31C 80mm Dia.280w,,,,,85151100,2400,Pcs.,,,7,
42.40,Solder Pot,Solder Pot Model 41C 100mm Dia.350w,,,,,85151100,2800,Pcs.,,40.4,7,
42.50,Solder Pot,Solder Pot Soldering Micro Station Variable Wattage,,,,,85151100,780,Pcs.,,40.5,7,
42.60,Solder Pot,Solder Pot Goot Solder Iron 35w/40w,,,,,85151100,,Pcs.,,,7,
42.70,Solder Pot,Solder Pot Goot Solder Bit 35w/ 40w,,,,,85151100,,Pcs.,,40.7,7,
42.80,Solder Pot,Solder Pot Goot Desoldering Pump big,,,,,85151100,,Pcs.,,40.8,7,
42.90,Solder Pot,Solder Pot Desoldering Pump small,,,,,85151100,160,Pcs.,,40.9,7,
42.10,Solder Pot,Solder Pot De-Solwix 1mtr.,,,,,85151100,30,Pcs.,,40.1,7,
42.11,Solder Pot,Solder Pot De-Solwix 3mtr.,,,,,85151100,80,Pcs.,,,7,
42.12,Solder Pot,Solder Pot Soldering Stand “Sonal”,,,,,85151100,100,Pcs.,,,7,
43.10,Heat Sink Compound,Heat Sink Compound15gm,,,,,38109090,30,Can.,,,7,
43.20,Heat Sink Compound,Heat Sink Compound 100gm,,,,,38109090,220,Can.,,41.2,7,
43.30,Heat Sink Compound,Heat Sink Compound 500gm,,,,,38109090,1100,Can.,,41.3,7,
43.40,Heat Sink Compound,Heat Sink Compound 1kg,,,,,38109090,2200,Can.,,,7,
44.10,Puller Metal Wire,Puller Wire MS 5mtr.,,,,,73269099,60,Pcs.,,,7,
44.20,Puller Metal Wire,Puller Wire MS 10mtr.,,,,,73269099,80,Pcs.,,,7,
44.30,Puller Metal Wire,Puller Wire MS 15mtr.,,,,,73269099,100,Pcs.,,42.3,7,
44.40,Puller Metal Wire,Puller Wire MS 20mtr.,,,,,73269099,130,Pcs.,,,7,
44.50,Puller Metal Wire,Puller Wire MS 25mtr.,,,,,73269099,160,Pcs.,,,7,
44.60,Puller Metal Wire,Puller Wire MS 30mtr.,,,,,73269099,140,Pcs.,,,7,
44.70,Puller Metal Wire,Puller Wire SS 5mtr.,,,,,73269099,120,Pcs.,,,7,
44.80,Puller Metal Wire,Puller Wire SS 10mtr.,,,,,73269099,170,Pcs.,,,7,
44.90,Puller Metal Wire,Puller Wire SS 15mtr.,,,,,73269099,260,Pcs.,,42.9,7,
44.10,Puller Metal Wire,Puller Wire SS 20mtr.,,,,,73269099,300,Pcs.,,,7,
44.11,Puller Metal Wire,Puller Wire SS 25mtr.,,,,,73269099,350,Pcs.,,,7,
44.12,Puller Metal Wire,Puller Wire SS 30mtr.,,,,,73269099,460,Pcs.,,42.12,7,
44.13,Puller Metal Wire,Puller Metal Wire Coffee Cup Heater,,,,,73269099,130,Pcs.,,,7,
44.14,Puller Metal Wire,Puller Metal Wire Geezer Heater Element 3kv,,,,,73269099,700,Pcs.,,,7,
44.15,Puller Metal Wire,Puller Metal Wire Geezer Heater Element 4.5kv,,,,,73269099,760,Pcs.,,42.15,7,
44.16,Puller Metal Wire,Puller Metal Wire Geezer Thermostat Button / No Button,,,,,73269099,160,Pcs.,,,7,
44.17,Puller Metal Wire,Puller Metal Wire Electric Immersion Water Heater 1000w,,,,,73269099,480,Pcs.,,,7,
44.18,Puller Metal Wire,Puller Metal Wire Electric Immersion Water Heater 1500w,,,,,73269099,500,Pcs.,,42.18,7,
44.19,Puller Metal Wire,Puller Metal Wire Electric Immersion Water Heater 2000w,,,,,73269099,560,Pcs.,,,7,
45.10,Nylon Cable Tie In White & Black Colour,Nylon Cable Tie In White & Black Colour 3”=75 x 1.8,,,,,39269099,20,100Pcs.,,,8,
45.20,Nylon Cable Tie In White & Black Colour,Nylon Cable Tie In White & Black Colour 4”=100 x 1.8,,,,,39269099,20.13,100Pcs.,,,8,
45.30,Nylon Cable Tie In White & Black Colour,Nylon Cable Tie In White & Black Colour 4”=100 x 2.5,,,,,39269099,29.28,100Pcs.,,,8,
45.40,Nylon Cable Tie In White & Black Colour,Nylon Cable Tie In White & Black Colour 4”=100 x 2.5 Marker Tie,,,,,39269099,75,100Pcs.,,43.4,8,
45.50,Nylon Cable Tie In White & Black Colour,Nylon Cable Tie In White & Black Colour 6”=150 x 2.2,,,,,39269099,36.6,100Pcs.,,43.5,8,
45.60,Nylon Cable Tie In White & Black Colour,Nylon Cable Tie In White & Black Colour 6”=150 x 3.0,,,,,39269099,57.33,100Pcs.,,,8,
45.70,Nylon Cable Tie In White & Black Colour,Nylon Cable Tie In White & Black Colour 6”=150 x 3.6,,,,,39269099,73.2,100Pcs.,,,8,
45.80,Nylon Cable Tie In White & Black Colour,Nylon Cable Tie In White & Black Colour 6”=150 x 3.6 Marker Tie,,,,,39269099,,100Pcs.,,,8,
45.90,Nylon Cable Tie In White & Black Colour,Nylon Cable Tie In White & Black Colour 8”=200 x 2.5,,,,,39269099,59.8,100Pcs.,,43.9,8,
45.10,Nylon Cable Tie In White & Black Colour,Nylon Cable Tie In White & Black Colour 8”=200 x 3.6,,,,,39269099,94.5,100Pcs.,,43.1,8,
45.11,Nylon Cable Tie In White & Black Colour,Nylon Cable Tie In White & Black Colour 8”=200 x 4.8,,,,,39269099,136.6,100Pcs.,,43.11,8,
45.12,Nylon Cable Tie In White & Black Colour,Nylon Cable Tie In White & Black Colour 10”=250 x 3.6,,,,,39269099,111.25,100Pcs.,,,8,
45.13,Nylon Cable Tie In White & Black Colour,Nylon Cable Tie In White & Black Colour 10”=250 x 4.8,,,,,39269099,176.9,100Pcs.,,,8,
45.14,Nylon Cable Tie In White & Black Colour,Nylon Cable Tie In White & Black Colour 12”=300 x 3.6,,,,,39269099,145.5,100Pcs.,,,8,
45.15,Nylon Cable Tie In White & Black Colour,Nylon Cable Tie In White & Black Colour 12”=300 x 4.8,,,,,39269099,222.5,100Pcs.,,,8,
45.16,Nylon Cable Tie In White & Black Colour,Nylon Cable Tie In White & Black Colour 12”=300 x 7.6,,,,,39269099,412.5,100Pcs.,,43.16,8,
45.17,Nylon Cable Tie In White & Black Colour,Nylon Cable Tie In White & Black Colour 14”=350 x 4.8,,,,,39269099,267.18,100Pcs.,,43.17,8,
45.18,Nylon Cable Tie In White & Black Colour,Nylon Cable Tie In White & Black Colour 16”=400 x 4.8,,,,,39269099,298.9,100Pcs.,,,8,
45.19,Nylon Cable Tie In White & Black Colour,Nylon Cable Tie In White & Black Colour 18”=400 x 7.6,,,,,39269099,540,100Pcs.,,,8,
45.20,Nylon Cable Tie In White & Black Colour,Nylon Cable Tie In White & Black Colour 18”=450 x 4.8,,,,,39269099,347.5,100Pcs.,,,8,
45.21,Nylon Cable Tie In White & Black Colour,Nylon Cable Tie In White & Black Colour 20”=500 x 4.8,,,,,39269099,387.5,100Pcs.,,,8,
45.22,Nylon Cable Tie In White & Black Colour,Nylon Cable Tie In White & Black Colour 20”=500 x 8.0,,,,,39269099,,100Pcs.,,,8,
45.23,Nylon Cable Tie In White & Black Colour,Nylon Cable Tie In White & Black Colour 22”=550 x 7.6,,,,,39269099,787.5,100Pcs.,,,8,
45.24,Nylon Cable Tie In White & Black Colour,Nylon Cable Tie In White & Black Colour 26”=650 x 7.6,,,,,39269099,776,100Pcs.,,,8,
45.25,Nylon Cable Tie In White & Black Colour,Nylon Cable Tie In White & Black Colour 30”=750 x 7.6,,,,,39269099,,100Pcs.,,,8,
45.26,Nylon Cable Tie In White & Black Colour,Nylon Cable Tie In White & Black Colour 38”=950 x 9.0,,,,,39269099,,100Pcs.,,43.26,8,
45.27,Nylon Cable Tie In White & Black Colour,Nylon Cable Tie In White & Black Colour 40”=1000 x 9.0,,,,,39269099,,100Pcs.,,,8,
45.28,Nylon Cable Tie In White & Black Colour,Nylon Cable Tie In White & Black Colour Adhesive Cable Tie Support Size 12mm x 12mm ( ½” ),,,,,39269099,100,100Pcs.,,,8,
45.29,Nylon Cable Tie In White & Black Colour,Nylon Cable Tie In White & Black Colour 19mm x 19mm ( ¾” ),,,,,39269099,80,100Pcs.,,,8,
45.30,Nylon Cable Tie In White & Black Colour,Nylon Cable Tie In White & Black Colour 25mm x 25mm ( 1” ),,,,,39269099,100,100Pcs.,,43.3,8,
45.31,Nylon Cable Tie In White & Black Colour,Nylon Cable Tie In White & Black Colour 36mm x 36mm ( 1 ½” ),,,,,39269099,360,100Pcs.,,,8,
45.32,Nylon Cable Tie In White & Black Colour,Nylon Cable Tie In White & Black Colour Binding Belt Black / Grey Colour Size 8mm Light,,,,,39269010,28,Roll,,,8,
45.33,Nylon Cable Tie In White & Black Colour,Nylon Cable Tie In White & Black Colour Size12mm Special,,,,,39269010,40,Roll,,,8,
45.34,Nylon Cable Tie In White & Black Colour,Nylon Cable Tie In White & Black Colour Binding Button For Belt Black / Grey Colour Size 8mm,,,,,39269010,70,1000pc Pkt,,,8,
45.35,Nylon Cable Tie In White & Black Colour,Nylon Cable Tie In White & Black Colour Size 12mm,,,,,39269010,70,1000pc Pkt,,43.35,8,
46.10,PVC Ferrules Marking,PVC Ferrules Self-Locking 0.50sqmm 1.0 to 1.5,,,,,85389000,8,100pc Pkt,,44.1,8,
46.20,PVC Ferrules Marking,PVC Ferrules Marking 0.75sqmm 1.8 to 2.2,,,,,85389000,8,100pc Pkt,,,8,
46.30,PVC Ferrules Marking,PVC Ferrules Marking 1.00sqmm 2.2 to 2.7,,,,,85389000,8,100pc Pkt,,,8,
46.40,PVC Ferrules Marking,PVC Ferrules Marking 1.50sqmm 2.7 to 3.2,,,,,85389000,12,100pc Pkt,,,8,
46.50,PVC Ferrules Marking,PVC Ferrules Marking 2.50sqmm 3.2 to 3.7,,,,,85389000,12,100pc Pkt,,,8,
46.60,PVC Ferrules Marking,PVC Ferrules Marking 4.00sqmm 3.7 to 4.5,,,,,85389000,14,100pc Pkt,,,8,
46.70,PVC Ferrules Marking,PVC Ferrules Marking 6.00sqmm 4.5 to 5.5,,,,,85389000,16,100pc Pkt,,,8,
46.80,PVC Ferrules Marking,PVC Ferrules Marking 10.00sqmm 5.5 to 6.2,,,,,85389000,26,100pc Pkt,,,8,
46.90,PVC Ferrules Marking,PVC Ferrules Marking 16.00sqmm 6.2 to 7.5,,,,,85389000,44,100pc Pkt,,,8,
46.10,PVC Ferrules Marking,PVC Ferrules Marking 25.00sqmm 7.5 to 9.5,,,,,85389000,80,100pc Pkt,,,8,
46.11,PVC Ferrules Marking,PVC Ferrules Marking 35.00sqmm 9.5 to 11.0,,,,,85389000,140,100pc Pkt,,,8,
46.12,PVC Ferrules Marking,PVC Ferrules Marking 50.00sqmm 11.0 to 12.7,,,,,85389000,200,100pc Pkt,,,8,
46.13,PVC Ferrules Marking,PVC Ferrules Inter Locking 1.00sqmm 2.2 to 2.7,,,,,85389000,12,100pc Pkt,,,8,
46.14,PVC Ferrules Marking,PVC Ferrules Marking 1.50sqmm 2.7 to 3.2,,,,,85389000,16,100pc Pkt,,,8,
46.15,PVC Ferrules Marking,PVC Ferrules Marking 2.50sqmm 3.2 to 3.7,,,,,85389000,18,100pc Pkt,,,8,
46.16,PVC Ferrules Marking,PVC Ferrules Marking 4.00sqmm 3.7 to 4.5,,,,,85389000,24,100pc Pkt,,,8,
46.17,PVC Ferrules Marking,PVC Ferrules “T” Type Small 1.5sqmm to 2.5sqmm,,,,,85389000,12,100pc Pkt,,,8,
46.18,PVC Ferrules Marking,PVC Ferrules “T” Type Big 4.0sqmm to 6.0sqmm,,,,,85389000,16,100pc Pkt,,,8,
46.19,PVC Ferrules Marking,PVC Round Batten Nail Clip,,,,,39259090,23.66,100Pcs.,,44.19,8,
46.20,PVC Ferrules Marking,PVC Flat Batten Nail Clip,,,,,39259090,23.66,100Pcs.,,,8,
46.21,PVC Ferrules Marking,PVC Oval Batten Nail Clip,,,,,39259090,23.66,100Pcs.,,44.21,8,
46.22,PVC Ferrules Marking,PVC Single Nail Clip Size No. 4mm,,,,,39259090,20.75,100Pcs.,,,8,
46.23,PVC Ferrules Marking,PVC Ferrules Marking No. 5mm,,,,,39259090,23.41,100Pcs.,,,8,
46.24,PVC Ferrules Marking,PVC Ferrules Marking No. 6mm,,,,,39259090,26.3,100Pcs.,,,8,
46.25,PVC Ferrules Marking,PVC Ferrules Marking No. 7mm,,,,,39259090,31.81,100Pcs.,,,8,
46.26,PVC Ferrules Marking,PVC Ferrules Marking No. 8mm,,,,,39259090,38.84,100Pcs.,,44.26,8,
46.27,PVC Ferrules Marking,PVC Ferrules Marking No. 9mm,,,,,39259090,51.82,100Pcs.,,,8,
46.28,PVC Ferrules Marking,PVC Ferrules Marking No.10mm,,,,,39259090,52.02,100Pcs.,,,8,
46.29,PVC Ferrules Marking,PVC Ferrules Marking No.12mm,,,,,39259090,82.02,100Pcs.,,,8,
46.30,PVC Ferrules Marking,PVC Ferrules Marking No.14mm,,,,,39259090,111.91,100Pcs.,,,8,
46.31,PVC Ferrules Marking,PVC Ferrules Marking No.16mm,,,,,39259090,126.86,100Pcs.,,44.31,8,
46.32,PVC Ferrules Marking,PVC Ferrules Marking No.18mm,,,,,39259090,134.9,100Pcs.,,,8,
46.33,PVC Ferrules Marking,PVC Ferrules Marking No.20mm,,,,,39259090,144.1,100Pcs.,,,8,
46.34,PVC Ferrules Marking,PVC Ferrules Marking No.25mm,,,,,39259090,199.29,100Pcs.,,,8,
46.35,PVC Ferrules Marking,PVC Double Nail Clip Size No.20mm,,,,,39259090,154.83,100Pcs.,,,8,
46.36,PVC Ferrules Marking,PVC Ferrules Marking No.25mm,,,,,39259090,212.58,100Pcs.,,,8,
46.37,PVC Ferrules Marking,PVC Ferrules Marking No.32mm,,,,,39259090,302.68,100Pcs.,,44.37,8,
46.38,PVC Ferrules Marking,PVC Ferrules Marking No.40mm,,,,,39259090,205.42,100Pcs.,,,8,
46.39,PVC Ferrules Marking,PVC Ferrules Marking No.50mm,,,,,39259090,285.14,100Pcs.,,,8,
46.40,PVC Ferrules Marking,PVC “ P ” Clip Size 1/8” ( 3 mm),,,,,39269099,30,Pcs.,,,8,
46.41,PVC Ferrules Marking,PVC Ferrules Marking 3/16” ( 4.5mm),,,,,39269099,46,Pcs.,,,8,
46.42,PVC Ferrules Marking,PVC Ferrules Marking No.1=1/4” ( 6 mm),,,,,39269099,54,Pcs.,,,8,
46.43,PVC Ferrules Marking,PVC Ferrules Marking No.2=5/16” ( 7 mm),,,,,39269099,66,Pcs.,,44.43,8,
46.44,PVC Ferrules Marking,PVC Ferrules Marking No.3=3/8” ( 9 mm),,,,,39269099,84,Pcs.,,44.44,8,
46.45,PVC Ferrules Marking,PVC Ferrules Marking No.4=7/16” (10 mm),,,,,39269099,96,Pcs.,,,8,
46.46,PVC Ferrules Marking,PVC Ferrules Marking No.5=1/2” (12 mm),,,,,39269099,114,Pcs.,,44.46,8,
46.47,PVC Ferrules Marking,PVC Ferrules Marking No.5A=5/8” (15 mm),,,,,39269099,136,Pcs.,,44.47,8,
46.48,PVC Ferrules Marking,PVC Ferrules Marking No.6=3/4” (19 mm),,,,,39269099,150,Pcs.,,,8,
46.49,PVC Ferrules Marking,PVC Ferrules Marking No.6A=1” (25 mm),,,,,39269099,210,Pcs.,,,8,
46.50,PVC Ferrules Marking,PVC Ferrules Marking No.7=1.5”(35 mm),,,,,39269099,420,Pcs.,,,8,
46.51,PVC Ferrules Marking,PVC Ferrules Marking Ladder Support Clip,,,,,39269099,360,Pcs.,,,8,
46.52,PVC Ferrules Marking,PVC Ferrules Marking Adjustable(15-25) L 55mm,,,,,39269099,,Pcs.,,44.52,8,
46.53,PVC Ferrules Marking,PVC Ferrules Marking Adjustable(22-30) L110mm,,,,,39269099,,Pcs.,,44.53,8,
46.54,PVC Ferrules Marking,PVC Ferrules Marking Panel Boards Indicators,,,,,85312020,,Pcs.,,,8,
46.55,PVC Ferrules Marking,"PVC Ferrules Marking 22.5mm Indicator x 230volt Red, Green",,,,,39269099,40,Pcs.,,,8,
46.56,PVC Ferrules Marking,"PVC Ferrules Marking 22.5mm Indicator x 230volt Blue, Yellow",,,,,39269099,40,Pcs.,,,8,
46.57,PVC Ferrules Marking,"PVC Ferrules Marking 22.5mm Indicator x 12volt / 24volt Red, Green",,,,,39269099,50,Pcs.,,,8,
46.58,PVC Ferrules Marking,"PVC Ferrules Marking 22.5mm Indicator x 12volt / 24volt Blue, Yellow",,,,,39269099,50,Pcs.,,,8,
46.59,PVC Ferrules Marking,"PVC Ferrules Marking 16 mm Indicator x 230volt Red, Green",,,,,39269099,50,Pcs.,,,8,
46.60,PVC Ferrules Marking,"PVC Ferrules Marking 16 mm Indicator x 230volt Blue, Yellow",,,,,39269099,50,Pcs.,,,8,
46.61,PVC Ferrules Marking,"PVC Ferrules Marking 16 mm Indicator x 12volt / 24volt Red, Green",,,,,39269099,60,Pcs.,,,8,
46.62,PVC Ferrules Marking,"PVC Ferrules Marking 16 mm Indicator x 12volt / 24volt Blue, Yellow",,,,,39269099,60,Pcs.,,,8,
47.10,Bulb & Indicator & LED Resistance,Bulb & Indicator & LED Resistance PVC Mixer Red/Green Neon Indicator,,,,,39269099,8,Pcs.,,,8,
47.20,Bulb & Indicator & LED Resistance,Bulb & Indicator & LED Resistance PVC Mixer Red + Green Dual LED Indicator,,,,,39269099,12,Pcs.,,,8,
47.30,Bulb & Indicator & LED Resistance,Bulb & Indicator & LED Resistance Metal Brass Red / Orange Neon Indicator 10mm,,,,,39269099,30,Pcs.,,45.3,8,
47.40,Bulb & Indicator & LED Resistance,Bulb & Indicator & LED Resistance Metal Brass Blue Neon Indicator 10mm,,,,,39269099,32,Pcs.,,,8,
47.50,Bulb & Indicator & LED Resistance,Bulb & Indicator & LED Resistance 10mm Jewel Light Neon lamp x 230volt,,,,,39269099,30,Pcs.,,,8,
47.60,Bulb & Indicator & LED Resistance,Bulb & Indicator & LED Resistance 10mm Jewel Light LED lamp x 230volt / 12volt / 24volt,,,,,39269099,32,Pcs.,,,8,
47.70,Bulb & Indicator & LED Resistance,Bulb & Indicator & LED Resistance 16mm Jewel light Neon lamp x 230volt,,,,,39269099,180,Pcs.,,,8,
47.80,Bulb & Indicator & LED Resistance,Bulb & Indicator & LED Resistance 12mm PVC Indicator for Geyser,,,,,39269099,30,Pcs.,,,8,
47.90,Bulb & Indicator & LED Resistance,Bulb & Indicator & LED Resistance Neon + Resistance + A.S.Sleeves / F.G.Sleeves Ind.,,,,,39269099,5,Pcs.,,,8,
47.10,Bulb & Indicator & LED Resistance,Bulb & Indicator & LED Resistance Neon + Resistance + Long Wire Ind. RED,,,,,39269099,10,Pcs.,,,8,
47.11,Bulb & Indicator & LED Resistance,Bulb & Indicator & LED Resistance Neon + Resistance + Long Wire Ind. GREEN,,,,,39269099,12,Pcs.,,,8,
47.12,Bulb & Indicator & LED Resistance,Bulb & Indicator & LED Resistance Imported Neon Red Blub13/16mm,,,,,39269099,2.4,Pcs.,,,8,
47.13,Bulb & Indicator & LED Resistance,Bulb & Indicator & LED Resistance Imported Neon Green Blub13/16mm,,,,,39269099,4,Pcs.,,,8,
47.14,Bulb & Indicator & LED Resistance,"Bulb & Indicator & LED Resistance ¼W Resistance 68K,100K,470k,1M",,,,,39269099,0.3,Pcs.,,,8,
47.15,Bulb & Indicator & LED Resistance,Bulb & Indicator & LED Resistance Jewel Indicator 12mm with LED 12volt /24 volt,,,,,39269099,50,Pcs.,,,8,
47.16,Bulb & Indicator & LED Resistance,"Bulb & Indicator & LED Resistance 5mm Red , Green , Yellow Colour LED Lamp",,,,,39269099,1.6,Pcs.,,,8,
47.17,Bulb & Indicator & LED Resistance,"Bulb & Indicator & LED Resistance 5mm White , Blue Colour LED Lamp",,,,,39269099,2,Pcs.,,,8,
47.18,Bulb & Indicator & LED Resistance,Bulb & Indicator & LED Resistance 5mm Red+Blue / Red+Green / Multi Colour LED Lamp,,,,,39269099,3,Pcs.,,,8,
47.19,Bulb & Indicator & LED Resistance,"Bulb & Indicator & LED Resistance 8mm Red,Yellow,Green,Blue,White Colour LED Lamp",,,,,39269099,4,Pcs.,,45.19,8,
48.10,Glass & Ceramics Fuses,Glass Fuses Imported Small 20mm,,,,,39269099,1.4,Pcs.,,46.1,8,
48.20,Glass & Ceramics Fuses,Glass Fuses Imported Big 30mm,,,,,39269099,2,Pcs.,,46.1,8,
48.30,Glass & Ceramics Fuses,"Glass Fuses “Unity” , ’ECONOMIC’ Small 20mm",,,,,39269099,4,Pcs.,,46.1,8,
48.40,Glass & Ceramics Fuses,"Glass Fuses “Unity” , ‘ECONOMIC’ Big 30mm",,,,,39269099,5,Pcs.,,46.1,8,
48.50,Glass & Ceramics Fuses,Glass & Ceramics Fuses Ceramics Fuses Small 20mm,,,,,39269099,50,Pcs.,,46.1,8,
48.60,Glass & Ceramics Fuses,Glass & Ceramics Fuses Ceramics Fuses Big 25mm,,,,,39269099,90,Pcs.,,46.1,8,
48.70,Glass & Ceramics Fuses,Glass & Ceramics Fuses Auto Blade Fuses,,,,,39269099,10,Pcs.,,46.1,8,
49.10,Push Button Switch & Box,Push Button Switch & Box Metal Box ON /OFF 10Amp. Push Button Switch,,,,,39269099,,Pcs.,,,8,
49.20,Push Button Switch & Box,Push Button Switch & Box Metal Box ON /OFF 15Amp. Push Button Switch,,,,,39269099,,Pcs.,,47.2,8,
49.30,Push Button Switch & Box,Push Button Switch & Box Metal Box ON /OFF 30Amp. Push Button Switch,,,,,39269099,,Pcs.,,47.3,8,
49.40,Push Button Switch & Box,Push Button Switch & Box PVC Push Button Switch Empty Control Way,,,,,39269099,100,Pcs.,,47.4,8,
49.50,Push Button Switch & Box,Push Button Switch & Box PVC Push Button Switch Empty Box Two Way,,,,,39269099,120,Pcs.,,,8,
49.60,Push Button Switch & Box,Push Button Switch & Box PVC Push Button Switch Empty Box Three Way,,,,,39269099,140,Pcs.,,,8,
49.70,Push Button Switch & Box,Push Button Switch & Box Pedal Foot Switch FS-1 Plastic,,,,,39269099,,Pcs.,,47.7,8,
49.80,Push Button Switch & Box,Push Button Switch & Box Pedal Foot Switch FS-1 Iron,,,,,39269099,,Pcs.,,,8,
49.90,Push Button Switch & Box,Push Button Switch & Box Pedal Foot Switch FS-2 Iron,,,,,39269099,,Pcs.,,,8,
49.10,Push Button Switch & Box,Push Button Switch & Box Pedal Foot Switch FS-3 Iron,,,,,39269099,,Pcs.,,,8,
49.11,Push Button Switch & Box,Push Button Switch & Box Clamp Meter/Tong Tester 266,,,,,39269099,600,Pcs.,,47.11,8,
49.12,Push Button Switch & Box,Push Button Switch & Box Digital Multi Meter ‘Unity’830D,,,,,39269099,250,Pcs.,,,8,
49.13,Push Button Switch & Box,Push Button Switch & Box Glue Gun 40watt,,,,,84242000,240,Pcs.,,,8,
49.14,Push Button Switch & Box,Push Button Switch & Box Glue Gun 60watt,,,,,84242000,280,Pcs.,,,8,
49.15,Push Button Switch & Box,Push Button Switch & Box Glue Stick Thin,,,,,84242000,10,Pcs.,,47.15,8,
49.16,Push Button Switch & Box,Push Button Switch & Box Glue Stick Thick,,,,,84242000,16,Pcs.,,,8,
49.17,Push Button Switch & Box,Push Button Switch & Box Mantra Small 22 in 1,,,,,84716090,200,Pcs.,,47.17,8,
49.18,Push Button Switch & Box,Push Button Switch & Box Mantra Big 22 in 1,,,,,84716090,360,Pcs.,,47.18,8,
49.19,Push Button Switch & Box,Push Button Switch & Box Mantra Door Bell,,,,,84716090,220,Pcs.,,,8,
49.20,Push Button Switch & Box,Push Button Switch & Box Mantra of Special of hanuman Arati,,,,,84716090,700,Pcs.,,,8,
49.21,Push Button Switch & Box,Push Button Switch & Box Blub Aluminum Shade 4”,,,,,94059900,110,Pcs.,,,8,
49.22,Push Button Switch & Box,Push Button Switch & Box Blub Aluminum Shade 6”,,,,,94059900,130,Pcs.,,,8,
49.23,Push Button Switch & Box,Push Button Switch & Box Blub Aluminum Shade 8”,,,,,94059900,150,Pcs.,,47.23,8,
49.24,Push Button Switch & Box,Push Button Switch & Box Blub Aluminum Shade 10”,,,,,94059900,180,Pcs.,,,8,
49.25,Push Button Switch & Box,Push Button Switch & Box Blub Aluminum Shade 12”,,,,,94059900,200,Pcs.,,,8,
49.26,Push Button Switch & Box,Push Button Switch & Box AX 46 2Pin Main Cord x 2yd,,,,,39259090,,Pcs.,,,9,
49.27,Push Button Switch & Box,Push Button Switch & Box AX 46A 2Pin Main Cord x 3yd,,,,,39259090,,Pcs.,,,9,
49.28,Push Button Switch & Box,Push Button Switch & Box AX 47 2Pin Main Cord Deluxe x 2yd,,,,,39259090,,Pcs.,,47.28,9,
49.29,Push Button Switch & Box,Push Button Switch & Box AX 47A 2Pin Main Cord Deluxe x 3yd,,,,,39259090,,Pcs.,,,9,
49.30,Push Button Switch & Box,Push Button Switch & Box AX 49 2Pin Main Cord Ext. x 2yd,,,,,39259090,,Pcs.,,47.3,9,
49.31,Push Button Switch & Box,Push Button Switch & Box AX 49A 2Pin Main Cord Ext. x 3yd,,,,,39259090,,Pcs.,,,9,
49.32,Push Button Switch & Box,Push Button Switch & Box AX 49B 2Pin Main Cord Ext. x 5yd,,,,,39259090,,Pcs.,,47.32,9,
49.33,Push Button Switch & Box,Push Button Switch & Box AX 52 Philips AC Leads Mains Cord,,,,,39259090,,Pcs.,,,9,
49.34,Push Button Switch & Box,Push Button Switch & Box AX 55 3Pin Mains Cord x 2yd 14/38swg,,,,,39259090,,Pcs.,,47.34,9,
49.35,Push Button Switch & Box,Push Button Switch & Box AX 55A 3Pin Mains Cord x 3yd 14/38swg,,,,,39259090,,Pcs.,,,9,
49.36,Push Button Switch & Box,Push Button Switch & Box AX 59 3Pin Mains Cord x 2yd 23/36swg,,,,,39259090,,Pcs.,,47.36,9,
49.37,Push Button Switch & Box,Push Button Switch & Box AX 59A 3Pin Mains Cord x 3yd 23/36swg,,,,,39259090,,Pcs.,,,9,
49.38,Push Button Switch & Box,Push Button Switch & Box AX 60 3Pin Main Cord Ext. x 2yd,,,,,39259090,,Pcs.,,47.38,9,
49.39,Push Button Switch & Box,Push Button Switch & Box AX 60A 3Pin Main Cord Ext. x 3yd,,,,,39259090,,Pcs.,,,9,
49.40,Push Button Switch & Box,Push Button Switch & Box AX 60B 3Pin Main Cord Ext. x 5yd,,,,,39259090,,Pcs.,,47.4,9,
49.41,Push Button Switch & Box,Push Button Switch & Box AX 61 Computer Power Cord x 1.5yd,,,,,39259090,,Pcs.,,,9,
49.42,Push Button Switch & Box,Push Button Switch & Box AX 61A Computer Power Cord x 3mtr.,,,,,39259090,,Pcs.,,47.42,9,
49.43,Push Button Switch & Box,Push Button Switch & Box AX 61B Computer Power Cord x 5mtr.,,,,,39259090,,Pcs.,,47.43,9,
50.10,Computer Power Cords & Prods,Computer Power Cords & Prods AX 92 Test Prod P-3 Solder less,,,,,39259090,170,Pcs.,,,9,
50.20,Computer Power Cords & Prods,Computer Power Cords & Prods AX 95 Test Prod Angle BTR-300RT.,,,,,39259090,210,Pcs.,,48.2,9,
50.30,Computer Power Cords & Prods,Computer Power Cords & Prods AX 226A 3Pin15Amp.Mains Cord 2yd,,,,,39259090,,Pcs.,,,9,
50.40,Computer Power Cords & Prods,Computer Power Cords & Prods AX 226B 3Pin15Amp.Mains Cord 3yd,,,,,39259090,,Pcs.,,48.4,9,
50.50,Computer Power Cords & Prods,Computer Power Cords & Prods AX 228 15Amp.Computer Power Cord,,,,,39259090,,Pcs.,,,9,
50.60,Computer Power Cords & Prods,Computer Power Cords & Prods AX 424 2Pin Con. Combi 2 in 1 Plug,,,,,39259090,,Pcs.,,48.6,9,
50.70,Computer Power Cords & Prods,Computer Power Cords & Prods AX 430 Digital Test Prod,,,,,39259090,,Pcs.,,,9,
50.80,Computer Power Cords & Prods,Computer Power Cords & Prods AX 430A Digital Test Prod (Heavy),,,,,39259090,,Pcs.,,48.8,9,
50.90,Computer Power Cords & Prods,Computer Power Cords & Prods AX 468 3Pin computer Power Plug,,,,,39259090,,Pcs.,,48.9,9,
50.10,Computer Power Cords & Prods,Computer Power Cords & Prods AX 469 3Pin computer Power Socket,,,,,39259090,,Pcs.,,,9,
50.11,Computer Power Cords & Prods,Computer Power Cords & Prods AX 630 Digital Test Prod Long,,,,,39259090,,Pcs.,,48.11,9,
50.12,Computer Power Cords & Prods,Computer Power Cords & Prods AX 630A Digital Test Prod Long(Heavy),,,,,39259090,,Pcs.,,48.12,9,
50.13,Computer Power Cords & Prods,Computer Power Cords & Prods AX 675 Money Saver 2Pin With Switch,,,,,39259090,,Pcs.,,,9,
50.14,Computer Power Cords & Prods,Computer Power Cords & Prods AX 675A Money Saver 2Pin 5yd With Switch,,,,,39259090,,Pcs.,,48.14,9,
50.15,Computer Power Cords & Prods,Computer Power Cords & Prods AX 676 Money Saver 3Pin 2yd With Switch,,,,,39259090,,Pcs.,,48.15,9,
50.16,Computer Power Cords & Prods,Computer Power Cords & Prods AX 676A Money Saver 3Pin 5yd With Switch,,,,,39259090,,Pcs.,,,9,
50.17,Computer Power Cords & Prods,Computer Power Cords & Prods AX 682 Power Strip 5+4x1.25mtr Uni. Soc.,,,,,39259090,,Pcs.,,48.17,9,
50.18,Computer Power Cords & Prods,Computer Power Cords & Prods AX 682A Power Strip 5+4x4.5mtr Uni. Soc.,,,,,39259090,,Pcs.,,,9,
51.10,PVC & Cotton Cords,PVC & Cotton Cords RAJ PVC 2Pin x 2yard Cord 5amp,,,,,39259090,68,Pcs.,,49.1,9,
51.20,PVC & Cotton Cords,PVC & Cotton Cords RAJ PVC 2Pin x 3yard Cord 5amp,,,,,39259090,80,Pcs.,,49.1,9,
51.30,PVC & Cotton Cords,PVC & Cotton Cords RAJ PVC 3Pin x 2yard Cord 5amp,,,,,39259090,110,Pcs.,,49.1,9,
51.40,PVC & Cotton Cords,PVC & Cotton Cords RAJ PVC 3Pin x 3yard Cord 5amp,,,,,39259090,140,Pcs.,,49.1,9,
51.50,PVC & Cotton Cords,PVC & Cotton Cords RAJ PVC 3Pin x 5yard Cord 5amp,,,,,39259090,180,Pcs.,,49.1,9,
51.60,PVC & Cotton Cords,PVC & Cotton Cords RAJ PVC 3Pin x 2Mtr. Cord 15amp,,,,,39259090,320,Pcs.,,49.1,9,
51.70,PVC & Cotton Cords,"PVC & Cotton Cords RAJ PVC A/C Cord Philips , Paras , National",,,,,39259090,74,Pcs.,,49.1,9,
51.80,PVC & Cotton Cords,PVC & Cotton Cords RAJ PVC Computer Power Cord 1.5yard,,,,,39259090,120,Pcs.,,49.1,9,
51.90,PVC & Cotton Cords,PVC & Cotton Cords RAJ PVC Computer Power Cord 3yard,,,,,39259090,150,Pcs.,,49.1,9,
51.10,PVC & Cotton Cords,PVC & Cotton Cords RAJ PVC Computer Power Cord 5yard,,,,,39259090,240,Pcs.,,49.1,9,
51.11,PVC & Cotton Cords,PVC & Cotton Cords RAJ PVC Link Cord 1.5yd,,,,,39259090,160,Pcs.,,49.1,9,
51.12,PVC & Cotton Cords,PVC & Cotton Cords RAJ PVC Laptop Cord 1.5yd x 5amp,,,,,39259090,140,Pcs.,,49.1,9,
51.13,PVC & Cotton Cords,PVC & Cotton Cords RAJ PVC Laptop Cord 1.5yd x 15amp,,,,,39259090,400,Pcs.,,49.1,9,
51.14,PVC & Cotton Cords,PVC & Cotton Cords RAJ PVC Cord 2Pin x 2 Crocodile Clip,,,,,39259090,240,Pcs.,,49.1,9,
51.15,PVC & Cotton Cords,PVC & Cotton Cords RAJ SP-7 to Test Probe Cord for Megger,,,,,39259090,240,Pcs.,,49.1,9,
51.16,PVC & Cotton Cords,PVC & Cotton Cords RAJ Test Probe Red+Black,,,,,39259090,36,Pcs.,,49.1,9,
51.17,PVC & Cotton Cords,PVC & Cotton Cords ‘O-MAX’ 2Pin 1.5mtr Philps Cord 14/40,,,,,39259090,60,Pcs.,,49.1,9,
51.18,PVC & Cotton Cords,PVC & Cotton Cords ‘O-MAX’ 2Pin Philps Universal Cord,,,,,39259090,80,Pcs.,,49.1,9,
51.19,PVC & Cotton Cords,PVC & Cotton Cords ‘O-MAX’ PVC 2Pin 2yd 14/40 Main Cord,,,,,39259090,60,Pcs.,,49.1,9,
51.20,PVC & Cotton Cords,PVC & Cotton Cords ‘O-MAX’ PVC 2Pin 3yd 14/40 Main Cord,,,,,39259090,70,Pcs.,,49.1,9,
51.21,PVC & Cotton Cords,PVC & Cotton Cords ‘O-MAX’ PVC 3Pin 2yd 14/40 Main Cord,,,,,39259090,100,Pcs.,,49.1,9,
51.22,PVC & Cotton Cords,PVC & Cotton Cords ‘O-MAX’ PVC 3Pin 3yd 14/40 Main Cord,,,,,39259090,110,Pcs.,,49.1,9,
51.23,PVC & Cotton Cords,PVC & Cotton Cords ‘O-MAX’ Computer Power Cord 1.5yd,,,,,39259090,100,Pcs.,,49.1,9,
51.24,PVC & Cotton Cords,PVC & Cotton Cords ‘O-MAX’ Computer Power Cord 3yd,,,,,39259090,130,Pcs.,,49.1,9,
51.25,PVC & Cotton Cords,PVC & Cotton Cords ‘O-MAX’ Computer Power Cord 5yd,,,,,39259090,240,Pcs.,,49.1,9,
51.26,PVC & Cotton Cords,PVC & Cotton Cords ‘O-MAX’ Computer Power Cord 7mm 1.5mtr,,,,,39259090,120,Pcs.,,49.1,9,
51.27,PVC & Cotton Cords,PVC & Cotton Cords ‘O-MAX’ PVC Laptop Cord 1.5yd,,,,,39259090,140,Pcs.,,49.1,9,
51.28,PVC & Cotton Cords,PVC & Cotton Cords ‘O-MAX’ 2Pin Probe Wire Cord,,,,,39259090,200,Pcs.,,49.1,9,
51.29,PVC & Cotton Cords,PVC & Cotton Cords ‘O-MAX’ Test Probe Multimeter wire,,,,,39259090,200,Pcs.,,49.1,9,
51.30,PVC & Cotton Cords,PVC & Cotton Cords ‘O-MAX’ Continuty Tester Mini / Micro,,,,,39259090,40,Pcs.,,49.1,9,
51.31,PVC & Cotton Cords,PVC & Cotton Cords ‘RajKing’ 2Pin x 2yd.PVC Cord White,,,,,39259090,80,Pcs.,,49.1,9,
51.32,PVC & Cotton Cords,PVC & Cotton Cords ‘RajKing’ 2Pin x 3yd.PVC Cord White,,,,,39259090,90,Pcs.,,49.1,9,
51.33,PVC & Cotton Cords,PVC & Cotton Cords ‘RajKing’ 3Pin x 2yds.PVC Cord White,,,,,39259090,130,Pcs.,,49.1,9,
51.34,PVC & Cotton Cords,PVC & Cotton Cords ‘RajKing’ 3Pin x 3yds.PVC Cord White,,,,,39259090,160,Pcs.,,49.1,9,
51.35,PVC & Cotton Cords,PVC & Cotton Cords ‘PTC’ 3Pin x 2yd.Cotton Cord With Lugs,,,,,39259090,130,Pcs.,,49.1,9,
51.36,PVC & Cotton Cords,PVC & Cotton Cords ‘RajKing’ 3Pin x 3yd.Cotton Cord With Lugs,,,,,39259090,160,Pcs.,,49.1,9,
51.37,PVC & Cotton Cords,PVC & Cotton Cords ‘RajKing’ 3Pin x 3yd.Cotton Cord With Snap Lugs,,,,,39259090,220,Pcs.,,49.1,9,
51.38,PVC & Cotton Cords,PVC & Cotton Cords ‘RajKing’ 3Pin x 3yd.Cotton Cord With Pin Lugs,,,,,39259090,220,Pcs.,,49.1,9,
51.39,PVC & Cotton Cords,PVC & Cotton Cords 3Pin x 2yd Cotton Cord with Iron Connector,,,,,39259090,160,Pcs.,,49.1,9,
51.40,PVC & Cotton Cords,PVC & Cotton Cords 3Pin x 3yd Cotton Cord with Iron Connector,,,,,39259090,180,Pcs.,,49.1,9,
51.41,PVC & Cotton Cords,PVC & Cotton Cords Camera Green Plug DC Male,,,,,94059900,20,Pcs.,,49.1,9,
51.42,PVC & Cotton Cords,PVC & Cotton Cords Camera Green Plug DC Female,,,,,94059900,20,Pcs.,,49.1,9,
51.43,PVC & Cotton Cords,PVC & Cotton Cords Camera Green Plug RC Male,,,,,94059900,20,Pcs.,,49.43,9,
51.44,PVC & Cotton Cords,PVC & Cotton Cords Camera Green Plug RC Female,,,,,94059900,20,Pcs.,,49.1,9,
51.45,PVC & Cotton Cords,PVC & Cotton Cords Camera Green Plug BNC Male,,,,,94059900,24,Pcs.,,49.1,9,
51.46,PVC & Cotton Cords,PVC & Cotton Cords Camera Green Plug BNC Female,,,,,94059900,24,Pcs.,,49.1,9,
51.47,PVC & Cotton Cords,PVC & Cotton Cords Banana Plug 4mm,,,,,94059900,,Pcs.,,49.1,9,
51.48,PVC & Cotton Cords,PVC & Cotton Cords Banana socket 4mm,,,,,94059900,,Pcs.,,49.48,9,
51.49,PVC & Cotton Cords,PVC & Cotton Cords Banana Plug SP-7,,,,,94059900,,Pcs.,,49.1,9,
51.50,PVC & Cotton Cords,PVC & Cotton Cords Terminal BTI 5amp,,,,,94059900,,Pcs.,,49.1,9,
51.51,PVC & Cotton Cords,PVC & Cotton Cords Terminal BTI 15amp Black,,,,,94059900,,Pcs.,,49.1,9,
51.52,PVC & Cotton Cords,PVC & Cotton Cords Terminal BTI 15amp Colour,,,,,94059900,,Pcs.,,49.52,9,
51.53,PVC & Cotton Cords,PVC & Cotton Cords Terminal BTI 30amp,,,,,94059900,,Pcs.,,49.1,9,
51.54,PVC & Cotton Cords,PVC & Cotton Cords 2way Cable Splitter,,,,,94059900,,Pcs.,,49.1,9,
51.55,PVC & Cotton Cords,PVC & Cotton Cords 3way Cable Splitter,,,,,94059900,,Pcs.,,49.55,9,
51.56,PVC & Cotton Cords,PVC & Cotton Cords 4way Cable Splitter,,,,,94059900,,Pcs.,,49.1,9,
51.57,PVC & Cotton Cords,PVC & Cotton Cords 5way Cable Splitter,,,,,94059900,,Pcs.,,49.57,9,
51.58,PVC & Cotton Cords,PVC & Cotton Cords 6way Cable Splitter,,,,,94059900,,Pcs.,,49.1,9,
51.59,PVC & Cotton Cords,PVC & Cotton Cords RG 06 F. Plug with Ring Ordinory,,,,,94059900,,Pcs.,,49.1,9,
51.60,PVC & Cotton Cords,PVC & Cotton Cords RG 06 F. Plug with Ring Special,,,,,94059900,,Pcs.,,49.1,9,
51.61,PVC & Cotton Cords,PVC & Cotton Cords RG-11 F. Plug with Ring,,,,,94059900,,Pcs.,,49.61,9,
51.62,PVC & Cotton Cords,PVC & Cotton Cords Cable Splitter Jointer,,,,,94059900,,Pcs.,,49.62,9,
51.63,PVC & Cotton Cords,PVC & Cotton Cords Cable Splitter “T”Jointer,,,,,94059900,,Pcs.,,49.63,9,
51.64,PVC & Cotton Cords,PVC & Cotton Cords Computer Power Plug / Socket,,,,,94059900,,Pcs.,,49.64,9,
52.10,SATO / Imported Rocker Switch,SATO / Imported Rocker Switch SI-11 SPST 2Amp x 2pin,,,,,94059900,,Pcs.,,50.1,9,
52.20,SATO / Imported Rocker Switch,SATO / Imported Rocker Switch SI-12 SPST 2Amp x 3Pin,,,,,94059900,,Pcs.,,50.2,9,
52.30,SATO / Imported Rocker Switch,SATO / Imported Rocker Switch SI-15 SPST 6Amp x 3Pin Ind.,,,,,94059900,,Pcs.,,,9,
52.40,SATO / Imported Rocker Switch,SATO / Imported Rocker Switch SI-15 SPST 15Amp x 3Pin Ind.,,,,,94059900,,Pcs.,,50.4,9,
52.50,SATO / Imported Rocker Switch,SATO / Imported Rocker Switch SI-18 SPDT C.Off 3Amp x 3Pin,,,,,94059900,,Pcs.,,50.5,9,
52.60,SATO / Imported Rocker Switch,SATO / Imported Rocker Switch SI-31.DPST 16Amp 4Pin Ind.,,,,,94059900,,Pcs.,,50.6,9,
52.70,SATO / Imported Rocker Switch,SATO / Imported Rocker Switch SI-31C-DPST 16Amp. 4Pin Ind.Colour,,,,,94059900,,Pcs.,,,9,
52.80,SATO / Imported Rocker Switch,SATO / Imported Rocker Switch SI-31 DPDT C.Off 15Amp x 6Pin,,,,,94059900,,Pcs.,,50.8,9,
52.90,SATO / Imported Rocker Switch,SATO / Imported Rocker Switch SI-31 DPST 30Amp.x 4Pin,,,,,94059900,,Pcs.,,50.9,9,
52.10,SATO / Imported Rocker Switch,SATO / Imported Rocker Switch DPST 30amp 4Pin red/yellow,,,,,94059900,,Pcs.,,50.1,9,
52.11,SATO / Imported Rocker Switch,SATO / Imported Rocker Switch DPST 30amp 4Pin Indicator,,,,,94059900,,Pcs.,,50.11,9,
52.12,SATO / Imported Rocker Switch,SATO / Imported Rocker Switch SI-38 DPDT 5amp x 4Pin Ind.,,,,,94059900,,Pcs.,,50.12,9,
52.13,SATO / Imported Rocker Switch,SATO / Imported Rocker Switch Small Mini SPST 2amp 2Pin,,,,,94059900,,Pcs.,,,9,
52.14,SATO / Imported Rocker Switch,SATO / Imported Rocker Switch SI-83 Mini SPST 5amp 2Pin Ord.,,,,,94059900,,Pcs.,,50.14,9,
52.15,SATO / Imported Rocker Switch,SATO / Imported Rocker Switch SI-83 Mini SPST 5amp 2Pin .Brass,,,,,94059900,,Pcs.,,,9,
52.16,SATO / Imported Rocker Switch,SATO / Imported Rocker Switch SI-83 Mini SPDT 5amp 3Pin,,,,,94059900,,Pcs.,,50.16,9,
52.17,SATO / Imported Rocker Switch,SATO / Imported Rocker Switch SI-83 Mini SPDT 5amp 3Pin C.Off,,,,,94059900,,Pcs.,,,9,
52.18,SATO / Imported Rocker Switch,SATO / Imported Rocker Switch Round 2leg 6amp,,,,,94059900,,Pcs.,,,9,
52.19,SATO / Imported Rocker Switch,SATO / Imported Rocker Switch Round 3leg C.Off,,,,,94059900,,Pcs.,,50.19,9,
52.20,SATO / Imported Rocker Switch,SATO / Imported Rocker Switch Round 3leg C.Off Indicator,,,,,94059900,,Pcs.,,50.2,9,
52.21,SATO / Imported Rocker Switch,SATO / Imported Rocker Switch Elmeco 16amp 4Pin Indicator,,,,,94059900,,Pcs.,,,9,
52.22,SATO / Imported Rocker Switch,SATO / Imported Rocker Switch Elmeco 20amp 4Pin Indicator,,,,,94059900,,Pcs.,,50.22,9,
52.23,SATO / Imported Rocker Switch,SATO / Imported Rocker Switch Elmeco 32amp 4Pin Indicator,,,,,94059900,,Pcs.,,50.23,9,
52.24,SATO / Imported Rocker Switch,SATO / Imported Rocker Switch SI-54 Small Fuse Holder (PVC/Metal Nuts),,,,,94059900,,Pcs.,,,9,
52.25,SATO / Imported Rocker Switch,SATO / Imported Rocker Switch SI-55 Big Fuse Holder (PVC/Metal Nuts),,,,,94059900,,Pcs.,,50.25,9,
53.10,SATO & SURAJ Toggle Switches,SATO & SURAJ Toggle Switches SI-21 SPST 2pin x 2amp.On-Off,,,,,94059900,,Pcs.,,51.1,9,
53.20,SATO & SURAJ Toggle Switches,SATO & SURAJ Toggle Switches SI-22 SPDT 4Pin x 2amp.On-Off,,,,,94059900,,Pcs.,,51.2,9,
53.30,SATO & SURAJ Toggle Switches,SATO & SURAJ Toggle Switches SI-26 SPDT 3Pin x 3amp.On-Off,,,,,94059900,,Pcs.,,51.3,9,
53.40,SATO & SURAJ Toggle Switches,SATO & SURAJ Toggle Switches SI-27 DPDT 6Pin x 3amp.On-Off,,,,,94059900,,Pcs.,,,9,
53.50,SATO & SURAJ Toggle Switches,SATO & SURAJ Toggle Switches TS-601 SPST 2pin x 6amp On-Off,,,,,94059900,,Pcs.,,,9,
53.60,SATO & SURAJ Toggle Switches,SATO & SURAJ Toggle Switches TS-603 SPDT 3pin x 6amp C-Off,,,,,94059900,,Pcs.,,,9,
53.70,SATO & SURAJ Toggle Switches,SATO & SURAJ Toggle Switches TS-606 DPST 4pin x 6amp On-Off,,,,,94059900,,Pcs.,,,9,
53.80,SATO & SURAJ Toggle Switches,SATO & SURAJ Toggle Switches TS-608 DPDT 6pin x 6amp C-Off,,,,,94059900,,Pcs.,,,9,
53.90,SATO & SURAJ Toggle Switches,SATO & SURAJ Toggle Switches TS-1001 SPST 2pin x 10amp On-Off,,,,,94059900,,Pcs.,,,9,
53.10,SATO & SURAJ Toggle Switches,SATO & SURAJ Toggle Switches TS-1003 SPDT 3pin x 10amp C-Off,,,,,94059900,,Pcs.,,,9,
53.11,SATO & SURAJ Toggle Switches,SATO & SURAJ Toggle Switches TS-1006 DPST 4pin x 10amp On-Off,,,,,94059900,,Pcs.,,,9,
53.12,SATO & SURAJ Toggle Switches,SATO & SURAJ Toggle Switches TS-1008 DPDT 6pin x 10amp C-Off,,,,,94059900,,Pcs.,,,9,
53.13,SATO & SURAJ Toggle Switches,SATO & SURAJ Toggle Switches TS-1501 SPST 2pin x 15amp On-Off,,,,,94059900,,Pcs.,,51.13,9,
53.14,SATO & SURAJ Toggle Switches,SATO & SURAJ Toggle Switches TS-1503 SPDT 3pin x 15amp C-Off,,,,,94059900,,Pcs.,,,9,
53.15,SATO & SURAJ Toggle Switches,SATO & SURAJ Toggle Switches TS-1506 DPST 4pin x 15amp On-Off,,,,,94059900,,Pcs.,,51.15,9,
53.16,SATO & SURAJ Toggle Switches,SATO & SURAJ Toggle Switches TS-1508 DPDT 6pin x 15amp C-Off,,,,,94059900,,Pcs.,,,9,
53.17,SATO & SURAJ Toggle Switches,SATO & SURAJ Toggle Switches Pull Cord ( String ) Switch 5 Amp.One Way,,,,,94059900,,Pcs.,,51.17,9,
53.18,SATO & SURAJ Toggle Switches,SATO & SURAJ Toggle Switches Pull Cord ( String ) Switch 5 Amp.Two Way,,,,,94059900,,Pcs.,,,9,
53.19,SATO & SURAJ Toggle Switches,SATO & SURAJ Toggle Switches Door Switch Black Screw Type Push to Off,,,,,94059900,,Pcs.,,,9,
53.20,SATO & SURAJ Toggle Switches,SATO & SURAJ Toggle Switches Door Switch Black Round Push to On,,,,,94059900,,Pcs.,,51.2,9,
53.21,SATO & SURAJ Toggle Switches,SATO & SURAJ Toggle Switches Door Switch White Round Push to Off,,,,,94059900,,Pcs.,,,9,
53.22,SATO & SURAJ Toggle Switches,SATO & SURAJ Toggle Switches Door Switch Black/White Square Small,,,,,94059900,,Pcs.,,51.22,9,
53.23,SATO & SURAJ Toggle Switches,SATO & SURAJ Toggle Switches Door Switch Black/ White Square Big,,,,,94059900,,Pcs.,,51.23,9,
53.24,SATO & SURAJ Toggle Switches,SATO & SURAJ Toggle Switches Door Switch White Lugs Push type,,,,,94059900,,Pcs.,,,9,
53.25,SATO & SURAJ Toggle Switches,SATO & SURAJ Toggle Switches Door Switch White Wire Push Type,,,,,94059900,,Pcs.,,,9,
53.26,SATO & SURAJ Toggle Switches,SATO & SURAJ Toggle Switches Door Switch colour Importrd Type,,,,,94059900,,Pcs.,,51.26,9,
54.10,Regulators & Knobs,Regulators & Knobs Switch Type Regulator,,,,,39259090,,Pcs.,,,10,
54.20,Regulators & Knobs,Regulators & Knobs Socket Type Regulator,,,,,39259090,,Pcs.,,52.2,10,
54.30,Regulators & Knobs,Regulators & Knobs ‘Vision’ Regulator 600w,,,,,39259090,,Pcs.,,,10,
54.40,Regulators & Knobs,Regulators & Knobs 1000w,,,,,39259090,,Pcs.,,52.4,10,
54.50,Regulators & Knobs,Regulators & Knobs 1500w,,,,,39259090,,Pcs.,,,10,
54.60,Regulators & Knobs,Regulators & Knobs 2000w,,,,,39259090,,Pcs.,,,10,
54.70,Regulators & Knobs,Regulators & Knobs 3000w,,,,,39259090,,Pcs.,,52.7,10,
54.80,Regulators & Knobs,Regulators & Knobs Regulator Knob Switch type,,,,,39259090,,Pcs.,,,10,
54.90,Regulators & Knobs,Regulators & Knobs Regulator Knob Socket Type,,,,,39259090,,Pcs.,,,10,
54.10,Regulators & Knobs,Regulators & Knobs Regulator Knob Roma Type,,,,,39259090,,Pcs.,,,10,
54.11,Regulators & Knobs,Regulators & Knobs Regulator Knob Red Line,,,,,39259090,,Pcs.,,,10,
54.12,Regulators & Knobs,Regulators & Knobs Regulator Knob Silver border,,,,,39259090,,Pcs.,,52.12,10,
54.13,Regulators & Knobs,Regulators & Knobs Regulator Knob Lengard Type,,,,,39259090,,Pcs.,,52.13,10,
54.14,Regulators & Knobs,Regulators & Knobs Rotary Knob upper Screw typel 6amp,,,,,39259090,,Pcs.,,,10,
54.15,Regulators & Knobs,Regulators & Knobs Rotary Knob Small 6amp,,,,,39259090,,Pcs.,,,10,
54.16,Regulators & Knobs,Regulators & Knobs Rotary Knob Mediuml 10amp,,,,,39259090,,Pcs.,,52.16,10,
54.17,Regulators & Knobs,Regulators & Knobs Rotary Knob Big 16amp,,,,,39259090,,Pcs.,,52.17,10,
54.18,Regulators & Knobs,Regulators & Knobs Gas Pipe “Surasha’,,,,,39259090,,Pcs.,,,10,
55.10,Adaptors & Power Supplies,"Adaptors & Power Supplies 1amp Adaptor 3v,5v,6v,7v,9v,12v",,,,,39259090,,Pcs.,,53.1,10,
55.20,Adaptors & Power Supplies,"Adaptors & Power Supplies 2amp Adaptor 3v,5v,6v,7v,9v,12v",,,,,39259090,,Pcs.,,,10,
55.30,Adaptors & Power Supplies,"Adaptors & Power Supplies 3amp Adaptor 3v,5v,6v,7v,9v,12v",,,,,39259090,,Pcs.,,,10,
55.40,Adaptors & Power Supplies,"Adaptors & Power Supplies 5amp Adaptor 3v,5v,6v,7v,9v,12v",,,,,39259090,,Pcs.,,53.4,10,
55.50,Adaptors & Power Supplies,Adaptors & Power Supplies 2amp Adaptor 24v,,,,,39259090,,Pcs.,,53.5,10,
55.60,Adaptors & Power Supplies,Adaptors & Power Supplies 5amp Adaptor 24v,,,,,39259090,,Pcs.,,,10,
55.70,Adaptors & Power Supplies,Adaptors & Power Supplies 12volt Choke to Tubelight,,,,,39259090,,Pcs.,,53.7,10,
55.80,Adaptors & Power Supplies,Adaptors & Power Supplies 24volt Choke to Tubelight,,,,,39259090,,Pcs.,,,10,
55.90,Adaptors & Power Supplies,Adaptors & Power Supplies Mobile Charger USB Outlet with Cord,,,,,39259090,,Pcs.,,,10,
55.10,Adaptors & Power Supplies,Adaptors & Power Supplies Mobile Charger ‘C’ Type Outlet with ‘C’ Type Cord,,,,,39259090,,Pcs.,,,10,
55.11,Adaptors & Power Supplies,Adaptors & Power Supplies Mobile Charger Cord USB to old Android,,,,,39259090,,Pcs.,,,10,
55.12,Adaptors & Power Supplies,Adaptors & Power Supplies Mobile Charger Cord USB to ‘C’ Type,,,,,39259090,,Pcs.,,,10,
55.13,Adaptors & Power Supplies,Adaptors & Power Supplies Mobile Charger Cord ‘C’ Type to ‘C’ Type,,,,,39259090,,Pcs.,,,10,
55.14,Adaptors & Power Supplies,Adaptors & Power Supplies Mobile HearPhone Wire EP Plug,,,,,39259090,,Pcs.,,,10,
56.10,Toy Motors & Accessories,Toy Motors & Accessories Mobile HearPhone Wireless,,,,,39259090,,Pcs.,,54.1,10,
56.20,Toy Motors & Accessories,Toy Motors & Accessories ‘Anna’ Engraving Machine Normal,,,,,39259090,,Pcs.,,,10,
56.30,Toy Motors & Accessories,Toy Motors & Accessories ‘Anna’ Engraving Machine Special,,,,,39259090,,Pcs.,,54.3,10,
56.40,Toy Motors & Accessories,Toy Motor Small Round 6v,,,,,39259090,,Pcs.,,,10,
56.50,Toy Motors & Accessories,Toy Motor Medium Round 9v,,,,,39259090,,Pcs.,,,10,
56.60,Toy Motors & Accessories,Toy Motor Big Round 12v,,,,,39259090,,Pcs.,,54.6,10,
56.70,Toy Motors & Accessories,Toy Motor Pully,,,,,39259090,,Pcs.,,54.7,10,
56.80,Toy Motors & Accessories,Toy Motor Fan,,,,,39259090,,Pcs.,,54.8,10,
56.90,Toy Motors & Accessories,Toy Motor Water Pump,,,,,39259090,,Pcs.,,54.9,10,
57.10,Water Seals & Pipes,Water Seals & Pipes Cooler Pump 12watt,,,,,39259090,200,Pcs.,,,10,
57.20,Water Seals & Pipes,Water Seals & Pipes Cooler Pump 18watt,,,,,39259090,200,Pcs.,,,10,
57.30,Water Seals & Pipes,Water Seals & Pipes Cooler Pump 40watt,,,,,39259090,500,Pcs.,,,10,
57.40,Water Seals & Pipes,Water Seals & Pipes Diamond Waterseal 12mm open,,,,,39259090,14.5,Pcs.,,,10,
57.50,Water Seals & Pipes,Water Seals & Pipes Diamond Waterseal 12mm close,,,,,39259090,12.5,Pcs.,,,10,
57.60,Water Seals & Pipes,Water Seals & Pipes Diamond Waterseal 12mm bellow,,,,,39259090,14.5,Pcs.,,55.6,10,
57.70,Water Seals & Pipes,Water Seals & Pipes Diamond Waterseal 16mm open,,,,,39259090,19.5,Pcs.,,,10,
57.80,Water Seals & Pipes,Water Seals & Pipes Diamond Waterseal 16mm close,,,,,39259090,19.5,Pcs.,,,10,
57.90,Water Seals & Pipes,Water Seals & Pipes Diamond Waterseal 16mm bellow,,,,,39259090,19.5,Pcs.,,55.9,10,
57.10,Water Seals & Pipes,Water Seals & Pipes Diamond Waterseal 20mm open,,,,,39259090,,Pcs.,,55.1,10,
57.11,Water Seals & Pipes,Water Seals & Pipes Diamond Waterseal 20mm close,,,,,39259090,,Pcs.,,,10,
57.12,Water Seals & Pipes,Water Seals & Pipes Diamond Waterseal 20mm bellow,,,,,39259090,,Pcs.,,,10,
57.13,Water Seals & Pipes,Water Seals & Pipes Diamond Waterseal 25mm open,,,,,39259090,45,Pcs.,,,10,
57.14,Water Seals & Pipes,Water Seals & Pipes Fan Bearing 6201+6202,,,,,39259090,100,Pcs.,,,10,
57.15,Water Seals & Pipes,Water Seals & Pipes FAN Pipe,,,,,39259090,,Pcs.,,55.15,10,
57.16,Water Seals & Pipes,Water Seals & Pipes Fan Cycle Rubbber hook,,,,,39259090,,Pcs.,,,10,
57.17,Water Seals & Pipes,Water Seals & Pipes Fan Nut Bolt,,,,,39259090,,Pcs.,,,10,
58.10,Bulbs & Holders,Bulbs & Holders E-12 BLUB,,,,,39259090,12,Pcs.,,56.1,10,
58.20,Bulbs & Holders,Bulbs & Holders E-12 BLUB LED,,,,,39259090,17,Pcs.,,,10,
58.30,Bulbs & Holders,Bulbs & Holders E-13 BLUB,,,,,39259090,,Pcs.,,56.3,10,
58.40,Bulbs & Holders,Bulbs & Holders E-14 BLUB,,,,,39259090,12,Pcs.,,,10,
58.50,Bulbs & Holders,Bulbs & Holders E-14 BLUB LED,,,,,39259090,17,Pcs.,,,10,
58.60,Bulbs & Holders,Bulbs & Holders E-22 BLUB,,,,,39259090,,Pcs.,,56.6,10,
58.70,Bulbs & Holders,Bulbs & Holders E-27 BLUB,,,,,39259090,,Pcs.,,,10,
58.80,Bulbs & Holders,Bulbs & Holders HANDLAMP,,,,,39259090,,Pcs.,,,10,
58.90,Bulbs & Holders,Bulbs & Holders,,,,,39259090,,Pcs.,,,10,
58.10,Bulbs & Holders,Bulbs & Holders,,,,,39259090,,Pcs.,,,10,
58.11,Bulbs & Holders,Bulbs & Holders,,,,,39259090,,Pcs.,,,10,
58.12,Bulbs & Holders,Bulbs & Holders,,,,,39259090,,Pcs.,,,10,
58.13,Bulbs & Holders,Bulbs & Holders,,,,,39259090,,Pcs.,,,10,
58.14,Bulbs & Holders,Bulbs & Holders,,,,,39259090,,Pcs.,,,10,
58.15,Bulbs & Holders,Bulbs & Holders,,,,,39259090,,Pcs.,,,10,
58.16,Bulbs & Holders,Bulbs & Holders,,,,,39259090,,Pcs.,,,10,
58.17,Bulbs & Holders,Bulbs & Holders,,,,,39259090,,Pcs.,,,10,
58.18,Bulbs & Holders,Bulbs & Holders,,,,,39259090,,Pcs.,,,10,
58.19,Bulbs & Holders,Bulbs & Holders,,,,,39259090,,Pcs.,,,10,
59.10,Audio Video & HDMI Cords,Audio Video & HDMI Cords Maxicom / HoneyCom HDMI to HDMI Cord 1.5yd,,,,,94059900,,Pcs.,,,10,
59.20,Audio Video & HDMI Cords,Audio Video & HDMI Cords 3yd,,,,,94059900,,Pcs.,,,10,
59.30,Audio Video & HDMI Cords,Audio Video & HDMI Cords 5yd,,,,,94059900,,Pcs.,,57.3,10,
59.40,Audio Video & HDMI Cords,Audio Video & HDMI Cords 10yd,,,,,94059900,,Pcs.,,,10,
59.50,Audio Video & HDMI Cords,Audio Video & HDMI Cords Maxicom / HoneyCom USB to Printer Cord 1.5yd,,,,,94059900,,Pcs.,,,10,
59.60,Audio Video & HDMI Cords,Audio Video & HDMI Cords 3yd,,,,,94059900,,Pcs.,,57.6,10,
59.70,Audio Video & HDMI Cords,Audio Video & HDMI Cords 5yd,,,,,94059900,,Pcs.,,57.7,10,
59.80,Audio Video & HDMI Cords,Audio Video & HDMI Cords 10yd,,,,,94059900,,Pcs.,,,10,
59.90,Audio Video & HDMI Cords,Audio Video & HDMI Cords Maxicom / HoneyCom CAT6 to CAT6 Cord 1.5yd,,,,,94059900,,Pcs.,,,10,
59.10,Audio Video & HDMI Cords,Audio Video & HDMI Cords 3yd,,,,,94059900,,Pcs.,,,10,
59.11,Audio Video & HDMI Cords,Audio Video & HDMI Cords 5yd,,,,,94059900,,Pcs.,,57.11,10,
59.12,Audio Video & HDMI Cords,Audio Video & HDMI Cords 10yd,,,,,94059900,,Pcs.,,57.12,10,
59.13,Audio Video & HDMI Cords,Audio Video & HDMI Cords Maxicom / HoneyCom 3RC to 3RC Cord 1.5yd,,,,,94059900,,Pcs.,,,10,
59.14,Audio Video & HDMI Cords,Audio Video & HDMI Cords 3yd,,,,,94059900,,Pcs.,,57.14,10,
59.15,Audio Video & HDMI Cords,Audio Video & HDMI Cords 5yd,,,,,94059900,,Pcs.,,57.15,10,
59.16,Audio Video & HDMI Cords,Audio Video & HDMI Cords 10yd,,,,,94059900,,Pcs.,,,10,
59.17,Audio Video & HDMI Cords,Audio Video & HDMI Cords Maxicom/HoneyCom EP to 3RC Cord 1.5yd,,,,,94059900,,Pcs.,,,10,
59.18,Audio Video & HDMI Cords,Audio Video & HDMI Cords Maxicom/HoneyCom EP to 2RC Cord 1.5yd,,,,,94059900,,Pcs.,,57.18,10,
59.19,Audio Video & HDMI Cords,Audio Video & HDMI Cords Maxicom/HoneyCom EP to EP Cord 1.5yd,,,,,94059900,,Pcs.,,57.19,10,
60.10,Step-Down Voltage Converters,Step-Down Voltage Convertor 220v to 110v in 100watt,,,,,94059900,,Pcs.,,,10,
60.20,Step-Down Voltage Converters,Step-Down Voltage Converters 220v to 110v in 250watt,,,,,94059900,,Pcs.,,,10,
60.30,Step-Down Voltage Converters,Step-Down Voltage Converters 220v to 110v in 500watt,,,,,94059900,,Pcs.,,58.3,10,
60.40,Step-Down Voltage Converters,Step-Down Voltage Converters 220v to 110v in 1 KVA,,,,,94059900,,Pcs.,,,10,
60.50,Step-Down Voltage Converters,Step-Down Voltage Converters Step-Up Voltage Convertor 110V to 220V in 100watt,,,,,94059900,,Pcs.,,,10,
60.60,Step-Down Voltage Converters,Step-Down Voltage Converters 110V to 220V in 250watt,,,,,94059900,,Pcs.,,58.6,10,
61.10,Hand Gloves,Hand Gloves 110V to 220V in 500watt,,,,,94059900,,Pcs.,,,10,
61.20,Hand Gloves,Hand Gloves 110V to 220V in 1 KVA,,,,,94059900,,Pcs.,,,10,
61.30,Hand Gloves,Hand Gloves Rubber HandGloves Light 15kv,,,,,94059900,,Pcs.,,,10,
61.40,Hand Gloves,Hand Gloves Heavy 15kv,,,,,94059900,,Pcs.,,59.4,10,
61.50,Hand Gloves,Hand Gloves 33kv,,,,,94059900,,Pcs.,,,10,
61.60,Hand Gloves,Hand Gloves Sticker Danger 1.5” x 3”,,,,,94059900,,Pcs.,,,10,
62.10,Danger Plates,Danger Plates Sticker Danger 4” x 4”,,,,,94059900,,Pcs.,,60.1,10,
62.20,Danger Plates,Danger Plates Sticker Danger 6” x 6”,,,,,94059900,,Pcs.,,,10,
62.30,Danger Plates,Danger Plates Metal Plate Danger 4” x 4”,,,,,94059900,,Pcs.,,60.3,10,
62.40,Danger Plates,Danger Plates Metal Plate Danger 6” x 6”,,,,,94059900,,Pcs.,,60.4,10,
63.10,MCB Links,MCB Links MS Patti MCB CHANNEL,,,,,94059900,,Pcs.,,,10,
63.20,MCB Links,MCB link SP Fork Patti,,,,,94059900,,Pcs.,,61.2,10,
63.30,MCB Links,MCB Links DC LOCK KEY,,,,,94059900,,Pcs.,,,10,
63.40,MCB Links,MCB Links DC LOCK 20MM,,,,,94059900,,Pcs.,,,10,
64.10,DC Locks & Keys,DC LOCK 25MM,,,,,94059900,,Pcs.,,62.1,10,
64.20,DC Locks & Keys,DC LOCK 40MM,,,,,94059900,,Pcs.,,62.2,10,
64.30,DC Locks & Keys,DC LOCK 50MM,,,,,94059900,,Pcs.,,,10,
65.10,Rubber Gromet,RUBBER GROMET Closed / Open 12mm,,,,,94059900,,Pcs.,,,10,
65.20,Rubber Gromet,Rubber Gromet 16.5mm,,,,,94059900,,Pcs.,,,10,
65.30,Rubber Gromet,Rubber Gromet 19mm,,,,,94059900,,Pcs.,,,10,
65.40,Rubber Gromet,Rubber Gromet 22mm,,,,,94059900,,Pcs.,,,10,
65.50,Rubber Gromet,Rubber Gromet 25mm,,,,,94059900,,Pcs.,,63.5,10,
65.60,Rubber Gromet,Rubber Gromet 32mm,,,,,94059900,,Pcs.,,63.6,10,
65.70,Rubber Gromet,Rubber Gromet 40mm,,,,,94059900,,Pcs.,,,10,
65.80,Rubber Gromet,Rubber Gromet 50mm,,,,,94059900,,Pcs.,,,10,
66.10,Rubber Border Biding Patti,Rubber Border Biding Patti,,,,,94059900,,Pcs.,,,10,
67.10,Special Bulbs,Bulbs & Holders 1000W bulb,,,,,94059900,996,Pcs.,,,10,
