sr_no,category,item_name,size,hsn_code,list_price,unit,packing,image_ref,page
1,ART SILK TUBE / Sleeves,ART SILK TUBE / Sleeves 1mm,1mm,,380,100mtr.,,group_sr_1_to_8_ART_SILK_TUBE_Sleeves,1
2,ART SILK TUBE / Sleeves,ART SILK TUBE / Sleeves 2mm,2mm,85469090,380,’’,,group_sr_1_to_8_ART_SILK_TUBE_Sleeves,1
3,ART SILK TUBE / Sleeves,ART SILK TUBE / Sleeves 3mm,3mm,85469090,600,’’,,group_sr_1_to_8_ART_SILK_TUBE_Sleeves,1
4,ART SILK TUBE / Sleeves,ART SILK TUBE / Sleeves 4mm,4mm,85469090,760,’’,,sr_4_ART_SILK_TUBE_Sleeves_4mm,1
5,ART SILK TUBE / Sleeves,ART SILK TUBE / Sleeves 5mm,5mm,85469090,860,’’,,group_sr_1_to_8_ART_SILK_TUBE_Sleeves,1
6,ART SILK TUBE / Sleeves,ART SILK TUBE / Sleeves 6mm,6mm,85469090,1060,’’,,group_sr_1_to_8_ART_SILK_TUBE_Sleeves,1
7,ART SILK TUBE / Sleeves,ART SILK TUBE / Sleeves 8mm,8mm,85469090,1780,’’,,group_sr_1_to_8_ART_SILK_TUBE_Sleeves,1
8,ART SILK TUBE / Sleeves,ART SILK TUBE / Sleeves 10mm,10mm,85469090,2000,’’,,group_sr_1_to_8_ART_SILK_TUBE_Sleeves,1
9,FIBREGLASS “B” CLASS YELLOW TUBE,FIBREGLASS “B” CLASS YELLOW TUBE 1mm,1mm,85469090,320,’’,,group_sr_9_to_20_FIBREGLASS_“B”_CLASS_YELLOW_TUBE,1
10,FIBREGLASS “B” CLASS YELLOW TUBE,FIBREGLASS “B” CLASS YELLOW TUBE 2mm,2mm,85469090,440,’’,,group_sr_9_to_20_FIBREGLASS_“B”_CLASS_YELLOW_TUBE,1
11,FIBREGLASS “B” CLASS YELLOW TUBE,FIBREGLASS “B” CLASS YELLOW TUBE 3mm,3mm,85469090,580,’’,,group_sr_9_to_20_FIBREGLASS_“B”_CLASS_YELLOW_TUBE,1
12,FIBREGLASS “B” CLASS YELLOW TUBE,FIBREGLASS “B” CLASS YELLOW TUBE 4mm,4mm,85469090,700,’’,,group_sr_9_to_20_FIBREGLASS_“B”_CLASS_YELLOW_TUBE,1
13,FIBREGLASS “B” CLASS YELLOW TUBE,FIBREGLASS “B” CLASS YELLOW TUBE 5mm,5mm,85469090,860,’’,,group_sr_9_to_20_FIBREGLASS_“B”_CLASS_YELLOW_TUBE,1
14,FIBREGLASS “B” CLASS YELLOW TUBE,FIBREGLASS “B” CLASS YELLOW TUBE 6mm,6mm,85469090,1060,’’,,group_sr_9_to_20_FIBREGLASS_“B”_CLASS_YELLOW_TUBE,1
15,FIBREGLASS “B” CLASS YELLOW TUBE,FIBREGLASS “B” CLASS YELLOW TUBE 8mm,8mm,85469090,1420,’’,,sr_15_FIBREGLASS_“B”_CLASS_YELLOW_TUBE_8mm,1
16,FIBREGLASS “B” CLASS YELLOW TUBE,FIBREGLASS “B” CLASS YELLOW TUBE 10mm,10mm,85469090,1820,’’,,group_sr_9_to_20_FIBREGLASS_“B”_CLASS_YELLOW_TUBE,1
17,FIBREGLASS “B” CLASS YELLOW TUBE,FIBREGLASS “B” CLASS YELLOW TUBE 12mm,12mm,85469090,2480,’’,,group_sr_9_to_20_FIBREGLASS_“B”_CLASS_YELLOW_TUBE,1
18,FIBREGLASS “B” CLASS YELLOW TUBE,FIBREGLASS “B” CLASS YELLOW TUBE 16mm,16mm,85469090,3340,’’,,group_sr_9_to_20_FIBREGLASS_“B”_CLASS_YELLOW_TUBE,1
19,FIBREGLASS “B” CLASS YELLOW TUBE,FIBREGLASS “B” CLASS YELLOW TUBE 20mm,20mm,85469090,5000,’’,,group_sr_9_to_20_FIBREGLASS_“B”_CLASS_YELLOW_TUBE,1
20,FIBREGLASS “B” CLASS YELLOW TUBE,FIBREGLASS “B” CLASS YELLOW TUBE 25mm,25mm,85469090,7000,’’,,group_sr_9_to_20_FIBREGLASS_“B”_CLASS_YELLOW_TUBE,1
21,FIBREGLASS “B” CLASS WHITE SPECIAL TUBE,FIBREGLASS “B” CLASS WHITE SPECIAL TUBE 1mm,1mm,85469090,380,’’,,group_sr_21_to_32_FIBREGLASS_“B”_CLASS_WHITE_SPECIAL_TUBE,1
22,FIBREGLASS “B” CLASS WHITE SPECIAL TUBE,FIBREGLASS “B” CLASS WHITE SPECIAL TUBE 2mm,2mm,85469090,427.5,’’,,group_sr_21_to_32_FIBREGLASS_“B”_CLASS_WHITE_SPECIAL_TUBE,1
23,FIBREGLASS “B” CLASS WHITE SPECIAL TUBE,FIBREGLASS “B” CLASS WHITE SPECIAL TUBE 3mm,3mm,85469090,522.5,’’,,group_sr_21_to_32_FIBREGLASS_“B”_CLASS_WHITE_SPECIAL_TUBE,1
24,FIBREGLASS “B” CLASS WHITE SPECIAL TUBE,FIBREGLASS “B” CLASS WHITE SPECIAL TUBE 4mm,4mm,85469090,665,’’,,group_sr_21_to_32_FIBREGLASS_“B”_CLASS_WHITE_SPECIAL_TUBE,1
25,FIBREGLASS “B” CLASS WHITE SPECIAL TUBE,FIBREGLASS “B” CLASS WHITE SPECIAL TUBE 5mm,5mm,85469090,760,’’,,group_sr_21_to_32_FIBREGLASS_“B”_CLASS_WHITE_SPECIAL_TUBE,1
26,FIBREGLASS “B” CLASS WHITE SPECIAL TUBE,FIBREGLASS “B” CLASS WHITE SPECIAL TUBE 6mm,6mm,85469090,950,’’,,sr_26_FIBREGLASS_“B”_CLASS_WHITE_SPECIAL_TUBE_6mm,1
27,FIBREGLASS “B” CLASS WHITE SPECIAL TUBE,FIBREGLASS “B” CLASS WHITE SPECIAL TUBE 8mm,8mm,85469090,1425,’’,,group_sr_21_to_32_FIBREGLASS_“B”_CLASS_WHITE_SPECIAL_TUBE,1
28,FIBREGLASS “B” CLASS WHITE SPECIAL TUBE,FIBREGLASS “B” CLASS WHITE SPECIAL TUBE 10mm,10mm,85469090,2375,’’,,group_sr_21_to_32_FIBREGLASS_“B”_CLASS_WHITE_SPECIAL_TUBE,1
29,FIBREGLASS “B” CLASS WHITE SPECIAL TUBE,FIBREGLASS “B” CLASS WHITE SPECIAL TUBE 12mm,12mm,85469090,2850,’’,,group_sr_21_to_32_FIBREGLASS_“B”_CLASS_WHITE_SPECIAL_TUBE,1
30,FIBREGLASS “B” CLASS WHITE SPECIAL TUBE,FIBREGLASS “B” CLASS WHITE SPECIAL TUBE 16mm,16mm,85469090,3800,’’,,group_sr_21_to_32_FIBREGLASS_“B”_CLASS_WHITE_SPECIAL_TUBE,1
31,FIBREGLASS “B” CLASS WHITE SPECIAL TUBE,FIBREGLASS “B” CLASS WHITE SPECIAL TUBE 20mm,20mm,85469090,4750,’’,,group_sr_21_to_32_FIBREGLASS_“B”_CLASS_WHITE_SPECIAL_TUBE,1
32,FIBREGLASS “B” CLASS WHITE SPECIAL TUBE,FIBREGLASS “B” CLASS WHITE SPECIAL TUBE 25mm,25mm,85469090,5700,’’,,group_sr_21_to_32_FIBREGLASS_“B”_CLASS_WHITE_SPECIAL_TUBE,1
33,FIBREGLASS “F” CLASS TUBE,FIBREGLASS “F” CLASS TUBE 1mm,1mm,85469090,200,’’,,,1
34,FIBREGLASS “F” CLASS TUBE,FIBREGLASS “F” CLASS TUBE 2mm,2mm,85469090,300,’’,,,1
35,FIBREGLASS “F” CLASS TUBE,FIBREGLASS “F” CLASS TUBE 3mm,3mm,85469090,400,’’,,,1
36,FIBREGLASS “F” CLASS TUBE,FIBREGLASS “F” CLASS TUBE 4mm,4mm,85469090,500,’’,,,1
37,FIBREGLASS “F” CLASS TUBE,FIBREGLASS “F” CLASS TUBE 5mm,5mm,85469090,600,’’,,sr_37_FIBREGLASS_“F”_CLASS_TUBE_5mm,1
38,FIBREGLASS “F” CLASS TUBE,FIBREGLASS “F” CLASS TUBE 6mm,6mm,85469090,800,’’,,,1
39,FIBREGLASS “F” CLASS TUBE,FIBREGLASS “F” CLASS TUBE 8mm,8mm,85469090,1000,’’,,,1
40,FIBREGLASS “F” CLASS TUBE,FIBREGLASS “F” CLASS TUBE 10mm,10mm,85469090,1400,’’,,,1
41,FIBREGLASS “F” CLASS TUBE,FIBREGLASS “F” CLASS TUBE 12mm,12mm,85469090,2000,’’,,,1
42,FIBREGLASS “F” CLASS TUBE,FIBREGLASS “F” CLASS TUBE 16mm,16mm,85469090,2900,’’,,sr_42_FIBREGLASS_“F”_CLASS_TUBE_16mm,1
43,FIBREGLASS “F” CLASS TUBE,FIBREGLASS “F” CLASS TUBE 20mm,20mm,85469090,4400,’’,,,1
44,FIBREGLASS “F” CLASS TUBE,FIBREGLASS “F” CLASS TUBE 25mm,25mm,85469090,5400,’’,,,1
45,FIBREGLASS PVC COATED CHINA TUBE,FIBREGLASS PVC COATED CHINA TUBE 1mm,1mm,85469090,150,’’,,group_sr_45_to_57_FIBREGLASS_PVC_COATED_CHINA_TUBE,1
46,FIBREGLASS PVC COATED CHINA TUBE,FIBREGLASS PVC COATED CHINA TUBE 2mm,2mm,85469090,200,’’,,group_sr_45_to_57_FIBREGLASS_PVC_COATED_CHINA_TUBE,1
47,FIBREGLASS PVC COATED CHINA TUBE,FIBREGLASS PVC COATED CHINA TUBE 3mm,3mm,85469090,300,’’,,group_sr_45_to_57_FIBREGLASS_PVC_COATED_CHINA_TUBE,1
48,FIBREGLASS PVC COATED CHINA TUBE,FIBREGLASS PVC COATED CHINA TUBE 4mm,4mm,85469090,400,’’,,group_sr_45_to_57_FIBREGLASS_PVC_COATED_CHINA_TUBE,1
49,FIBREGLASS PVC COATED CHINA TUBE,FIBREGLASS PVC COATED CHINA TUBE 5mm,5mm,85469090,500,’’,,sr_49_FIBREGLASS_PVC_COATED_CHINA_TUBE_5mm,1
50,FIBREGLASS PVC COATED CHINA TUBE,FIBREGLASS PVC COATED CHINA TUBE 6mm,6mm,85469090,600,’’,,group_sr_45_to_57_FIBREGLASS_PVC_COATED_CHINA_TUBE,1
51,FIBREGLASS PVC COATED CHINA TUBE,FIBREGLASS PVC COATED CHINA TUBE 8mm,8mm,85469090,800,’’,,group_sr_45_to_57_FIBREGLASS_PVC_COATED_CHINA_TUBE,1
52,FIBREGLASS PVC COATED CHINA TUBE,FIBREGLASS PVC COATED CHINA TUBE 10mm,10mm,85469090,1000,’’,,group_sr_45_to_57_FIBREGLASS_PVC_COATED_CHINA_TUBE,1
53,FIBREGLASS PVC COATED CHINA TUBE,FIBREGLASS PVC COATED CHINA TUBE 12mm,12mm,85469090,1200,’’,,group_sr_45_to_57_FIBREGLASS_PVC_COATED_CHINA_TUBE,1
54,FIBREGLASS PVC COATED CHINA TUBE,FIBREGLASS PVC COATED CHINA TUBE 14mm,14mm,85469090,2500,’’,,group_sr_45_to_57_FIBREGLASS_PVC_COATED_CHINA_TUBE,1
55,FIBREGLASS PVC COATED CHINA TUBE,FIBREGLASS PVC COATED CHINA TUBE 16mm,16mm,85469090,3000,’’,,group_sr_45_to_57_FIBREGLASS_PVC_COATED_CHINA_TUBE,1
56,FIBREGLASS PVC COATED CHINA TUBE,FIBREGLASS PVC COATED CHINA TUBE 20mm,20mm,85469090,4000,’’,,group_sr_45_to_57_FIBREGLASS_PVC_COATED_CHINA_TUBE,1
57,FIBREGLASS PVC COATED CHINA TUBE,FIBREGLASS PVC COATED CHINA TUBE 25mm,25mm,85469090,5000,’’,,group_sr_45_to_57_FIBREGLASS_PVC_COATED_CHINA_TUBE,1
58,FIBREGLASS SILICON “H” CLASS CHINA TUBE,FIBREGLASS SILICON “H” CLASS CHINA TUBE 1mm,1mm,85469090,220,’’,,group_sr_58_to_70_FIBREGLASS_SILICON_“H”_CLASS_CHINA_TUBE,1
59,FIBREGLASS SILICON “H” CLASS CHINA TUBE,FIBREGLASS SILICON “H” CLASS CHINA TUBE 2mm,2mm,85469090,300,’’,,group_sr_58_to_70_FIBREGLASS_SILICON_“H”_CLASS_CHINA_TUBE,1
60,FIBREGLASS SILICON “H” CLASS CHINA TUBE,FIBREGLASS SILICON “H” CLASS CHINA TUBE 3mm,3mm,85469090,490,’’,,group_sr_58_to_70_FIBREGLASS_SILICON_“H”_CLASS_CHINA_TUBE,1
61,FIBREGLASS SILICON “H” CLASS CHINA TUBE,FIBREGLASS SILICON “H” CLASS CHINA TUBE 4mm,4mm,85469090,610,’’,,group_sr_58_to_70_FIBREGLASS_SILICON_“H”_CLASS_CHINA_TUBE,1
62,FIBREGLASS SILICON “H” CLASS CHINA TUBE,FIBREGLASS SILICON “H” CLASS CHINA TUBE 5mm,5mm,85469090,790,’’,,group_sr_58_to_70_FIBREGLASS_SILICON_“H”_CLASS_CHINA_TUBE,1
63,FIBREGLASS SILICON “H” CLASS CHINA TUBE,FIBREGLASS SILICON “H” CLASS CHINA TUBE 6mm,6mm,85469090,960,’’,,group_sr_58_to_70_FIBREGLASS_SILICON_“H”_CLASS_CHINA_TUBE,1
64,FIBREGLASS SILICON “H” CLASS CHINA TUBE,FIBREGLASS SILICON “H” CLASS CHINA TUBE 8mm,8mm,85469090,1410,’’,,group_sr_58_to_70_FIBREGLASS_SILICON_“H”_CLASS_CHINA_TUBE,1
65,FIBREGLASS SILICON “H” CLASS CHINA TUBE,FIBREGLASS SILICON “H” CLASS CHINA TUBE 10mm,10mm,85469090,1820,’’,,sr_65_FIBREGLASS_SILICON_“H”_CLASS_CHINA_TUBE_10mm,1
66,FIBREGLASS SILICON “H” CLASS CHINA TUBE,FIBREGLASS SILICON “H” CLASS CHINA TUBE 12mm,12mm,85469090,2330,’’,,group_sr_58_to_70_FIBREGLASS_SILICON_“H”_CLASS_CHINA_TUBE,1
67,FIBREGLASS SILICON “H” CLASS CHINA TUBE,FIBREGLASS SILICON “H” CLASS CHINA TUBE 14mm,14mm,85469090,4150,’’,,group_sr_58_to_70_FIBREGLASS_SILICON_“H”_CLASS_CHINA_TUBE,1
68,FIBREGLASS SILICON “H” CLASS CHINA TUBE,FIBREGLASS SILICON “H” CLASS CHINA TUBE 16mm,16mm,85469090,5350,’’,,group_sr_58_to_70_FIBREGLASS_SILICON_“H”_CLASS_CHINA_TUBE,1
69,FIBREGLASS SILICON “H” CLASS CHINA TUBE,FIBREGLASS SILICON “H” CLASS CHINA TUBE 20mm,20mm,85469090,7100,’’,,group_sr_58_to_70_FIBREGLASS_SILICON_“H”_CLASS_CHINA_TUBE,1
70,FIBREGLASS SILICON “H” CLASS CHINA TUBE,FIBREGLASS SILICON “H” CLASS CHINA TUBE 25mm,25mm,85469090,8900,’’,,group_sr_58_to_70_FIBREGLASS_SILICON_“H”_CLASS_CHINA_TUBE,1
71,PVC CORD AND PIPES,"PVC CORD IN BLACK , GREY Colour 0.5mm",0.5mm,,120,100mtr.,,group_sr_71_to_95_PVC_CORD_AND_PIPES,1
72,PVC CORD AND PIPES,"PVC PIPES IN BLACK, RED, BLUE, YELLOW , 0.5mm",0.5mm,,120,’’,,group_sr_71_to_95_PVC_CORD_AND_PIPES,1
73,PVC CORD AND PIPES,"PVC CORD AND PIPES GREEN, WHITE GREY Colour 1.0mm",1.0mm,,130,’’,,group_sr_71_to_95_PVC_CORD_AND_PIPES,1
74,PVC CORD AND PIPES,PVC CORD AND PIPES General Items 1.5mm,1.5mm,39173210,140,’’,,group_sr_71_to_95_PVC_CORD_AND_PIPES,1
75,PVC CORD AND PIPES,PVC CORD AND PIPES General Items 2.0mm,2.0mm,39173210,150,’’,,sr_75_PVC_CORD_AND_PIPES_General_Items_2_0mm,1
76,PVC CORD AND PIPES,PVC CORD AND PIPES General Items 2.5mm,2.5mm,39173210,200,’’,,group_sr_71_to_95_PVC_CORD_AND_PIPES,1
77,PVC CORD AND PIPES,PVC CORD AND PIPES General Items 3.0mm,3.0mm,39173210,90,30mtr.,,group_sr_71_to_95_PVC_CORD_AND_PIPES,1
78,PVC CORD AND PIPES,PVC CORD AND PIPES General Items 4.0mm,4.0mm,39173210,110,’’,,group_sr_71_to_95_PVC_CORD_AND_PIPES,1
79,PVC CORD AND PIPES,PVC CORD AND PIPES General Items 5.0mm,5.0mm,39173210,150,’’,,group_sr_71_to_95_PVC_CORD_AND_PIPES,1
80,PVC CORD AND PIPES,PVC CORD AND PIPES General Items 6.0mm,6.0mm,39173210,170,’’,,group_sr_71_to_95_PVC_CORD_AND_PIPES,1
81,PVC CORD AND PIPES,PVC CORD AND PIPES General Items 7.0mm,7.0mm,39173210,210,’’,,group_sr_71_to_95_PVC_CORD_AND_PIPES,1
82,PVC CORD AND PIPES,PVC CORD AND PIPES General Items 8.0mm,8.0mm,39173210,230,’’,,group_sr_71_to_95_PVC_CORD_AND_PIPES,1
83,PVC CORD AND PIPES,PVC CORD AND PIPES General Items 10.0mm,10.0mm,39173210,300,’’,,group_sr_71_to_95_PVC_CORD_AND_PIPES,1
84,PVC CORD AND PIPES,PVC CORD AND PIPES General Items 12.0mm,12.0mm,39173210,380,’’,,group_sr_71_to_95_PVC_CORD_AND_PIPES,1
85,PVC CORD AND PIPES,PVC CORD AND PIPES General Items 14.0mm,14.0mm,39173210,460,’’,,group_sr_71_to_95_PVC_CORD_AND_PIPES,1
86,PVC CORD AND PIPES,PVC CORD AND PIPES General Items 16.0mm,16.0mm,39173210,500,’’,,sr_86_PVC_CORD_AND_PIPES_General_Items_16_0mm,1
87,PVC CORD AND PIPES,PVC CORD AND PIPES General Items 18.0mm,18.0mm,39173210,630,’’,,group_sr_71_to_95_PVC_CORD_AND_PIPES,1
88,PVC CORD AND PIPES,PVC CORD AND PIPES General Items 20.0mm,20.0mm,39173210,700,’’,,group_sr_71_to_95_PVC_CORD_AND_PIPES,1
89,PVC CORD AND PIPES,PVC CORD AND PIPES General Items 22.0mm,22.0mm,39173210,840,’’,,group_sr_71_to_95_PVC_CORD_AND_PIPES,1
90,PVC CORD AND PIPES,PVC CORD AND PIPES General Items 25.0mm,25.0mm,39173210,960,’’,,group_sr_71_to_95_PVC_CORD_AND_PIPES,1
91,PVC CORD AND PIPES,PVC CORD AND PIPES General Items 30.0mm,30.0mm,39173210,1300,’’,,group_sr_71_to_95_PVC_CORD_AND_PIPES,1
92,PVC CORD AND PIPES,PVC CORD AND PIPES General Items 35.0mm,35.0mm,39173210,1800,’’,,group_sr_71_to_95_PVC_CORD_AND_PIPES,1
93,PVC CORD AND PIPES,PVC CORD AND PIPES General Items 40.0mm,40.0mm,39173210,1920,’’,,group_sr_71_to_95_PVC_CORD_AND_PIPES,1
94,PVC CORD AND PIPES,PVC CORD AND PIPES General Items 45.0mm,45.0mm,39173210,2200,’’,,group_sr_71_to_95_PVC_CORD_AND_PIPES,1
95,PVC CORD AND PIPES,PVC CORD AND PIPES General Items 50.0mm,50.0mm,39173210,2400,’’,,group_sr_71_to_95_PVC_CORD_AND_PIPES,1
96,Base Bar,"Base Bar 6 x 6 , 8 x 4 , 9 x 3","6 x 6 , 8 x 4 , 9 x 3",39173100,9,’’,,,1
97,Base Bar,"Base Bar 9 x 6 , 12 x 3","9 x 6 , 12 x 3",39173100,9.2,’’,,"sr_97_Base_Bar_9_x_6_,_12_x_3",1
98,Base Bar,"Base Bar 12 x 6 , 15 x 3","12 x 6 , 15 x 3",39173100,9.9,’’,,,1
99,Base Bar,"Base Bar 20 x 3, 4, 16 x 3 , 18 x 6","20 x 3, 4, 16 x 3 , 18 x 6",39173100,10.8,’’,,,1
100,Base Bar,"Base Bar 20 x 6, 25 x 3","20 x 6, 25 x 3",39173100,11,’’,,,1
101,Base Bar,"Base Bar 25 x 6, 10","25 x 6, 10",39173100,13,’’,,,1
102,Base Bar,"Base Bar 25, 30 x 10, 12.5","25, 30 x 10, 12.5",39173100,15.2,’’,,,1
103,Base Bar,"Base Bar 38 x 9 , 12","38 x 9 , 12",39173100,17.4,’’,,,1
104,Base Bar,"Base Bar 38 x 12 , 40 x 10","38 x 12 , 40 x 10",39173100,19,’’,,,1
105,Base Bar,Base Bar 50 x 6,50 x 6,39173100,22.8,’’,,,1
106,Base Bar,"Base Bar 50 x 9 , 10 , 12","50 x 9 , 10 , 12",39173100,25.6,’’,,,1
107,Base Bar,"Base Bar 60 x 10 , 12 & 75 x 6","60 x 10 , 12 & 75 x 6",39173100,28.4,’’,,,1
108,Base Bar,"Base Bar 60 x 10 , 12 & 75 x 12","60 x 10 , 12 & 75 x 12",39173100,33.8,’’,,,1
109,Base Bar,"Base Bar 90 x 6, 10","90 x 6, 10",39173100,36.8,’’,,,1
110,Base Bar,"Base Bar x 6, 10 , 12","100 x 6, 10 , 12",39173100,43,’’,,,1
111,Base Bar,"Base Bar , 110 x 6 , 10, 12","100 , 110 x 6 , 10, 12",39173100,44,’’,,,1
112,Base Bar,"Base Bar x 6 , 10","115 x 6 , 10",39173100,48,’’,,,1
113,Base Bar,"Base Bar x 6 , 10","125 x 6 , 10",39173100,54,’’,,,1
114,Base Bar,"Base Bar x 6 , 12","150 x 6 , 12",39173100,60,’’,,,1
115,Base Bar,"Base Bar x 6 , 12","175 x 6 , 12",39173100,68,’’,,,1
116,Base Bar,"Base Bar x 6 , 10 , 12","200 x 6 , 10 , 12",39173100,74,’’,,,1
117,Base Bar,Base Bar SILICON RUBBER TUBE Size 1mm,SILICON RUBBER TUBE Size 1mm,39173100,16,Mtr.,,,1
118,Base Bar,Base Bar 2mm,2mm,40094100,20,’’,,,1
119,Base Bar,Base Bar 2.5mm,2.5mm,40094100,28,’’,,,1
120,Base Bar,Base Bar 3mm,3mm,40094100,40,’’,,,1
121,Base Bar,Base Bar 4mm,4mm,40094100,54,’’,,sr_121_Base_Bar_4mm,1
122,Base Bar,Base Bar 5mm,5mm,40094100,60,’’,,,1
123,Base Bar,Base Bar 6mm,6mm,40094100,78,’’,,,1
124,TEFLON TUBE,TEFLON TUBE 0.5mm,0.5mm,39172190,11,’’,,sr_124_TEFLON_TUBE_0_5mm,1
125,TEFLON TUBE,TEFLON TUBE 1.0mm,1.0mm,39172190,13,’’,,teflon_tube,1
126,TEFLON TUBE,TEFLON TUBE 1.5mm,1.5mm,39172190,20,’’,,teflon_tube,1
127,TEFLON TUBE,TEFLON TUBE 2.0mm,2.0mm,39172190,28,’’,,teflon_tube,1
128,TEFLON TUBE,TEFLON TUBE 2.5mm,2.5mm,39172190,35,’’,,teflon_tube,1
129,TEFLON TUBE,TEFLON TUBE 3.0mm,3.0mm,39172190,50,’’,,teflon_tube,1
130,TEFLON TUBE,TEFLON TUBE 3.5mm,3.5mm,39172190,60,’’,,teflon_tube,1
131,TEFLON TUBE,TEFLON TUBE 4.0mm,4.0mm,39172190,66,’’,,teflon_tube,1
132,TEFLON TUBE,TEFLON TUBE 5.0mm,5.0mm,39172190,96,’’,,teflon_tube,1
133,TEFLON TUBE,TEFLON TUBE 6.0mm,6.0mm,39172190,110,’’,,teflon_tube,1
134,TEFLON TUBE,TEFLON TUBE 7.0mm,7.0mm,39172190,124,’’,,teflon_tube,1
135,TEFLON TUBE,TEFLON TUBE 8.0mm,8.0mm,39172190,166,’’,,teflon_tube,1
136,TEFLON TUBE,TEFLON TUBE 9.0mm,9.0mm,39172190,194,’’,,teflon_tube,1
137,TEFLON TUBE,TEFLON TUBE 10.0mm,10.0mm,39172190,250,’’,,teflon_tube,1
138,PVC Flexible Pipe,PVC Flexible Pipe I.D. Size 10mm ( ½” ) 100mtr.Coil,,85469090,660,Coil,100mtr.Coil,group_sr_138_to_144_PVC_Flexible_Pipe,2
139,PVC Flexible Pipe,PVC Flexible Pipe 16mm ( ¼” ) 50mtr. Coil,,39173100,230,’’,50mtr. Coil,sr_139_PVC_Flexible_Pipe_16mm_(_¼”_)_50mtr_Coil,2
140,PVC Flexible Pipe,PVC Flexible Pipe 20mm ( ¾” ) 50mtr. Coil,,39173100,260,’’,50mtr. Coil,sr_140_PVC_Flexible_Pipe_20mm_(_¾”_)_50mtr_Coil,2
141,PVC Flexible Pipe,PVC Flexible Pipe 25mm ( 1” ) 25mtr. Coil,,39173100,210,’’,25mtr. Coil,group_sr_138_to_144_PVC_Flexible_Pipe,2
142,PVC Flexible Pipe,PVC Flexible Pipe 32mm ( 1 ¼” ) 25mtr. Coil,,39173100,400,’’,25mtr. Coil,group_sr_138_to_144_PVC_Flexible_Pipe,2
143,PVC Flexible Pipe,PVC Flexible Pipe 40mm ( 1 ½” ) 20mtr. Coil,,39173100,460,’’,20mtr. Coil,group_sr_138_to_144_PVC_Flexible_Pipe,2
144,PVC Flexible Pipe,PVC Flexible Pipe 50mm ( 2” ) 15mtr. Coil,,39173100,480,’’,15mtr. Coil,group_sr_138_to_144_PVC_Flexible_Pipe,2
145,PVC Flexible Pipe Adaptor,PVC Flexible Pipe Adaptor O.D.Size 16mm ( ½” ) 50pcs Box,,39173100,5.8,Pcs.,50pcs Box,group_sr_145_to_150_PVC_Flexible_Pipe_Adaptor,2
146,PVC Flexible Pipe Adaptor,PVC Flexible Pipe Adaptor 20mm ( ¾” ) 50pcs Box,,39173100,6.9,’’,50pcs Box,group_sr_145_to_150_PVC_Flexible_Pipe_Adaptor,2
147,PVC Flexible Pipe Adaptor,PVC Flexible Pipe Adaptor 25mm ( 1” ) 25pcs Box,,39173100,9.8,’’,25pcs Box,group_sr_145_to_150_PVC_Flexible_Pipe_Adaptor,2
148,PVC Flexible Pipe Adaptor,PVC Flexible Pipe Adaptor 32mm ( 1 ¼” ) 20pcs Box,,39173100,13.4,’’,20pcs Box,group_sr_145_to_150_PVC_Flexible_Pipe_Adaptor,2
149,PVC Flexible Pipe Adaptor,PVC Flexible Pipe Adaptor 40mm ( 1 ½” ) 20pcs Box,,39173100,19.6,’’,20pcs Box,sr_149_PVC_Flexible_Pipe_Adaptor_40mm_(_1_½”_)_20pcs_Box,2
150,PVC Flexible Pipe Adaptor,PVC Flexible Pipe Adaptor 50mm ( 2” ) 10pcs Box,,39173100,26,’’,10pcs Box,group_sr_145_to_150_PVC_Flexible_Pipe_Adaptor,2
151,Galvanised Flexible Pipe,Galvanised Flexible Pipe Galvanished (G. I .) Flexible Pipe Size ½” 15mtr. Coil,,39173100,28,Mtr.,15mtr. Coil,,2
152,Galvanised Flexible Pipe,Galvanised Flexible Pipe 5/8” 15mtr. Coil,,83071000,36,’’,15mtr. Coil,,2
153,Galvanised Flexible Pipe,Galvanised Flexible Pipe ¾” 15mtr. Coil,,83071000,38,’’,15mtr. Coil,,2
154,Galvanised Flexible Pipe,Galvanised Flexible Pipe 1” 15mtr. Coil,,83071000,50,’’,15mtr. Coil,,2
155,Galvanised Flexible Pipe,Galvanised Flexible Pipe 1 ¼” 15mtr. Coil,,83071000,76,’’,15mtr. Coil,,2
156,Galvanised Flexible Pipe,"Galvanised Flexible Pipe 1 ¾"" 15mtr. Coil",,83071000,86,’’,15mtr. Coil,,2
157,Galvanised Flexible Pipe,Galvanised Flexible Pipe 2” 15mtr. Coil,,83071000,120,’’,15mtr. Coil,sr_157_Galvanised_Flexible_Pipe_2”_15mtr_Coil,2
158,Galvanised Flexible Pipe,Galvanised Flexible Pipe 2 ¾” 15mtr. Coil,,83071000,240,’’,15mtr. Coil,,2
159,Galvanised Flexible Pipe,Galvanised Flexible Pipe 3” 15mtr. Coil,,83071000,280,’’,15mtr. Coil,,2
160,Rubber Type Heat Shrinkable Tubing,Rubber Type Heat Shrinkable Tubing I.D.Size 1.00mm 200mtr.,,85469090,4,Mtr.,200mtr.,group_sr_160_to_198_Rubber_Type_Heat_Shrinkable_Tubing,2
161,Rubber Type Heat Shrinkable Tubing,Rubber Type Heat Shrinkable Tubing Available in Black Colour 1.50mm 200mtr.,,85469090,5,’’,200mtr.,group_sr_160_to_198_Rubber_Type_Heat_Shrinkable_Tubing,2
162,Rubber Type Heat Shrinkable Tubing,Rubber Type Heat Shrinkable Tubing Red 2.00mm 200mtr.,,85469090,6,’’,200mtr.,group_sr_160_to_198_Rubber_Type_Heat_Shrinkable_Tubing,2
163,Rubber Type Heat Shrinkable Tubing,Rubber Type Heat Shrinkable Tubing Yellow 2.50mm 200mtr.,,85469090,7,’’,200mtr.,group_sr_160_to_198_Rubber_Type_Heat_Shrinkable_Tubing,2
164,Rubber Type Heat Shrinkable Tubing,Rubber Type Heat Shrinkable Tubing Blue 3.00mm 200mtr.,,85469090,8,’’,200mtr.,group_sr_160_to_198_Rubber_Type_Heat_Shrinkable_Tubing,2
165,Rubber Type Heat Shrinkable Tubing,Rubber Type Heat Shrinkable Tubing Green 3.50mm 200mtr.,,85469090,9,’’,200mtr.,group_sr_160_to_198_Rubber_Type_Heat_Shrinkable_Tubing,2
166,Rubber Type Heat Shrinkable Tubing,Rubber Type Heat Shrinkable Tubing Clear 4.00mm 100mtr.,,85469090,10,’’,100mtr.,group_sr_160_to_198_Rubber_Type_Heat_Shrinkable_Tubing,2
167,Rubber Type Heat Shrinkable Tubing,Rubber Type Heat Shrinkable Tubing 4.50mm 100mtr.,,85469090,12,’’,100mtr.,group_sr_160_to_198_Rubber_Type_Heat_Shrinkable_Tubing,2
168,Rubber Type Heat Shrinkable Tubing,Rubber Type Heat Shrinkable Tubing 5.00mm 100mtr.,,85469090,13,’’,100mtr.,group_sr_160_to_198_Rubber_Type_Heat_Shrinkable_Tubing,2
169,Rubber Type Heat Shrinkable Tubing,Rubber Type Heat Shrinkable Tubing 6.00mm 100mtr.,,85469090,15,’’,100mtr.,group_sr_160_to_198_Rubber_Type_Heat_Shrinkable_Tubing,2
170,Rubber Type Heat Shrinkable Tubing,Rubber Type Heat Shrinkable Tubing 7.00mm 100mtr.,,85469090,16,’’,100mtr.,sr_170_Rubber_Type_Heat_Shrinkable_Tubing_7_00mm_100mtr,2
171,Rubber Type Heat Shrinkable Tubing,Rubber Type Heat Shrinkable Tubing 8.00mm 100mtr.,,85469090,17,’’,100mtr.,group_sr_160_to_198_Rubber_Type_Heat_Shrinkable_Tubing,2
172,Rubber Type Heat Shrinkable Tubing,Rubber Type Heat Shrinkable Tubing 9.00mm 100mtr.,,85469090,17,’’,100mtr.,group_sr_160_to_198_Rubber_Type_Heat_Shrinkable_Tubing,2
173,Rubber Type Heat Shrinkable Tubing,Rubber Type Heat Shrinkable Tubing 10.00mm 100mtr.,,85469090,18,’’,100mtr.,group_sr_160_to_198_Rubber_Type_Heat_Shrinkable_Tubing,2
174,Rubber Type Heat Shrinkable Tubing,Rubber Type Heat Shrinkable Tubing 11.00mm 100mtr.,,85469090,20,’’,100mtr.,group_sr_160_to_198_Rubber_Type_Heat_Shrinkable_Tubing,2
175,Rubber Type Heat Shrinkable Tubing,Rubber Type Heat Shrinkable Tubing 12.00mm 100mtr.,,85469090,21,’’,100mtr.,group_sr_160_to_198_Rubber_Type_Heat_Shrinkable_Tubing,2
176,Rubber Type Heat Shrinkable Tubing,Rubber Type Heat Shrinkable Tubing 13.00mm 100mtr.,,85469090,23,’’,100mtr.,group_sr_160_to_198_Rubber_Type_Heat_Shrinkable_Tubing,2
177,Rubber Type Heat Shrinkable Tubing,Rubber Type Heat Shrinkable Tubing 14.00mm 100mtr.,,85469090,26,’’,100mtr.,group_sr_160_to_198_Rubber_Type_Heat_Shrinkable_Tubing,2
178,Rubber Type Heat Shrinkable Tubing,Rubber Type Heat Shrinkable Tubing 15.00mm 100mtr.,,85469090,30,’’,100mtr.,group_sr_160_to_198_Rubber_Type_Heat_Shrinkable_Tubing,2
179,Rubber Type Heat Shrinkable Tubing,Rubber Type Heat Shrinkable Tubing 16.00mm 100mtr.,,85469090,35,’’,100mtr.,group_sr_160_to_198_Rubber_Type_Heat_Shrinkable_Tubing,2
180,Rubber Type Heat Shrinkable Tubing,Rubber Type Heat Shrinkable Tubing 17.00mm 100mtr.,,85469090,43,’’,100mtr.,group_sr_160_to_198_Rubber_Type_Heat_Shrinkable_Tubing,2
181,Rubber Type Heat Shrinkable Tubing,Rubber Type Heat Shrinkable Tubing 18.00mm 100mtr.,,85469090,45,’’,100mtr.,group_sr_160_to_198_Rubber_Type_Heat_Shrinkable_Tubing,2
182,Rubber Type Heat Shrinkable Tubing,Rubber Type Heat Shrinkable Tubing 20.00mm 100mtr.,,85469090,56,’’,100mtr.,group_sr_160_to_198_Rubber_Type_Heat_Shrinkable_Tubing,2
183,Rubber Type Heat Shrinkable Tubing,Rubber Type Heat Shrinkable Tubing 22.00mm 100mtr.,,85469090,69,’’,100mtr.,group_sr_160_to_198_Rubber_Type_Heat_Shrinkable_Tubing,2
184,Rubber Type Heat Shrinkable Tubing,Rubber Type Heat Shrinkable Tubing 25.00mm 50mtr.,,85469090,75,’’,50mtr.,group_sr_160_to_198_Rubber_Type_Heat_Shrinkable_Tubing,2
185,Rubber Type Heat Shrinkable Tubing,Rubber Type Heat Shrinkable Tubing 28.00mm 50mtr.,,85469090,91,’’,50mtr.,group_sr_160_to_198_Rubber_Type_Heat_Shrinkable_Tubing,2
186,Rubber Type Heat Shrinkable Tubing,Rubber Type Heat Shrinkable Tubing 30.00mm 50mtr.,,85469090,99,’’,50mtr.,group_sr_160_to_198_Rubber_Type_Heat_Shrinkable_Tubing,2
187,Rubber Type Heat Shrinkable Tubing,Rubber Type Heat Shrinkable Tubing 35.00mm 50mtr.,,85469090,126,’’,50mtr.,group_sr_160_to_198_Rubber_Type_Heat_Shrinkable_Tubing,2
188,Rubber Type Heat Shrinkable Tubing,Rubber Type Heat Shrinkable Tubing 40.00mm 50mtr.,,85469090,140,’’,50mtr.,group_sr_160_to_198_Rubber_Type_Heat_Shrinkable_Tubing,2
189,Rubber Type Heat Shrinkable Tubing,Rubber Type Heat Shrinkable Tubing 45.00mm 50mtr.,,85469090,154,’’,50mtr.,group_sr_160_to_198_Rubber_Type_Heat_Shrinkable_Tubing,2
190,Rubber Type Heat Shrinkable Tubing,Rubber Type Heat Shrinkable Tubing 50.00mm 50mtr.,,85469090,168,’’,50mtr.,group_sr_160_to_198_Rubber_Type_Heat_Shrinkable_Tubing,2
191,Rubber Type Heat Shrinkable Tubing,Rubber Type Heat Shrinkable Tubing 60.00mm 25mtr.,,85469090,223,’’,25mtr.,group_sr_160_to_198_Rubber_Type_Heat_Shrinkable_Tubing,2
192,Rubber Type Heat Shrinkable Tubing,Rubber Type Heat Shrinkable Tubing 70.00mm 25mtr.,,85469090,291,’’,25mtr.,sr_192_Rubber_Type_Heat_Shrinkable_Tubing_70_00mm_25mtr,2
193,Rubber Type Heat Shrinkable Tubing,Rubber Type Heat Shrinkable Tubing 80.00mm 25mtr.,,85469090,321,’’,25mtr.,sr_193_Rubber_Type_Heat_Shrinkable_Tubing_80_00mm_25mtr,2
194,Rubber Type Heat Shrinkable Tubing,Rubber Type Heat Shrinkable Tubing 90.00mm 25mtr.,,85469090,394,’’,25mtr.,group_sr_160_to_198_Rubber_Type_Heat_Shrinkable_Tubing,2
195,Rubber Type Heat Shrinkable Tubing,Rubber Type Heat Shrinkable Tubing 100.00mm 25mtr.,,85469090,499,’’,25mtr.,group_sr_160_to_198_Rubber_Type_Heat_Shrinkable_Tubing,2
196,Rubber Type Heat Shrinkable Tubing,Rubber Type Heat Shrinkable Tubing 120.00mm 25mtr.,,85469090,657,’’,25mtr.,group_sr_160_to_198_Rubber_Type_Heat_Shrinkable_Tubing,2
197,Rubber Type Heat Shrinkable Tubing,Rubber Type Heat Shrinkable Tubing 150.00mm 25mtr.,,85469090,823,’’,25mtr.,group_sr_160_to_198_Rubber_Type_Heat_Shrinkable_Tubing,2
198,Rubber Type Heat Shrinkable Tubing,Rubber Type Heat Shrinkable Tubing 180.00mm 25mtr.,,85469090,1138,’’,25mtr.,group_sr_160_to_198_Rubber_Type_Heat_Shrinkable_Tubing,2
199,M a r k i n g P r i n t i n g S l e v e / T u b i n g,M a r k i n g P r i n t i n g S l e v e / T u b i n g I.D.Size 1.5mm 0.50sqmm,,39173990,338,100m,0.50sqmm,group_sr_199_to_346_M_a_r_k_i_n_g_P_r_i_n_t_i_n_g_S_l_e_v_e_T_u_b_i_n_g,2
200,M a r k i n g P r i n t i n g S l e v e / T u b i n g,M a r k i n g P r i n t i n g S l e v e / T u b i n g 2.0mm 0.75sqmm,,39173990,428,’’,0.75sqmm,group_sr_199_to_346_M_a_r_k_i_n_g_P_r_i_n_t_i_n_g_S_l_e_v_e_T_u_b_i_n_g,2
201,M a r k i n g P r i n t i n g S l e v e / T u b i n g,M a r k i n g P r i n t i n g S l e v e / T u b i n g 2.2mm 1.0sqmm,,39173990,465,’’,1.0sqmm,group_sr_199_to_346_M_a_r_k_i_n_g_P_r_i_n_t_i_n_g_S_l_e_v_e_T_u_b_i_n_g,2
202,M a r k i n g P r i n t i n g S l e v e / T u b i n g,M a r k i n g P r i n t i n g S l e v e / T u b i n g 2.5mm 1.0sqmm,,39173990,510,’’,1.0sqmm,sr_202_M_a_r_k_i_n_g_P_r_i_n_t_i_n_g_S_l_e_v_e_T_u_b_i_n_g_2_5mm_1_0sqmm,2
203,M a r k i n g P r i n t i n g S l e v e / T u b i n g,M a r k i n g P r i n t i n g S l e v e / T u b i n g 3.0mm 1.5sqmm,,39173990,622,’’,1.5sqmm,group_sr_199_to_346_M_a_r_k_i_n_g_P_r_i_n_t_i_n_g_S_l_e_v_e_T_u_b_i_n_g,2
204,M a r k i n g P r i n t i n g S l e v e / T u b i n g,M a r k i n g P r i n t i n g S l e v e / T u b i n g 3.2mm 1.5sqmm,,39173990,638,’’,1.5sqmm,group_sr_199_to_346_M_a_r_k_i_n_g_P_r_i_n_t_i_n_g_S_l_e_v_e_T_u_b_i_n_g,2
205,M a r k i n g P r i n t i n g S l e v e / T u b i n g,M a r k i n g P r i n t i n g S l e v e / T u b i n g 3.5mm 1.5sqmm,,39173990,675,’’,1.5sqmm,group_sr_199_to_346_M_a_r_k_i_n_g_P_r_i_n_t_i_n_g_S_l_e_v_e_T_u_b_i_n_g,2
206,M a r k i n g P r i n t i n g S l e v e / T u b i n g,M a r k i n g P r i n t i n g S l e v e / T u b i n g .4.0mm 2.5sqmm,,39173990,772,’’,2.5sqmm,sr_206_M_a_r_k_i_n_g_P_r_i_n_t_i_n_g_S_l_e_v_e_T_u_b_i_n_g_4_0mm_2_5sqmm,2
207,M a r k i n g P r i n t i n g S l e v e / T u b i n g,M a r k i n g P r i n t i n g S l e v e / T u b i n g 4.2mm 2.5sqmm,,39173990,802,’’,2.5sqmm,group_sr_199_to_346_M_a_r_k_i_n_g_P_r_i_n_t_i_n_g_S_l_e_v_e_T_u_b_i_n_g,2
208,M a r k i n g P r i n t i n g S l e v e / T u b i n g,M a r k i n g P r i n t i n g S l e v e / T u b i n g 4.5mm 2.5sqmm,,39173990,840,’’,2.5sqmm,group_sr_199_to_346_M_a_r_k_i_n_g_P_r_i_n_t_i_n_g_S_l_e_v_e_T_u_b_i_n_g,2
209,M a r k i n g P r i n t i n g S l e v e / T u b i n g,M a r k i n g P r i n t i n g S l e v e / T u b i n g 5.0mm 4.0sqmm,,39173990,930,’’,4.0sqmm,group_sr_199_to_346_M_a_r_k_i_n_g_P_r_i_n_t_i_n_g_S_l_e_v_e_T_u_b_i_n_g,2
210,M a r k i n g P r i n t i n g S l e v e / T u b i n g,M a r k i n g P r i n t i n g S l e v e / T u b i n g 5.2mm 4.0sqmm,,39173990,975,’’,4.0sqmm,sr_210_M_a_r_k_i_n_g_P_r_i_n_t_i_n_g_S_l_e_v_e_T_u_b_i_n_g_5_2mm_4_0sqmm,2
211,M a r k i n g P r i n t i n g S l e v e / T u b i n g,M a r k i n g P r i n t i n g S l e v e / T u b i n g 5.5mm 4.0sqmm,,39173990,1020,’’,4.0sqmm,group_sr_199_to_346_M_a_r_k_i_n_g_P_r_i_n_t_i_n_g_S_l_e_v_e_T_u_b_i_n_g,2
212,M a r k i n g P r i n t i n g S l e v e / T u b i n g,M a r k i n g P r i n t i n g S l e v e / T u b i n g 6.0mm 6.0sqmm,,39173990,1118,’’,6.0sqmm,group_sr_199_to_346_M_a_r_k_i_n_g_P_r_i_n_t_i_n_g_S_l_e_v_e_T_u_b_i_n_g,2
213,M a r k i n g P r i n t i n g S l e v e / T u b i n g,M a r k i n g P r i n t i n g S l e v e / T u b i n g 7.0mm 10.0sqmm,,39173990,1635,’’,10.0sqmm,group_sr_199_to_346_M_a_r_k_i_n_g_P_r_i_n_t_i_n_g_S_l_e_v_e_T_u_b_i_n_g,2
214,M a r k i n g P r i n t i n g S l e v e / T u b i n g,M a r k i n g P r i n t i n g S l e v e / T u b i n g 8.0mm 16.0sqmm,,39173990,1860,’’,16.0sqmm,group_sr_199_to_346_M_a_r_k_i_n_g_P_r_i_n_t_i_n_g_S_l_e_v_e_T_u_b_i_n_g,2
215,M a r k i n g P r i n t i n g S l e v e / T u b i n g,M a r k i n g P r i n t i n g S l e v e / T u b i n g 9.0mm 16.0sqmm,,39173990,2190,’’,16.0sqmm,group_sr_199_to_346_M_a_r_k_i_n_g_P_r_i_n_t_i_n_g_S_l_e_v_e_T_u_b_i_n_g,2
216,M a r k i n g P r i n t i n g S l e v e / T u b i n g,M a r k i n g P r i n t i n g S l e v e / T u b i n g 10.0mm 25.0sqmm,,39173990,1298,’’,25.0sqmm,group_sr_199_to_346_M_a_r_k_i_n_g_P_r_i_n_t_i_n_g_S_l_e_v_e_T_u_b_i_n_g,2
217,M a r k i n g P r i n t i n g S l e v e / T u b i n g,M a r k i n g P r i n t i n g S l e v e / T u b i n g 12.0mm 35.0sqmm,,39173990,1530,’’,35.0sqmm,group_sr_199_to_346_M_a_r_k_i_n_g_P_r_i_n_t_i_n_g_S_l_e_v_e_T_u_b_i_n_g,2
218,TEFLON TUBE,TEFLON TUBE PE SPIRAL WRAPPING TUBE Size 1/8” (03.00mm),,39172190,160,Coil,50mtr.Coil,teflon_tube,2
219,TEFLON TUBE,TEFLON TUBE ¼” (06.40mm),,39173100,200,’’,25mtr.Coil,teflon_tube,2
220,TEFLON TUBE,TEFLON TUBE 3/8” (09.50mm),,39173100,200,’’,25mtr.Coil,teflon_tube,2
221,TEFLON TUBE,TEFLON TUBE ½” (12.70mm),,39173100,300,’’,25mtr.Coil,teflon_tube,2
222,TEFLON TUBE,TEFLON TUBE 5/8” (15.90mm),,39173100,620,’’,25mtr.Coil,teflon_tube,2
223,TEFLON TUBE,TEFLON TUBE ¾” (19.00mm),,39173100,680,’’,25mtr.Coil,sr_223_TEFLON_TUBE_¾”_(19_00mm),2
224,TEFLON TUBE,TEFLON TUBE 1” (25.40mm),,39173100,920,’’,25mtr.Coil,teflon_tube,2
225,TEFLON TUBE,TEFLON TUBE 1 ¼” (31.75mm),,39173100,2000,’’,25mtr.Coil,teflon_tube,2
226,TEFLON TUBE,TEFLON TUBE 1 ½”(38.00mm),,39173100,2500,’’,10mtr.Coil,teflon_tube,2
227,PVC Channel Box,PVC Channel Box 15mm x 15mm,,39174000,104,Mtr.,300mtr.,group_sr_227_to_261_PVC_Channel_Box,2
228,PVC Channel Box,PVC Channel Box 25mm x 25mm,,39174000,170,’’,100mtr.,group_sr_227_to_261_PVC_Channel_Box,2
229,PVC Channel Box,PVC Channel Box 30mm x 25mm,,39174000,182,’’,90mtr.,group_sr_227_to_261_PVC_Channel_Box,2
230,PVC Channel Box,PVC Channel Box 40mm x 30mm,,39174000,224,’’,100mtr.,group_sr_227_to_261_PVC_Channel_Box,2
231,PVC Channel Box,PVC Channel Box 45mm x 25mm,,39174000,222,’’,100mtr.,group_sr_227_to_261_PVC_Channel_Box,2
232,PVC Channel Box,PVC Channel Box 45mm x 45mm,,39174000,116,’’,80mtr.,group_sr_227_to_261_PVC_Channel_Box,2
233,PVC Channel Box,PVC Channel Box 45mm x 60mm,,39174000,144,’’,70mtr.,group_sr_227_to_261_PVC_Channel_Box,2
234,PVC Channel Box,PVC Channel Box 60mm x 25mm,,39174000,116,’’,75mtr.,group_sr_227_to_261_PVC_Channel_Box,2
235,PVC Channel Box,PVC Channel Box 60mm x 45mm,,39174000,128,’’,70mtr.,group_sr_227_to_261_PVC_Channel_Box,2
236,PVC Channel Box,PVC Channel Box 60mm x 60mm,,39174000,162,’’,50mtr.,group_sr_227_to_261_PVC_Channel_Box,2
237,PVC Channel Box,PVC Channel Box 75mm x 25mm,,39174000,134,’’,60mtr.,sr_237_PVC_Channel_Box_75mm_x_25mm,2
238,PVC Channel Box,PVC Channel Box 75mm x 45mm,,39174000,180,’’,50mtr.,group_sr_227_to_261_PVC_Channel_Box,2
239,PVC Channel Box,PVC Channel Box 75mm x 60mm,,39174000,202,’’,40mtr.,group_sr_227_to_261_PVC_Channel_Box,2
240,PVC Channel Box,PVC Channel Box 75mm x 75mm,,39174000,242,’’,30mtr.,group_sr_227_to_261_PVC_Channel_Box,2
241,PVC Channel Box,PVC Channel Box 80mm x 25mm,,39174000,268,’’,40mtr.,group_sr_227_to_261_PVC_Channel_Box,2
242,PVC Channel Box,PVC Channel Box 80mm x 45mm,,39174000,346,’’,25mtr.,group_sr_227_to_261_PVC_Channel_Box,2
243,PVC Channel Box,PVC Channel Box 80mm x 60mm,,39174000,230,’’,20mtr.,group_sr_227_to_261_PVC_Channel_Box,2
244,PVC Channel Box,PVC Channel Box 100mm x 80mm,,39174000,392,’’,25mtr.,group_sr_227_to_261_PVC_Channel_Box,2
245,PVC Channel Box,PVC Channel Box 100mm x 100mm,,39174000,460,’’,20mtr.,group_sr_227_to_261_PVC_Channel_Box,2
246,PVC Channel Box,PVC Channel Box 150mm x 150mm,,39174000,600,’’,20mtr.,group_sr_227_to_261_PVC_Channel_Box,2
247,PVC Channel Box,PVC Channel Box Fiber Glass Varnished Cable Size,,39174000,14,’’,0.50sqmm,group_sr_227_to_261_PVC_Channel_Box,2
248,PVC Channel Box,PVC Channel Box Size Height x Weight,,85444299,16,’’,0.75sqmm,sr_248_PVC_Channel_Box_Size_Height_x_Weight,2
249,PVC Channel Box,PVC Channel Box Size Height x Weight,,85444299,20,’’,1.00sqmm,group_sr_227_to_261_PVC_Channel_Box,2
250,PVC Channel Box,PVC Channel Box Size Height x Weight,,85444299,22,’’,1.50sqmm,sr_250_PVC_Channel_Box_Size_Height_x_Weight,2
251,PVC Channel Box,PVC Channel Box Size Height x Weight,,85444299,34,’’,2.50sqmm,group_sr_227_to_261_PVC_Channel_Box,2
252,PVC Channel Box,PVC Channel Box Size Height x Weight,,85444299,48,’’,4.00sqmm,group_sr_227_to_261_PVC_Channel_Box,2
253,PVC Channel Box,PVC Channel Box Size Height x Weight,,85444299,70,’’,6.00sqmm,sr_253_PVC_Channel_Box_Size_Height_x_Weight,2
254,PVC Channel Box,PVC Channel Box Size Height x Weight,,85444299,160,’’,10.00sqmm,group_sr_227_to_261_PVC_Channel_Box,2
255,PVC Channel Box,PVC Channel Box Size Height x Weight,,85444299,256,’’,16.00sqmm,sr_255_PVC_Channel_Box_Size_Height_x_Weight,2
256,PVC Channel Box,PVC Channel Box Size Height x Weight,,85444299,400,’’,25.00sqmm,group_sr_227_to_261_PVC_Channel_Box,2
257,PVC Channel Box,PVC Channel Box Size Height x Weight,,85444299,560,’’,35.00sqmm,group_sr_227_to_261_PVC_Channel_Box,2
258,PVC Channel Box,PVC Channel Box Size Height x Weight,,85444299,800,’’,50.00sqmm,group_sr_227_to_261_PVC_Channel_Box,2
259,PVC Channel Box,PVC Channel Box S.S. Mix Fiber Glass Varnished Cable Size,,85444299,46,’’,2.50sqmm,group_sr_227_to_261_PVC_Channel_Box,2
260,PVC Channel Box,PVC Channel Box Size Height x Weight,,85444299,66,’’,4.00sqmm,sr_260_PVC_Channel_Box_Size_Height_x_Weight,2
261,PVC Channel Box,PVC Channel Box Size Height x Weight,,85444299,96,’’,6.00sqmm,group_sr_227_to_261_PVC_Channel_Box,2
262,TEFLON CABLE,TEFLON CABLE 26/7/36 7/0.16 0.15,,85444920,11,Mtr.,0.15,group_sr_262_to_428_TEFLON_CABLE,2
263,TEFLON CABLE,TEFLON CABLE 24/7/32 7/0.20 0.22,,85444920,14,’’,0.22,sr_263_TEFLON_CABLE_24732_70_20_0_22,2
264,TEFLON CABLE,TEFLON CABLE 24/19/36 19/0.13 0.25,,85444920,16,’’,0.25,sr_264_TEFLON_CABLE_241936_190_13_0_25,2
265,TEFLON CABLE,TEFLON CABLE 22/19/34 19/0.16 0.40,,85444920,20,’’,0.4,group_sr_262_to_428_TEFLON_CABLE,2
266,TEFLON CABLE,TEFLON CABLE 20/7/28 7/0.32 0.60,,85444920,21,’’,0.6,group_sr_262_to_428_TEFLON_CABLE,2
267,TEFLON CABLE,TEFLON CABLE 20/19/32 19/0.20 0.75,,85444920,25,’’,0.75,group_sr_262_to_428_TEFLON_CABLE,2
268,TEFLON CABLE,TEFLON CABLE 18/19/30 19/0.25 1.00,,85444920,35,’’,1,group_sr_262_to_428_TEFLON_CABLE,2
269,TEFLON CABLE,TEFLON CABLE 16/19/29 19/0.29 1.30,,85444920,42,’’,1.3,group_sr_262_to_428_TEFLON_CABLE,2
270,TEFLON CABLE,TEFLON CABLE 15/19/28 19/0.32 1.50,,85444920,51,’’,1.5,group_sr_262_to_428_TEFLON_CABLE,2
271,TEFLON CABLE,TEFLON CABLE 14/19/27 19/0.36 2.00,,85444920,63,’’,2,group_sr_262_to_428_TEFLON_CABLE,2
272,TEFLON CABLE,TEFLON CABLE 13/19/26 19/0.40 2.50,,85444920,76,’’,2.5,group_sr_262_to_428_TEFLON_CABLE,2
273,TEFLON CABLE,TEFLON CABLE 12/19/25 19/0.45 3.30,,85444920,95,’’,3.3,group_sr_262_to_428_TEFLON_CABLE,2
274,TEFLON CABLE,TEFLON CABLE 11/19/24 19/0.50 4.00,,85444920,114,’’,4,group_sr_262_to_428_TEFLON_CABLE,2
275,TEFLON CABLE,TEFLON CABLE 10/19/22 19/0.65 6.00,,85444920,170,’’,6,sr_275_TEFLON_CABLE_101922_190_65_6_00,2
276,TEFLON CABLE,TEFLON CABLE 8/133/29 133/0.29 10.00,,85444920,284,’’,10,group_sr_262_to_428_TEFLON_CABLE,2
277,TEFLON CABLE,TEFLON CABLE 6/133/27 133/0.36 16.00,,85444920,454,’’,16,group_sr_262_to_428_TEFLON_CABLE,2
278,TEFLON CABLE,Teflon Shielding Cable 3Core Size 26/7/34 3core/22.0 11.00,,85444920,170,’’,11,group_sr_262_to_428_TEFLON_CABLE,2
279,TEFLON CABLE,TEFLON CABLE 24/7/32 3core/25.0 12.50,,85444920,284,’’,12.5,group_sr_262_to_428_TEFLON_CABLE,2
280,TEFLON CABLE,TEFLON CABLE Tinned Copper Fuse Wire ( 4yd.Reel in Dozen ) .,,85444920,90,Doz.,5amp.,group_sr_262_to_428_TEFLON_CABLE,2
281,TEFLON CABLE,TEFLON CABLE Size Awg mm Sqmm,,74130000,100,’’,10amp.,group_sr_262_to_428_TEFLON_CABLE,2
282,TEFLON CABLE,TEFLON CABLE Size Awg mm Sqmm,,74130000,120,’’,15amp.,group_sr_262_to_428_TEFLON_CABLE,2
283,TEFLON CABLE,TEFLON CABLE Size Awg mm Sqmm,,74130000,160,’’,20amp.,group_sr_262_to_428_TEFLON_CABLE,2
284,TEFLON CABLE,TEFLON CABLE Size Awg mm Sqmm,,74130000,180,’’,25amp.,sr_284_TEFLON_CABLE_Size_Awg_mm_Sqmm,2
285,TEFLON CABLE,TEFLON CABLE Size Awg mm Sqmm,,74130000,200,’’,30amp.,group_sr_262_to_428_TEFLON_CABLE,2
286,TEFLON CABLE,TEFLON CABLE Size Awg mm Sqmm,,74130000,260,’’,35amp.,sr_286_TEFLON_CABLE_Size_Awg_mm_Sqmm,2
287,TEFLON CABLE,TEFLON CABLE Size Awg mm Sqmm,,74130000,320,’’,40amp.,sr_287_TEFLON_CABLE_Size_Awg_mm_Sqmm,2
288,TEFLON CABLE,TEFLON CABLE Size Awg mm Sqmm,,74130000,400,’’,60amp.,group_sr_262_to_428_TEFLON_CABLE,2
289,TEFLON CABLE,TEFLON CABLE Size Awg mm Sqmm,,74130000,660,’’,100amp.,group_sr_262_to_428_TEFLON_CABLE,2
290,TEFLON CABLE,TEFLON CABLE ( 200gm.Reel )12swg to 30swg.,,74130000,2700,Kg.,( 200gm.Reel )12swg to 30swg.,sr_290_TEFLON_CABLE_(_200gm_Reel_)12swg_to_30swg,2
291,TEFLON CABLE,TEFLON CABLE ( 200gm.Reel )33swg to 42swg.,,74130000,3000,’’,( 200gm.Reel )33swg to 42swg.,group_sr_262_to_428_TEFLON_CABLE,2
292,TEFLON CABLE,TEFLON CABLE ( 1Kg. Packing ) Any Swg.,,74130000,2600,’’,( 1Kg. Packing ) Any Swg.,group_sr_262_to_428_TEFLON_CABLE,2
293,TEFLON CABLE,TEFLON CABLE Insulating Varnish 250 ml.,,74130000,130,Tin,Insulating Varnish 250 ml.,group_sr_262_to_428_TEFLON_CABLE,2
294,TEFLON CABLE,TEFLON CABLE ml.,,32081010,230,’’,HSN Code-32081010 500 ml.,sr_294_TEFLON_CABLE_ml,2
295,TEFLON CABLE,TEFLON CABLE 1 Liter.,,32081010,570,’’,1 Liter.,group_sr_262_to_428_TEFLON_CABLE,2
296,TEFLON CABLE,TEFLON CABLE 5 Liters.,,32081010,2800,’’,5 Liters.,group_sr_262_to_428_TEFLON_CABLE,2
297,TEFLON CABLE,TEFLON CABLE 20 Liters.,,32081010,11000,’’,20 Liters.,group_sr_262_to_428_TEFLON_CABLE,2
298,M a r k i n g P r i n t i n g S l e v e / T u b i n g,M a r k i n g P r i n t i n g S l e v e / T u b i n g C a p a c i t o r s PVC Square 1.50mfd 440v.,,39173990,40,Pcs.,,group_sr_199_to_346_M_a_r_k_i_n_g_P_r_i_n_t_i_n_g_S_l_e_v_e_T_u_b_i_n_g,3
299,M a r k i n g P r i n t i n g S l e v e / T u b i n g,M a r k i n g P r i n t i n g S l e v e / T u b i n g PVC Square 1.85mfd 440v.,,85322500,40,’’,,group_sr_199_to_346_M_a_r_k_i_n_g_P_r_i_n_t_i_n_g_S_l_e_v_e_T_u_b_i_n_g,3
300,M a r k i n g P r i n t i n g S l e v e / T u b i n g,M a r k i n g P r i n t i n g S l e v e / T u b i n g PVC Square 2.00mfd 440v.,,85322500,40,’’,,group_sr_199_to_346_M_a_r_k_i_n_g_P_r_i_n_t_i_n_g_S_l_e_v_e_T_u_b_i_n_g,3
301,M a r k i n g P r i n t i n g S l e v e / T u b i n g,M a r k i n g P r i n t i n g S l e v e / T u b i n g PVC Square 2.25mfd 440v.,,85322500,40,’’,,group_sr_199_to_346_M_a_r_k_i_n_g_P_r_i_n_t_i_n_g_S_l_e_v_e_T_u_b_i_n_g,3
302,M a r k i n g P r i n t i n g S l e v e / T u b i n g,M a r k i n g P r i n t i n g S l e v e / T u b i n g PVC Square 2.50mfd 440v.,,85322500,40,’’,,sr_302_M_a_r_k_i_n_g_P_r_i_n_t_i_n_g_S_l_e_v_e_T_u_b_i_n_g_PVC_Square_2_50mfd_440v,3
303,M a r k i n g P r i n t i n g S l e v e / T u b i n g,M a r k i n g P r i n t i n g S l e v e / T u b i n g PVC Round 2.00mfd 440v.,,85322500,50.00 .00,’’,,group_sr_199_to_346_M_a_r_k_i_n_g_P_r_i_n_t_i_n_g_S_l_e_v_e_T_u_b_i_n_g,3
304,M a r k i n g P r i n t i n g S l e v e / T u b i n g,M a r k i n g P r i n t i n g S l e v e / T u b i n g PVC Round 2.25mfd 440v.,,85322500,50,’’,,group_sr_199_to_346_M_a_r_k_i_n_g_P_r_i_n_t_i_n_g_S_l_e_v_e_T_u_b_i_n_g,3
305,M a r k i n g P r i n t i n g S l e v e / T u b i n g,M a r k i n g P r i n t i n g S l e v e / T u b i n g PVC Round 2.50mfd 440v.,,85322500,50,’’,,group_sr_199_to_346_M_a_r_k_i_n_g_P_r_i_n_t_i_n_g_S_l_e_v_e_T_u_b_i_n_g,3
306,M a r k i n g P r i n t i n g S l e v e / T u b i n g,M a r k i n g P r i n t i n g S l e v e / T u b i n g PVC Round 3.15mfd 440v.,,85322500,58,’’,,sr_306_M_a_r_k_i_n_g_P_r_i_n_t_i_n_g_S_l_e_v_e_T_u_b_i_n_g_PVC_Round_3_15mfd_440v,3
307,M a r k i n g P r i n t i n g S l e v e / T u b i n g,M a r k i n g P r i n t i n g S l e v e / T u b i n g PVC Round 4.00mfd 440v.,,85322500,70,’’,,group_sr_199_to_346_M_a_r_k_i_n_g_P_r_i_n_t_i_n_g_S_l_e_v_e_T_u_b_i_n_g,3
308,M a r k i n g P r i n t i n g S l e v e / T u b i n g,M a r k i n g P r i n t i n g S l e v e / T u b i n g Water Pump 1/8 HP PVC 6.00mfd 440v.,,85322500,94,’’,,sr_308_M_a_r_k_i_n_g_P_r_i_n_t_i_n_g_S_l_e_v_e_T_u_b_i_n_g_Water_Pump_18_HP_PVC_6_00mfd_440v,3
309,M a r k i n g P r i n t i n g S l e v e / T u b i n g,M a r k i n g P r i n t i n g S l e v e / T u b i n g Water Pump 1/4 HP PVC 8.00mfd 440v.,,85322500,110,’’,,group_sr_199_to_346_M_a_r_k_i_n_g_P_r_i_n_t_i_n_g_S_l_e_v_e_T_u_b_i_n_g,3
310,M a r k i n g P r i n t i n g S l e v e / T u b i n g,M a r k i n g P r i n t i n g S l e v e / T u b i n g Water Pump 1/2 HP PVC 10.00mfd 440v.,,85322500,120,’’,,group_sr_199_to_346_M_a_r_k_i_n_g_P_r_i_n_t_i_n_g_S_l_e_v_e_T_u_b_i_n_g,3
311,M a r k i n g P r i n t i n g S l e v e / T u b i n g,M a r k i n g P r i n t i n g S l e v e / T u b i n g Water Pump 3/4 HP PVC 12.50mfd 440v.,,85322500,130,’’,,group_sr_199_to_346_M_a_r_k_i_n_g_P_r_i_n_t_i_n_g_S_l_e_v_e_T_u_b_i_n_g,3
312,M a r k i n g P r i n t i n g S l e v e / T u b i n g,M a r k i n g P r i n t i n g S l e v e / T u b i n g Water Pump 1 HP PVC 15.00mfd 440v.,,85322500,150,’’,,group_sr_199_to_346_M_a_r_k_i_n_g_P_r_i_n_t_i_n_g_S_l_e_v_e_T_u_b_i_n_g,3
313,M a r k i n g P r i n t i n g S l e v e / T u b i n g,M a r k i n g P r i n t i n g S l e v e / T u b i n g Pump Jet 3/4 Tone AC PVC 20.00mfd 440v.,,85322500,200,’’,,group_sr_199_to_346_M_a_r_k_i_n_g_P_r_i_n_t_i_n_g_S_l_e_v_e_T_u_b_i_n_g,3
314,M a r k i n g P r i n t i n g S l e v e / T u b i n g,M a r k i n g P r i n t i n g S l e v e / T u b i n g 1 Tone AC PVC 25.00mfd 440v.,,85322500,240,’’,,group_sr_199_to_346_M_a_r_k_i_n_g_P_r_i_n_t_i_n_g_S_l_e_v_e_T_u_b_i_n_g,3
315,M a r k i n g P r i n t i n g S l e v e / T u b i n g,M a r k i n g P r i n t i n g S l e v e / T u b i n g 1.1/2 Tone AC PVC 30.00mfd 440v.,,85322500,260,’’,,group_sr_199_to_346_M_a_r_k_i_n_g_P_r_i_n_t_i_n_g_S_l_e_v_e_T_u_b_i_n_g,3
316,M a r k i n g P r i n t i n g S l e v e / T u b i n g,M a r k i n g P r i n t i n g S l e v e / T u b i n g 2 Tone AC PVC 25.00mfd 440v.,,85322500,240,’’,,sr_316_M_a_r_k_i_n_g_P_r_i_n_t_i_n_g_S_l_e_v_e_T_u_b_i_n_g_2_Tone_AC_PVC_25_00mfd_440v,3
317,M a r k i n g P r i n t i n g S l e v e / T u b i n g,M a r k i n g P r i n t i n g S l e v e / T u b i n g 2 Tone AC PVC 30.00mfd 440v.,,85322500,260,’’,,group_sr_199_to_346_M_a_r_k_i_n_g_P_r_i_n_t_i_n_g_S_l_e_v_e_T_u_b_i_n_g,3
318,M a r k i n g P r i n t i n g S l e v e / T u b i n g,M a r k i n g P r i n t i n g S l e v e / T u b i n g PVC 35.00mfd 440v.,,85322500,280,’’,,group_sr_199_to_346_M_a_r_k_i_n_g_P_r_i_n_t_i_n_g_S_l_e_v_e_T_u_b_i_n_g,3
319,M a r k i n g P r i n t i n g S l e v e / T u b i n g,M a r k i n g P r i n t i n g S l e v e / T u b i n g PVC 40.00mfd 440v.,,85322500,360,’’,,group_sr_199_to_346_M_a_r_k_i_n_g_P_r_i_n_t_i_n_g_S_l_e_v_e_T_u_b_i_n_g,3
320,M a r k i n g P r i n t i n g S l e v e / T u b i n g,M a r k i n g P r i n t i n g S l e v e / T u b i n g PVC 45.00mfd 440v.,,85322500,440,’’,,group_sr_199_to_346_M_a_r_k_i_n_g_P_r_i_n_t_i_n_g_S_l_e_v_e_T_u_b_i_n_g,3
321,M a r k i n g P r i n t i n g S l e v e / T u b i n g,M a r k i n g P r i n t i n g S l e v e / T u b i n g PVC 50.00mfd 440v.,,85322500,500,’’,,group_sr_199_to_346_M_a_r_k_i_n_g_P_r_i_n_t_i_n_g_S_l_e_v_e_T_u_b_i_n_g,3
322,M a r k i n g P r i n t i n g S l e v e / T u b i n g,M a r k i n g P r i n t i n g S l e v e / T u b i n g Washing Machine Videocon 5.3mfd + 2.1mfd.,,85322500,123,’’,,group_sr_199_to_346_M_a_r_k_i_n_g_P_r_i_n_t_i_n_g_S_l_e_v_e_T_u_b_i_n_g,3
323,M a r k i n g P r i n t i n g S l e v e / T u b i n g,M a r k i n g P r i n t i n g S l e v e / T u b i n g Washing Machine BPL 9.5mfd.+ 4mfd.,,85322500,129,’’,,group_sr_199_to_346_M_a_r_k_i_n_g_P_r_i_n_t_i_n_g_S_l_e_v_e_T_u_b_i_n_g,3
324,M a r k i n g P r i n t i n g S l e v e / T u b i n g,M a r k i n g P r i n t i n g S l e v e / T u b i n g Washing Machine Whirl Pool 10mfd + 5mfd.,,85322500,129,’’,,group_sr_199_to_346_M_a_r_k_i_n_g_P_r_i_n_t_i_n_g_S_l_e_v_e_T_u_b_i_n_g,3
325,M a r k i n g P r i n t i n g S l e v e / T u b i n g,M a r k i n g P r i n t i n g S l e v e / T u b i n g Washing Machine Whirl Pool 12mfd + 5mfd.,,85322500,135,’’,,group_sr_199_to_346_M_a_r_k_i_n_g_P_r_i_n_t_i_n_g_S_l_e_v_e_T_u_b_i_n_g,3
326,M a r k i n g P r i n t i n g S l e v e / T u b i n g,M a r k i n g P r i n t i n g S l e v e / T u b i n g Starting Capacitor 1/8 HP Motors 40/60mfd.,,85322500,80,’’,,group_sr_199_to_346_M_a_r_k_i_n_g_P_r_i_n_t_i_n_g_S_l_e_v_e_T_u_b_i_n_g,3
327,M a r k i n g P r i n t i n g S l e v e / T u b i n g,M a r k i n g P r i n t i n g S l e v e / T u b i n g Starting Capacitor 1/4 HP Motors 60/80mfd.,,85322500,90,’’,,group_sr_199_to_346_M_a_r_k_i_n_g_P_r_i_n_t_i_n_g_S_l_e_v_e_T_u_b_i_n_g,3
328,M a r k i n g P r i n t i n g S l e v e / T u b i n g,M a r k i n g P r i n t i n g S l e v e / T u b i n g Starting Capacitor 1/2 HP Motors 80/100mfd.,,85322500,100,’’,,sr_328_M_a_r_k_i_n_g_P_r_i_n_t_i_n_g_S_l_e_v_e_T_u_b_i_n_g_Starting_Capacitor_12_HP_Motors_80100mfd,3
329,M a r k i n g P r i n t i n g S l e v e / T u b i n g,M a r k i n g P r i n t i n g S l e v e / T u b i n g Starting Capacitor 3/4 HP Motors 100/120mfd.,,85322500,110,’’,,group_sr_199_to_346_M_a_r_k_i_n_g_P_r_i_n_t_i_n_g_S_l_e_v_e_T_u_b_i_n_g,3
330,M a r k i n g P r i n t i n g S l e v e / T u b i n g,M a r k i n g P r i n t i n g S l e v e / T u b i n g Starting Capacitor 1 HP Motors 120/150mfd.,,85322500,120,’’,,group_sr_199_to_346_M_a_r_k_i_n_g_P_r_i_n_t_i_n_g_S_l_e_v_e_T_u_b_i_n_g,3
331,M a r k i n g P r i n t i n g S l e v e / T u b i n g,M a r k i n g P r i n t i n g S l e v e / T u b i n g Starting Capacitor 3/4 HP Motors 150/200mfd.,,85322500,140,’’,,group_sr_199_to_346_M_a_r_k_i_n_g_P_r_i_n_t_i_n_g_S_l_e_v_e_T_u_b_i_n_g,3
332,M a r k i n g P r i n t i n g S l e v e / T u b i n g,M a r k i n g P r i n t i n g S l e v e / T u b i n g Starting Capacitor 3/4 HP Motors 200/250mfd.,,85322500,160,’’,,group_sr_199_to_346_M_a_r_k_i_n_g_P_r_i_n_t_i_n_g_S_l_e_v_e_T_u_b_i_n_g,3
333,M a r k i n g P r i n t i n g S l e v e / T u b i n g,M a r k i n g P r i n t i n g S l e v e / T u b i n g Starting Capacitor 3/4 HP Motors 250/300mfd.,,85322500,200,’’,,group_sr_199_to_346_M_a_r_k_i_n_g_P_r_i_n_t_i_n_g_S_l_e_v_e_T_u_b_i_n_g,3
334,M a r k i n g P r i n t i n g S l e v e / T u b i n g,M a r k i n g P r i n t i n g S l e v e / T u b i n g Starting Capacitor 3/4 HP Motors 300/350mfd.,,85322500,300,’’,,sr_334_M_a_r_k_i_n_g_P_r_i_n_t_i_n_g_S_l_e_v_e_T_u_b_i_n_g_Starting_Capacitor_34_HP_Motors_300350mfd,3
335,M a r k i n g P r i n t i n g S l e v e / T u b i n g,M a r k i n g P r i n t i n g S l e v e / T u b i n g PVC Capacitor Clamp with Connector Ordinary,,85322500,10,’’,,group_sr_199_to_346_M_a_r_k_i_n_g_P_r_i_n_t_i_n_g_S_l_e_v_e_T_u_b_i_n_g,3
336,M a r k i n g P r i n t i n g S l e v e / T u b i n g,M a r k i n g P r i n t i n g S l e v e / T u b i n g PVC Capacitor Clamp with Connector Special,,85322500,16,’’,,sr_336_M_a_r_k_i_n_g_P_r_i_n_t_i_n_g_S_l_e_v_e_T_u_b_i_n_g_PVC_Capacitor_Clamp_with_Connector_Special,3
337,M a r k i n g P r i n t i n g S l e v e / T u b i n g,"M a r k i n g P r i n t i n g S l e v e / T u b i n g White ,Brown PVC Canopy",,85322500,40,’’,,group_sr_199_to_346_M_a_r_k_i_n_g_P_r_i_n_t_i_n_g_S_l_e_v_e_T_u_b_i_n_g,3
338,M a r k i n g P r i n t i n g S l e v e / T u b i n g,M a r k i n g P r i n t i n g S l e v e / T u b i n g C o o l i n g F a n Size 3” x 12/24volt,,85322500,300,’’,,group_sr_199_to_346_M_a_r_k_i_n_g_P_r_i_n_t_i_n_g_S_l_e_v_e_T_u_b_i_n_g,3
339,M a r k i n g P r i n t i n g S l e v e / T u b i n g,M a r k i n g P r i n t i n g S l e v e / T u b i n g Size 3” x 230volt,,85322500,480,’’,,group_sr_199_to_346_M_a_r_k_i_n_g_P_r_i_n_t_i_n_g_S_l_e_v_e_T_u_b_i_n_g,3
340,M a r k i n g P r i n t i n g S l e v e / T u b i n g,M a r k i n g P r i n t i n g S l e v e / T u b i n g Size 4” x 230volt,,85322500,400,’’,,group_sr_199_to_346_M_a_r_k_i_n_g_P_r_i_n_t_i_n_g_S_l_e_v_e_T_u_b_i_n_g,3
341,M a r k i n g P r i n t i n g S l e v e / T u b i n g,M a r k i n g P r i n t i n g S l e v e / T u b i n g Size 6” x 230volt,,85322500,900,’’,,sr_341_M_a_r_k_i_n_g_P_r_i_n_t_i_n_g_S_l_e_v_e_T_u_b_i_n_g_Size_6”_x_230volt,3
342,M a r k i n g P r i n t i n g S l e v e / T u b i n g,M a r k i n g P r i n t i n g S l e v e / T u b i n g Size 8” x 230volt,,85322500,1900,’’,,group_sr_199_to_346_M_a_r_k_i_n_g_P_r_i_n_t_i_n_g_S_l_e_v_e_T_u_b_i_n_g,3
343,M a r k i n g P r i n t i n g S l e v e / T u b i n g,M a r k i n g P r i n t i n g S l e v e / T u b i n g Cooler Fan Grill / Jalli ( 4 Leg ) Size 3”,,85322500,20,’’,,group_sr_199_to_346_M_a_r_k_i_n_g_P_r_i_n_t_i_n_g_S_l_e_v_e_T_u_b_i_n_g,3
344,M a r k i n g P r i n t i n g S l e v e / T u b i n g,M a r k i n g P r i n t i n g S l e v e / T u b i n g ( 4 Leg ) Size 4”,,84145990,24,’’,,group_sr_199_to_346_M_a_r_k_i_n_g_P_r_i_n_t_i_n_g_S_l_e_v_e_T_u_b_i_n_g,3
345,M a r k i n g P r i n t i n g S l e v e / T u b i n g,M a r k i n g P r i n t i n g S l e v e / T u b i n g ( 2 Leg) ( 4 Leg ) Size 6”,,84145990,50,’’,,sr_345_M_a_r_k_i_n_g_P_r_i_n_t_i_n_g_S_l_e_v_e_T_u_b_i_n_g_(_2_Leg)_(_4_Leg_)_Size_6”,3
346,M a r k i n g P r i n t i n g S l e v e / T u b i n g,M a r k i n g P r i n t i n g S l e v e / T u b i n g ( 2 Leg) ( 4 Leg ) Size 8”,,84145990,96,’’,,group_sr_199_to_346_M_a_r_k_i_n_g_P_r_i_n_t_i_n_g_S_l_e_v_e_T_u_b_i_n_g,3
347,Telephone Products & Accessories,Telephone Products & Accessories Single Line Rosette Box (Small),,85177090,24,Pcs.,,group_sr_347_to_378_Telephone_Products_&_Accessories,3
348,Telephone Products & Accessories,Telephone Products & Accessories Double Line Rosette Box (Small),,85177090,30,’’,,sr_348_Telephone_Products_&_Accessories_Double_Line_Rosette_Box_(Small),3
349,Telephone Products & Accessories,Telephone Products & Accessories RJ-45-8C Rosette Box,,85177090,70,’’,,group_sr_347_to_378_Telephone_Products_&_Accessories,3
350,Telephone Products & Accessories,Telephone Products & Accessories RJ-6 Line Socket Coupler,,85177090,30,’’,,group_sr_347_to_378_Telephone_Products_&_Accessories,3
351,Telephone Products & Accessories,Telephone Products & Accessories RJ-6 “T” Adaptor 1Jack to 2 Socket,,85177090,40,’’,,group_sr_347_to_378_Telephone_Products_&_Accessories,3
352,Telephone Products & Accessories,Telephone Products & Accessories RJ-45-8C Socket Coupler,,85177090,30,’’,,group_sr_347_to_378_Telephone_Products_&_Accessories,3
353,Telephone Products & Accessories,Telephone Products & Accessories RJ-45-8C“T” Adaptor 1Jack to 2 Socket,,85177090,50,’’,,group_sr_347_to_378_Telephone_Products_&_Accessories,3
354,Telephone Products & Accessories,Telephone Products & Accessories RJ-45-8C“T”Adaptor 1 Socket to 2 Socket,,85177090,40,’’,,group_sr_347_to_378_Telephone_Products_&_Accessories,3
355,Telephone Products & Accessories,Telephone Products & Accessories Single Line 6P2C(RJ-6) Plug/Jack,,85177090,2,’’,,group_sr_347_to_378_Telephone_Products_&_Accessories,3
356,Telephone Products & Accessories,Telephone Products & Accessories Double Line 6P4C(RJ-11) Plug/Jack,,85177090,4,’’,,group_sr_347_to_378_Telephone_Products_&_Accessories,3
357,Telephone Products & Accessories,Telephone Products & Accessories Receiver Line 6P4C Plug/Jack,,85177090,3,’’,,group_sr_347_to_378_Telephone_Products_&_Accessories,3
358,Telephone Products & Accessories,Telephone Products & Accessories Internet RJ-45–8C Plug/Jack,,85177090,10,’’,,group_sr_347_to_378_Telephone_Products_&_Accessories,3
359,Telephone Products & Accessories,Telephone Extra Ringer,,85177090,100,’’,,group_sr_347_to_378_Telephone_Products_&_Accessories,3
360,Telephone Products & Accessories,Telephone Wire Single Line 100 yd. Bdle.,,85177090,600,’’,,group_sr_347_to_378_Telephone_Products_&_Accessories,3
361,Telephone Products & Accessories,Telephone Cord Single Line 1½yd.,,85177090,24,’’,,group_sr_347_to_378_Telephone_Products_&_Accessories,3
362,Telephone Products & Accessories,Telephone Cord Single Line 3yd.,,85177090,32,’’,,group_sr_347_to_378_Telephone_Products_&_Accessories,3
363,Telephone Products & Accessories,Telephone Cord Single Line 5yd.,,85177090,42,’’,,group_sr_347_to_378_Telephone_Products_&_Accessories,3
364,Telephone Products & Accessories,Telephone Wire Double Line 100 yd. Bdle.,,85177090,1200,’’,,group_sr_347_to_378_Telephone_Products_&_Accessories,3
365,Telephone Products & Accessories,Telephone Cord Single Line 1½yd.,,85177090,24,’’,,group_sr_347_to_378_Telephone_Products_&_Accessories,3
366,Telephone Products & Accessories,Telephone Cord Single Line 3yd.,,85177090,32,’’,,sr_366_Telephone_Cord_Single_Line_3yd,3
367,Telephone Products & Accessories,Telephone Cord Single Line 5yd.,,85177090,44,’’,,group_sr_347_to_378_Telephone_Products_&_Accessories,3
368,Telephone Products & Accessories,Telephone Small Receiver Cord.,,85177090,30,’’,,group_sr_347_to_378_Telephone_Products_&_Accessories,3
369,Telephone Products & Accessories,Telephone Big Receiver Cord.,,85177090,40,’’,,group_sr_347_to_378_Telephone_Products_&_Accessories,3
370,Telephone Products & Accessories,Telephone Products & Accessories 305mtr Internet/Patch/ CAT 5/6 RJ-45 Line 100yd Bdle.,,85177090,15000,’’,,group_sr_347_to_378_Telephone_Products_&_Accessories,3
371,Telephone Products & Accessories,Telephone Products & Accessories Internet/Patch/ CAT 5/6 RJ-45 Cord 2yd.,,85177090,80,’’,,group_sr_347_to_378_Telephone_Products_&_Accessories,3
372,Telephone Products & Accessories,Telephone Products & Accessories Internet/Patch/ CAT 5/6 RJ-45 Cord 3yd.,,85177090,120,’’,,group_sr_347_to_378_Telephone_Products_&_Accessories,3
373,Telephone Products & Accessories,Telephone Products & Accessories Internet/Patch/ CAT 5/6 RJ-45 Cord 5yd.,,85177090,180,’’,,group_sr_347_to_378_Telephone_Products_&_Accessories,3
374,Telephone Products & Accessories,Telephone Products & Accessories Internet/Patch/ CAT 5/6 RJ-45 Cord 10yd.,,85177090,360,’’,,group_sr_347_to_378_Telephone_Products_&_Accessories,3
375,Telephone Products & Accessories,"Telephone Products & Accessories 3 in 1 Crimping Tool RJ-6, RJ-11,RJ-12, RJ-45",,85177090,360,’’,,group_sr_347_to_378_Telephone_Products_&_Accessories,3
376,Telephone Products & Accessories,Telephone Products & Accessories Plier Crome Tool,,85177090,160,’’,,group_sr_347_to_378_Telephone_Products_&_Accessories,3
377,Telephone Products & Accessories,Telephone Products & Accessories Plier Tool Crome Tester Cord,,85177090,140,’’,,group_sr_347_to_378_Telephone_Products_&_Accessories,3
378,Telephone Products & Accessories,"Telephone Products & Accessories LAN Cable Tester RJ-6, RJ-11, & RJ-45 Cord",,85177090,360,’’,,group_sr_347_to_378_Telephone_Products_&_Accessories,3
379,TEFLON CABLE,Teflon White Plumber Tape Size ¾” x 12mtrs. 39209999,,39209999,30,Roll,,group_sr_262_to_428_TEFLON_CABLE,3
380,TEFLON CABLE,TEFLON CABLE PVC HeatSealing Non-Adhesive Size 3/4” x 25mtrs. 39211200,,39211200,50,’’,,sr_380_TEFLON_CABLE_PVC_HeatSealing_Non_Adhesive_Size_34”_x_25mtrs_39211200,3
381,TEFLON CABLE,TEFLON CABLE PVC ‘Wonder’ Adhesive Tape Size 3/4” x 6yd. 39199090,,39199090,12,’’,,group_sr_262_to_428_TEFLON_CABLE,3
382,TEFLON CABLE,TEFLON CABLE PVC Adhesive Tape Size 1” x 25yd. 39199090,,39199090,80,’’,,sr_382_TEFLON_CABLE_PVC_Adhesive_Tape_Size_1”_x_25yd_39199090,3
383,TEFLON CABLE,TEFLON CABLE PVC Adhesive Tape Size 2” x 25yd. 39199090,,39199090,100,’’,,sr_383_TEFLON_CABLE_PVC_Adhesive_Tape_Size_2”_x_25yd_39199090,3
384,TEFLON CABLE,TEFLON CABLE PVC Adhesive Monson Tape Size 2” x 6yd. 39199090,,39199090,60,’’,,group_sr_262_to_428_TEFLON_CABLE,3
385,TEFLON CABLE,TEFLON CABLE PVC ‘STEELGRIP’ Adhesive Tape Size 3/4” x 6mtr. 39199090,,39199090,18,’’,,group_sr_262_to_428_TEFLON_CABLE,3
386,TEFLON CABLE,TEFLON CABLE Fiber Glass Unvarnish Tape Size 5mil. x ½” x 50mtrs. 70193000,,70193000,112,’’,,group_sr_262_to_428_TEFLON_CABLE,3
387,TEFLON CABLE,TEFLON CABLE Size 5mil. x ¾” x 50mtrs. 70193000,,70193000,128,’’,,group_sr_262_to_428_TEFLON_CABLE,3
388,TEFLON CABLE,TEFLON CABLE Size 5mil. x 1” x 50mtrs. 70193000,,70193000,140,’’,,sr_388_TEFLON_CABLE_Size_5mil_x_1”_x_50mtrs_70193000,3
389,TEFLON CABLE,TEFLON CABLE Size 5mil. x 1½” x 50mtrs. 70193000,,70193000,244,’’,,group_sr_262_to_428_TEFLON_CABLE,3
390,TEFLON CABLE,TEFLON CABLE Size 5mil. x 2” x 50mtrs. 70193000,,70193000,290,’’,,group_sr_262_to_428_TEFLON_CABLE,3
391,TEFLON CABLE,TEFLON CABLE Size 7mil. x ½” x 50mtrs. 70193000,,70193000,130,’’,,group_sr_262_to_428_TEFLON_CABLE,3
392,TEFLON CABLE,TEFLON CABLE Size 7mil. x ¾” x 50mtrs. 70193000,,70193000,170,’’,,group_sr_262_to_428_TEFLON_CABLE,3
393,TEFLON CABLE,TEFLON CABLE Size 7mil. x 1” x 50mtrs. 70193000,,70193000,280.00 190.00,’’,,group_sr_262_to_428_TEFLON_CABLE,3
394,TEFLON CABLE,TEFLON CABLE Size 7mil. x 1½” x 50mtrs. 70193000,,70193000,320,’’,,group_sr_262_to_428_TEFLON_CABLE,3
395,TEFLON CABLE,TEFLON CABLE Size 7mil x 2” x 50mtrs. 70193000,,70193000,380,’’,,group_sr_262_to_428_TEFLON_CABLE,3
396,TEFLON CABLE,TEFLON CABLE Rubber Submersible Tape 1 Kg. 40050000,,40050000,460,Bdlee,,group_sr_262_to_428_TEFLON_CABLE,3
397,TEFLON CABLE,TEFLON CABLE Size ½” x 1mtr. 40050000,,40050000,22,Roll,,group_sr_262_to_428_TEFLON_CABLE,3
398,TEFLON CABLE,TEFLON CABLE Size ¾” x 1mtr. 40050000,,40050000,28,’’,,group_sr_262_to_428_TEFLON_CABLE,3
399,TEFLON CABLE,TEFLON CABLE Size 1” x 1mtr. ”S 40050000,,40050000,36,’’,,sr_399_TEFLON_CABLE_Size_1”_x_1mtr_”S_40050000,3
400,TEFLON CABLE,TEFLON CABLE Size 2” x 1mtr. 40050000,,40050000,72,’’,,sr_400_TEFLON_CABLE_Size_2”_x_1mtr_40050000,3
401,TEFLON CABLE,TEFLON CABLE Black Cotton Adhesive Electrical Tape 100gms. 59069910,,59069910,60,’’,,group_sr_262_to_428_TEFLON_CABLE,3
402,TEFLON CABLE,TEFLON CABLE T e f l o n T a p e Adhesive Size ½” (10mm) x 10mtr. 39199090,,39199090,250,’’,,group_sr_262_to_428_TEFLON_CABLE,3
403,TEFLON CABLE,"TEFLON CABLE 3/4""(20mm) x 10mtr. 39199090",,39199090,380,’’,,group_sr_262_to_428_TEFLON_CABLE,3
404,TEFLON CABLE,"TEFLON CABLE 1""(25mm) x 10mtr. 39199090",,39199090,500,’’,,sr_404_TEFLON_CABLE_1(25mm)_x_10mtr_39199090,3
405,TEFLON CABLE,"TEFLON CABLE 1.5""(40mm) x 10mtr. 39199090",,39199090,780,’’,,sr_405_TEFLON_CABLE_1_5(40mm)_x_10mtr_39199090,3
406,TEFLON CABLE,"TEFLON CABLE 2""(50mm) x 10mtr. 39199090",,39199090,1000,’’,,group_sr_262_to_428_TEFLON_CABLE,3
407,TEFLON CABLE,"TEFLON CABLE 3""(75mm) x 10mtr. 39199090",,39199090,1500,’’,,group_sr_262_to_428_TEFLON_CABLE,3
408,TEFLON CABLE,"TEFLON CABLE White NonAdhesive Size 1""(25mm) x 10mtr. 39209949",,39209949,200,’’,,group_sr_262_to_428_TEFLON_CABLE,3
409,TEFLON CABLE,"TEFLON CABLE 1.25""(32mm) x 10mtr. 39209949",,39209949,256,’’,,group_sr_262_to_428_TEFLON_CABLE,3
410,TEFLON CABLE,"TEFLON CABLE 1.5""(40mm) x 10mtr. 39209949",,39209949,320,’’,,group_sr_262_to_428_TEFLON_CABLE,3
411,TEFLON CABLE,"TEFLON CABLE 2""(50mm) x 10mtr. 39209949",,39209949,400,’’,,sr_411_TEFLON_CABLE_2(50mm)_x_10mtr_39209949,3
412,TEFLON CABLE,"TEFLON CABLE 2.5""(60mm) x 10mtr. 39209949",,39209949,480,’’,,group_sr_262_to_428_TEFLON_CABLE,3
413,TEFLON CABLE,"TEFLON CABLE 3""(75mm) x 10mtr. 39209949",,39209949,600,’’,,group_sr_262_to_428_TEFLON_CABLE,3
414,TEFLON CABLE,"TEFLON CABLE Brown NonAdhesive Size 1""(25mm) x 10mtr. 39209949",,39209949,300,’’,,group_sr_262_to_428_TEFLON_CABLE,3
415,TEFLON CABLE,"TEFLON CABLE 1.25""(32mm) x 10mtr. 39209949",,39209949,384,’’,,group_sr_262_to_428_TEFLON_CABLE,3
416,TEFLON CABLE,"TEFLON CABLE 1.5""(40mm) x 10mtr. 39209949",,39209949,480,’’,,group_sr_262_to_428_TEFLON_CABLE,3
417,TEFLON CABLE,"TEFLON CABLE 2""(50mm) x 10mtr. 39209949",,39209949,600,’’,,sr_417_TEFLON_CABLE_2(50mm)_x_10mtr_39209949,3
418,TEFLON CABLE,"TEFLON CABLE 2.5""(60mm) x 10mtr. 39209949",,39209949,720,’’,,group_sr_262_to_428_TEFLON_CABLE,3
419,TEFLON CABLE,"TEFLON CABLE 3""(75mm) x 10mtr. 39209949",,39209949,900,’’,,group_sr_262_to_428_TEFLON_CABLE,3
420,TEFLON CABLE,TEFLON CABLE Cotton Tape ‘LOTUS’ Size ½” x 25yd. 58089010,,58089010,60,’’,,group_sr_262_to_428_TEFLON_CABLE,3
421,TEFLON CABLE,TEFLON CABLE Size ¾” x 25yd. 58089010,,58089010,66,’’,,sr_421_TEFLON_CABLE_Size_¾”_x_25yd_58089010,3
422,TEFLON CABLE,TEFLON CABLE Size 1” x 25yd. 58089010,,58089010,68,’’,,group_sr_262_to_428_TEFLON_CABLE,3
423,TEFLON CABLE,TEFLON CABLE SUPERFINE Cotton Tape Size ½” x 30yd. 58063990,,58063990,72,’’,,group_sr_262_to_428_TEFLON_CABLE,3
424,TEFLON CABLE,TEFLON CABLE Size ¾” x 30yd. 58063990,,58063990,76,’’,,sr_424_TEFLON_CABLE_Size_¾”_x_30yd_58063990,3
425,TEFLON CABLE,TEFLON CABLE Size 1” x 30yd. 58063990,,58063990,80,’’,,group_sr_262_to_428_TEFLON_CABLE,3
426,TEFLON CABLE,TEFLON CABLE WEBBING Cotton Tape Size 1” x 25mtr. 58063190,,58063190,110,’’,,group_sr_262_to_428_TEFLON_CABLE,3
427,TEFLON CABLE,TEFLON CABLE Size 1 ½” x 25mtr. 58063190,,58063190,180,’’,,sr_427_TEFLON_CABLE_Size_1_½”_x_25mtr_58063190,3
428,TEFLON CABLE,TEFLON CABLE Size 2” x 25mtr. 58063190,,58063190,290,’’,,group_sr_262_to_428_TEFLON_CABLE,3
429,PVC Sealer Automatic Machine & Parts,PVC Sealer Automatic Machine & Parts Machine Size 8” 84223000,,84223000,1400,Pcs.,,group_sr_429_to_784_PVC_Sealer_Automatic_Machine_&_Parts,3
430,PVC Sealer Automatic Machine & Parts,PVC Sealer Automatic Machine & Parts Machine Size 12” 84223000,,84223000,1600,’’,,group_sr_429_to_784_PVC_Sealer_Automatic_Machine_&_Parts,3
431,PVC Sealer Automatic Machine & Parts,PVC Sealer Automatic Machine & Parts Machine Size 18” 84223000,,84223000,4800,’’,,group_sr_429_to_784_PVC_Sealer_Automatic_Machine_&_Parts,3
432,PVC Sealer Automatic Machine & Parts,PVC Sealer Automatic Machine & Parts Machine Size 24” 84223000,,84223000,6800,’’,,group_sr_429_to_784_PVC_Sealer_Automatic_Machine_&_Parts,3
433,PVC Sealer Automatic Machine & Parts,PVC Sealer Automatic Machine & Parts 2 Pc pkt Element Size 8” 84779000,,84779000,20,Pkt,,sr_433_PVC_Sealer_Automatic_Machine_&_Parts_2_Pc_pkt_Element_Size_8”_84779000,3
434,PVC Sealer Automatic Machine & Parts,PVC Sealer Automatic Machine & Parts ’’ Element Size 12” 84779000,,84779000,30,’’,,sr_434_PVC_Sealer_Automatic_Machine_&_Parts_’’_Element_Size_12”_84779000,3
435,PVC Sealer Automatic Machine & Parts,PVC Sealer Automatic Machine & Parts ’’ Element Size 18” 84779000,,84779000,40,’’,,sr_435_PVC_Sealer_Automatic_Machine_&_Parts_’’_Element_Size_18”_84779000,3
436,PVC Sealer Automatic Machine & Parts,PVC Sealer Automatic Machine & Parts ’’ Element Size 24” 84779000,,84779000,60,’’,,group_sr_429_to_784_PVC_Sealer_Automatic_Machine_&_Parts,3
437,PVC Sealer Automatic Machine & Parts,PVC Sealer Automatic Machine & Parts White Teflon Non-Adhesive Tape size 32mm 84198990,,84198990,240,Roll,,group_sr_429_to_784_PVC_Sealer_Automatic_Machine_&_Parts,3
438,PVC Sealer Automatic Machine & Parts,PVC Sealer Automatic Machine & Parts Brown Teflon Non-Adhesive Tape size 32mm 84198990,,84198990,520,’’,,sr_438_PVC_Sealer_Automatic_Machine_&_Parts_Brown_Teflon_Non_Adhesive_Tape_size_32mm_84198990,3
439,PVC Sealer Automatic Machine & Parts,PVC Sealer Automatic Machine & Parts Adhesive Tape size 10mm 84198990,,84198990,240,’’,,group_sr_429_to_784_PVC_Sealer_Automatic_Machine_&_Parts,3
440,PVC Sealer Automatic Machine & Parts,PVC Sealer Automatic Machine & Parts Machine Circuit 84779000,,84779000,250,Pcs.,,group_sr_429_to_784_PVC_Sealer_Automatic_Machine_&_Parts,3
441,PVC Sealer Automatic Machine & Parts,PVC Sealer Automatic Machine & Parts Rotary Switch 84779000,,84779000,30,’’,,sr_441_PVC_Sealer_Automatic_Machine_&_Parts_Rotary_Switch_84779000,3
442,PVC Sealer Automatic Machine & Parts,PVC Sealer Automatic Machine & Parts Rotary Knob 84779000,,84779000,8,’’,,sr_442_PVC_Sealer_Automatic_Machine_&_Parts_Rotary_Knob_84779000,3
443,PVC Sealer Automatic Machine & Parts,PVC Sealer Automatic Machine & Parts Handle Knob 84779000,,84779000,30,’’,,group_sr_429_to_784_PVC_Sealer_Automatic_Machine_&_Parts,3
444,PVC Sealer Automatic Machine & Parts,PVC Sealer Automatic Machine & Parts Handle Spring 84779000,,84779000,20,’’,,sr_444_PVC_Sealer_Automatic_Machine_&_Parts_Handle_Spring_84779000,3
445,PVC Sealer Automatic Machine & Parts,PVC Sealer Automatic Machine & Parts Inside Handle Spring 84779000,,84779000,30,’’,,group_sr_429_to_784_PVC_Sealer_Automatic_Machine_&_Parts,3
446,PVC Sealer Automatic Machine & Parts,PVC Sealer Automatic Machine & Parts Machine Clip 84779000,,84779000,20,’’,,group_sr_429_to_784_PVC_Sealer_Automatic_Machine_&_Parts,3
447,PVC Sealer Automatic Machine & Parts,PVC Sealer Automatic Machine & Parts Clip Washer 84779000,,84779000,20,’’,,sr_447_PVC_Sealer_Automatic_Machine_&_Parts_Clip_Washer_84779000,3
448,PVC Sealer Automatic Machine & Parts,PVC Leg Bush 84779000,,84779000,10,’’,,sr_448_PVC_Leg_Bush_84779000,3
449,PVC Sealer Automatic Machine & Parts,PVC Sealer Automatic Machine & Parts 8” Machine Transformer 85049090,,85049090,400,’’,,sr_449_PVC_Sealer_Automatic_Machine_&_Parts_8”_Machine_Transformer_85049090,3
450,PVC Sealer Automatic Machine & Parts,PVC Sealer Automatic Machine & Parts 12” Machine Transformer 85049090,,85049090,480,’’,,group_sr_429_to_784_PVC_Sealer_Automatic_Machine_&_Parts,3
451,PVC Sealer Automatic Machine & Parts,PVC Sealer Automatic Machine & Parts 18” Machine Transformer 85049090,,85049090,1600,’’,,group_sr_429_to_784_PVC_Sealer_Automatic_Machine_&_Parts,3
452,PVC Sealer Automatic Machine & Parts,PVC Sealer Automatic Machine & Parts 24” Machine Transformer 85049090,,85049090,2400,’’,,group_sr_429_to_784_PVC_Sealer_Automatic_Machine_&_Parts,3
453,PVC Sealer Automatic Machine & Parts,PVC Sealer Automatic Machine & Parts 8” Machine Rubber For Handle 84779000,,84779000,30,’’,,sr_453_PVC_Sealer_Automatic_Machine_&_Parts_8”_Machine_Rubber_For_Handle_84779000,3
454,PVC Sealer Automatic Machine & Parts,PVC Sealer Automatic Machine & Parts 12” Machine Rubber For Handle 84779000,,84779000,40,’’,,group_sr_429_to_784_PVC_Sealer_Automatic_Machine_&_Parts,3
455,PVC Sealer Automatic Machine & Parts,PVC Sealer Automatic Machine & Parts 18” Machine Rubber For Handle 84779000,,84779000,90,’’,,group_sr_429_to_784_PVC_Sealer_Automatic_Machine_&_Parts,3
456,PVC Sealer Automatic Machine & Parts,PVC Sealer Automatic Machine & Parts 24” Machine Rubber For Handle 84779000,,84779000,140,’’,,sr_456_PVC_Sealer_Automatic_Machine_&_Parts_24”_Machine_Rubber_For_Handle_84779000,3
457,PVC Sealer Automatic Machine & Parts,PVC Sealer Automatic Machine & Parts Wooden Patti Procelain Heater 12” 39269090,,39269090,160,’’,,group_sr_429_to_784_PVC_Sealer_Automatic_Machine_&_Parts,3
458,PVC Sealer Automatic Machine & Parts,PVC Sealer Automatic Machine & Parts Wooden Patti Mica Heater 12” 39269090,,39269090,200,’’,,sr_458_PVC_Sealer_Automatic_Machine_&_Parts_Wooden_Patti_Mica_Heater_12”_39269090,3
459,PVC Sealer Automatic Machine & Parts,PVC Sealer Automatic Machine & Parts Procelain Heater 12” With 2Pin Cord ” 39269090,,39269090,400,’’,,group_sr_429_to_784_PVC_Sealer_Automatic_Machine_&_Parts,3
460,Battery & Accessaries,Battery & Accessaries 1.50V Button Cell for Watch SR626SW,,85072000,16,,,,4
461,Battery & Accessaries,Battery & Accessaries 1.50V Button Cell for Continuity Tester LR44,,85072000,8,,,,4
462,Battery & Accessaries,Battery & Accessaries 1.50V Pencil Cell AA ”Panasonic” Blue,,85072000,20,,,sr_462_Battery_&_Accessaries_1_50V_Pencil_Cell_AA_”Panasonic”_Blue,4
463,Battery & Accessaries,Battery & Accessaries 1.50V Pencil Cell AA ”Panasonic”Golden,,85072000,30,,,,4
464,Battery & Accessaries,Battery & Accessaries 1.50V Pencil Cell AAA ”Panasonic” Golden,,85072000,30,,,sr_464_Battery_&_Accessaries_1_50V_Pencil_Cell_AAA_”Panasonic”_Golden,4
465,Battery & Accessaries,Battery & Accessaries 3V.Button Cell CR2032“maxell”,,85072000,14,,,sr_465_Battery_&_Accessaries_3V_Button_Cell_CR2032“maxell”,4
466,Battery & Accessaries,Battery & Accessaries 6V Battery “Sunca”,,85072000,600,,,sr_466_Battery_&_Accessaries_6V_Battery_“Sunca”,4
467,Battery & Accessaries,"Battery & Accessaries 9V.Battery 6F2M “HIW”,”EIW”",,85072000,28,,,"sr_467_Battery_&_Accessaries_9V_Battery_6F2M_“HIW”,”EIW”",4
468,Battery & Accessaries,Battery & Accessaries 12V Battery for Remote 23E GP,,85072000,30,,,sr_468_Battery_&_Accessaries_12V_Battery_for_Remote_23E_GP,4
469,Battery & Accessaries,Battery & Accessaries 9V Snap for Battery 9volt wire Type,,85072000,10,,,,4
470,Battery & Accessaries,Battery & Accessaries 9V Snap for Battery 9volt Nut bolt Type,,85072000,20,,,sr_470_Battery_&_Accessaries_9V_Snap_for_Battery_9volt_Nut_bolt_Type,4
471,"Battery Terminal, Lugs & Clips",Battery Brass Terminal Normal 450gms.,,8536,90,Pcs.,,,4
472,"Battery Terminal, Lugs & Clips",Battery Brass Terminal Medium 700gms.,,8536,130,,,,4
473,"Battery Terminal, Lugs & Clips",Battery Brass Terminal Special 900gms.,,8536,170,,,,4
474,"Battery Terminal, Lugs & Clips",Battery Brass Lugs 12 U/C,,8536,16,,,,4
475,"Battery Terminal, Lugs & Clips",Battery Brass Lugs Small,,8536,20,,,,4
476,"Battery Terminal, Lugs & Clips",Battery Brass Lugs Medium,,8536,28,,,sr_476_Battery_Brass_Lugs_Medium,4
477,"Battery Terminal, Lugs & Clips",Battery Brass Lugs Heavy,,8536,36,,,sr_477_Battery_Brass_Lugs_Heavy,4
478,"Battery Terminal, Lugs & Clips","Battery Terminal, Lugs & Clips 2” Small Crocodile M.S. Insulated Clip",,8536,20,,,,4
479,"Battery Terminal, Lugs & Clips","Battery Terminal, Lugs & Clips 3” Small Crocodile M.S.Clip",,8536,30,,,"sr_479_Battery_Terminal,_Lugs_&_Clips_3”_Small_Crocodile_M_S_Clip",4
480,"Battery Terminal, Lugs & Clips","Battery Terminal, Lugs & Clips 3” Small Crocodile S.S. / Copper Clip",,8536,200,,,"sr_480_Battery_Terminal,_Lugs_&_Clips_3”_Small_Crocodile_S_S_Copper_Clip",4
481,"Battery Terminal, Lugs & Clips","Battery Terminal, Lugs & Clips 4” Battery M.S.Clip Ordinary",,8536,30,,,"sr_481_Battery_Terminal,_Lugs_&_Clips_4”_Battery_M_S_Clip_Ordinary",4
482,"Battery Terminal, Lugs & Clips","Battery Terminal, Lugs & Clips 4” Battery M.S. Clip Special",,8536,40,,,"sr_482_Battery_Terminal,_Lugs_&_Clips_4”_Battery_M_S_Clip_Special",4
483,"Battery Terminal, Lugs & Clips","Battery Terminal, Lugs & Clips 4” Battery M.S. Clip Heavy",,8536,60,,,,4
484,"Battery Terminal, Lugs & Clips","Battery Terminal, Lugs & Clips 4” Battery Copper / S.S. Clip",,8536,400,,,"sr_484_Battery_Terminal,_Lugs_&_Clips_4”_Battery_Copper_S_S_Clip",4
485,"Battery Terminal, Lugs & Clips","Battery Terminal, Lugs & Clips 4” Battery M.S.Fully Insulated Clip",,8536,500,,,,4
486,"Battery Terminal, Lugs & Clips","Battery Terminal, Lugs & Clips 4” Battery Insulated add Banana Plug",,8536,400,,,"sr_486_Battery_Terminal,_Lugs_&_Clips_4”_Battery_Insulated_add_Banana_Plug",4
487,"Battery Terminal, Lugs & Clips","Battery Terminal, Lugs & Clips 4.5” Battery Insulated add Banana Plug",,8536,440,,,,4
488,"Battery Terminal, Lugs & Clips","Battery Terminal, Lugs & Clips 5” Battery M.S. Clip",,8536,500,,,,4
489,"Battery Terminal, Lugs & Clips","Battery Terminal, Lugs & Clips 5” Battery M.S. Spring Clip 50amp",,8536,70,,,"sr_489_Battery_Terminal,_Lugs_&_Clips_5”_Battery_M_S_Spring_Clip_50amp",4
490,"Battery Terminal, Lugs & Clips","Battery Terminal, Lugs & Clips 5” Battery Copper/S.S.Clip Spring 50amp",,8536,600,,,,4
491,"Battery Terminal, Lugs & Clips","Battery Terminal, Lugs & Clips 6” Battery Jumbo M,S.Clip",,8536,140,,,"sr_491_Battery_Terminal,_Lugs_&_Clips_6”_Battery_Jumbo_M,S_Clip",4
492,"Battery Terminal, Lugs & Clips","Battery Terminal, Lugs & Clips 6” Battery Jumbo Copper / S.S. Clip",,8536,1200,,,"sr_492_Battery_Terminal,_Lugs_&_Clips_6”_Battery_Jumbo_Copper_S_S_Clip",4
493,"Battery Terminal, Lugs & Clips","Battery Terminal, Lugs & Clips 6” Battery Full Insulated Clip",,8536,800,,,"sr_493_Battery_Terminal,_Lugs_&_Clips_6”_Battery_Full_Insulated_Clip",4
494,"Battery Terminal, Lugs & Clips","Battery Terminal, Lugs & Clips 7” Earthing M.S. Clip",,8536,360,,,,4
495,"Battery Terminal, Lugs & Clips",Battery Clip Cover Red Black,,8536,60,,,,4
496,"Battery Terminal, Lugs & Clips","Battery Terminal, Lugs & Clips Screw + Nuts for Choke & Tube Patti",,73181110,60,100p,,,4
497,"Battery Terminal, Lugs & Clips","Battery Terminal, Lugs & Clips for Switch 1/8 x ½”",,73181110,60,,,,4
498,"Battery Terminal, Lugs & Clips","Battery Terminal, Lugs & Clips for Switch 1/8 x 5/8”",,73181110,70,,,"sr_498_Battery_Terminal,_Lugs_&_Clips_for_Switch_18_x_58”",4
499,"Battery Terminal, Lugs & Clips","Battery Terminal, Lugs & Clips for Switch 1/8 x 1”",,73181110,80,,,,4
500,"Battery Terminal, Lugs & Clips","Battery Terminal, Lugs & Clips Screw for Roma Switch 3.5 x 25mm = 1”",,73181110,140,,,,4
501,"Battery Terminal, Lugs & Clips","Battery Terminal, Lugs & Clips h 3.5 x 30mm = 1 ¼”",,73181110,160,,,,4
502,"Battery Terminal, Lugs & Clips","Battery Terminal, Lugs & Clips h 3.5 x 35mm = 1 ½”",,73181110,160,,,"sr_502_Battery_Terminal,_Lugs_&_Clips_h_3_5_x_35mm_=_1_½”",4
503,"Battery Terminal, Lugs & Clips","Battery Terminal, Lugs & Clips h 3.5 x 50mm = 2”",,73181110,200,,,,4
504,"Battery Terminal, Lugs & Clips","Battery Terminal, Lugs & Clips h 3.5 x 60mm = 2 ½”",,73181110,240,,,"sr_504_Battery_Terminal,_Lugs_&_Clips_h_3_5_x_60mm_=_2_½”",4
505,"Battery Terminal, Lugs & Clips","Battery Terminal, Lugs & Clips h 3.5 x 75mm = 3”",,73181110,280,,,,4
506,"Battery Terminal, Lugs & Clips","Battery Terminal, Lugs & Clips White Bearings Grease 50gms.",,27101980,20,Pkt,,,4
507,"Battery Terminal, Lugs & Clips","Battery Terminal, Lugs & Clips h 100gms.",,27101980,36,Pkt,,,4
508,"Battery Terminal, Lugs & Clips","Battery Terminal, Lugs & Clips h 200gms.",,27101980,60,Pkt,,,4
509,"Battery Terminal, Lugs & Clips","Battery Terminal, Lugs & Clips h 500gms.",,27101980,160,Tin,,,4
510,"Battery Terminal, Lugs & Clips","Battery Terminal, Lugs & Clips h 1Kg.",,27101980,300,Tin,,"sr_510_Battery_Terminal,_Lugs_&_Clips_h_1Kg",4
511,C u t t e r & B l a d e s,C u t t e r & B l a d e s Big Cutter 9mm,,27101980,20,Pcs.,,,4
512,C u t t e r & B l a d e s,C u t t e r & B l a d e s Large Cutter 18mm,,27101980,30,,,sr_512_C_u_t_t_e_r_&_B_l_a_d_e_s_Large_Cutter_18mm,4
513,C u t t e r & B l a d e s,C u t t e r & B l a d e s Metal Large Cutter 18mm,,27101980,40,,,sr_513_C_u_t_t_e_r_&_B_l_a_d_e_s_Metal_Large_Cutter_18mm,4
514,C u t t e r & B l a d e s,C u t t e r & B l a d e s Jumbo Cutter 25mm,,27101980,60,,,,4
515,C u t t e r & B l a d e s,"C u t t e r & B l a d e s Mini, Medium, Big Cutter’s Blade",,27101980,4,,,"sr_515_C_u_t_t_e_r_&_B_l_a_d_e_s_Mini,_Medium,_Big_Cutter’s_Blade",4
516,C u t t e r & B l a d e s,"C u t t e r & B l a d e s Large, Jumbo Cutter’s Blade",,27101980,6,,,,4
517,Plier Stripper & C u t t e r,Plier Size 6”,,82032000,120,Pcs.,,sr_517_Plier_Size_6”,4
518,Plier Stripper & C u t t e r,Plier Size 8”,,82032000,160,,,sr_518_Plier_Size_8”,4
519,Plier Stripper & C u t t e r,Plier Stripper & C u t t e r Nose Plier Size 6”,,82032000,160,,,,4
520,Plier Stripper & C u t t e r,Plier Stripper & C u t t e r ‘Multitec’ 150B MS Stripper-Cutter,,82032000,80,,,,4
521,Plier Stripper & C u t t e r,Plier Stripper & C u t t e r ‘Multitec’ 150B SS Stripper-Cutter,,82032000,160,,,sr_521_Plier_Stripper_&_C_u_t_t_e_r_‘Multitec’_150B_SS_Stripper_Cutter,4
522,Plier Stripper & C u t t e r,Plier Stripper & C u t t e r ‘Multitec’ 68C Stripper-Cutter,,82032000,80,,,sr_522_Plier_Stripper_&_C_u_t_t_e_r_‘Multitec’_68C_Stripper_Cutter,4
523,Plier Stripper & C u t t e r,Plier Stripper & C u t t e r ‘Multitec’ CC-200 Cutter,,82032000,200,,,,4
524,Plier Stripper & C u t t e r,Plier Stripper & C u t t e r ‘Multitec’ 012 Cutter,,82032000,200,,,sr_524_Plier_Stripper_&_C_u_t_t_e_r_‘Multitec’_012_Cutter,4
525,Plier Stripper & C u t t e r,Plier Stripper & C u t t e r ‘Multitec’ 006 Nipper,,82032000,140,,,sr_525_Plier_Stripper_&_C_u_t_t_e_r_‘Multitec’_006_Nipper,4
526,Plier Stripper & C u t t e r,Plier Stripper & C u t t e r ‘Multitec’ 007 Nipper,,82032000,110,,,,4
527,Plier Stripper & C u t t e r,Plier Stripper & C u t t e r ‘Multitec’ Nipper & Microshears MT010,,82032000,115,,,,4
528,Plier Stripper & C u t t e r,Plier Stripper & C u t t e r ‘Multitec’ Self Adjusting Cutter-Stripper,,82032000,430,,,sr_528_Plier_Stripper_&_C_u_t_t_e_r_‘Multitec’_Self_Adjusting_Cutter_Stripper,4
529,Plier Stripper & C u t t e r,Plier Stripper & C u t t e r ‘Multitec’ 2 in 1 Screw Driver R-6100,,82032000,190,,,sr_529_Plier_Stripper_&_C_u_t_t_e_r_‘Multitec’_2_in_1_Screw_Driver_R_6100,4
530,Plier Stripper & C u t t e r,Plier Stripper & C u t t e r ‘Multitec’ 2 in 1 Screw Driver R-6150,,82032000,200,,,,4
531,Plier Stripper & C u t t e r,Plier Stripper & C u t t e r ‘Multitec’ 2 in 1 Screw Driver R-6200,,82032000,220,,,,4
532,Plier Stripper & C u t t e r,Plier Stripper & C u t t e r ‘Multitec’ 2 in 1 Screw Driver R-6250,,82032000,260,,,,4
533,PVC Sealer Automatic Machine & Parts,PVC Sealer Automatic Machine & Parts Side Cutter Plier 1101-6(Eco) 82032000,,82032000,237,Pcs.,,group_sr_429_to_784_PVC_Sealer_Automatic_Machine_&_Parts,4
534,PVC Sealer Automatic Machine & Parts,PVC Sealer Automatic Machine & Parts Side Cutting Plier 1121-6N 82032000,,82032000,253,,,sr_534_PVC_Sealer_Automatic_Machine_&_Parts_Side_Cutting_Plier_1121_6N_82032000,4
535,PVC Sealer Automatic Machine & Parts,PVC Sealer Automatic Machine & Parts Combination Pliers 1621-6 82032000,,82032000,250,,,group_sr_429_to_784_PVC_Sealer_Automatic_Machine_&_Parts,4
536,PVC Sealer Automatic Machine & Parts,PVC Sealer Automatic Machine & Parts Combination Pliers 1621-7 82032000,,82032000,262,,,group_sr_429_to_784_PVC_Sealer_Automatic_Machine_&_Parts,4
537,PVC Sealer Automatic Machine & Parts,PVC Sealer Automatic Machine & Parts Combination Pliers 1621-8 82032000,,82032000,286,,,sr_537_PVC_Sealer_Automatic_Machine_&_Parts_Combination_Pliers_1621_8_82032000,4
538,PVC Sealer Automatic Machine & Parts,PVC Sealer Automatic Machine & Parts Mini Long Needle Nose Plier 1408 82032000,,82032000,190,,,group_sr_429_to_784_PVC_Sealer_Automatic_Machine_&_Parts,4
539,PVC Sealer Automatic Machine & Parts,PVC Sealer Automatic Machine & Parts Long Nose Plier 1420-6 82032000,,82032000,235,,,sr_539_PVC_Sealer_Automatic_Machine_&_Parts_Long_Nose_Plier_1420_6_82032000,4
540,PVC Sealer Automatic Machine & Parts,PVC Sealer Automatic Machine & Parts Long Nose Plier 1420-8 82032000,,82032000,310,,,group_sr_429_to_784_PVC_Sealer_Automatic_Machine_&_Parts,4
541,PVC Sealer Automatic Machine & Parts,PVC Sealer Automatic Machine & Parts Water Pump Plier 1223 82032000,,82032000,370,,,group_sr_429_to_784_PVC_Sealer_Automatic_Machine_&_Parts,4
542,PVC Sealer Automatic Machine & Parts,PVC Sealer Automatic Machine & Parts Wire Strpping Pliers WS06 82032000,,82032000,69,,,sr_542_PVC_Sealer_Automatic_Machine_&_Parts_Wire_Strpping_Pliers_WS06_82032000,4
543,PVC Sealer Automatic Machine & Parts,PVC Sealer Automatic Machine & Parts Cable Cutter CC06 82034090,,82034090,328,,,sr_543_PVC_Sealer_Automatic_Machine_&_Parts_Cable_Cutter_CC06_82034090,4
544,PVC Sealer Automatic Machine & Parts,PVC Sealer Automatic Machine & Parts Cable Cutter CCS-10 82034090,,82034090,604,,,group_sr_429_to_784_PVC_Sealer_Automatic_Machine_&_Parts,4
545,PVC Sealer Automatic Machine & Parts,PVC Sealer Automatic Machine & Parts Screw Drivers Set 802 82054000,,82054000,212,,,group_sr_429_to_784_PVC_Sealer_Automatic_Machine_&_Parts,4
546,PVC Sealer Automatic Machine & Parts,PVC Sealer Automatic Machine & Parts Screw Drivers Set 812 82054000,,82054000,257,,,group_sr_429_to_784_PVC_Sealer_Automatic_Machine_&_Parts,4
547,PVC Sealer Automatic Machine & Parts,PVC Sealer Automatic Machine & Parts Line Testers Yellow 813 82054000,,82054000,59,,,sr_547_PVC_Sealer_Automatic_Machine_&_Parts_Line_Testers_Yellow_813_82054000,4
548,PVC Sealer Automatic Machine & Parts,PVC Sealer Automatic Machine & Parts Line Testers Green 814 82054000,,82054000,52,,,group_sr_429_to_784_PVC_Sealer_Automatic_Machine_&_Parts,4
549,PVC Sealer Automatic Machine & Parts,PVC Sealer Automatic Machine & Parts Line Testers Yellow Industrial 816 82054000,,82054000,66,,,sr_549_PVC_Sealer_Automatic_Machine_&_Parts_Line_Testers_Yellow_Industrial_816_82054000,4
550,PVC Sealer Automatic Machine & Parts,PVC Sealer Automatic Machine & Parts Line Testers Yellow Industrial 818 82054000,,82054000,70,,,sr_550_PVC_Sealer_Automatic_Machine_&_Parts_Line_Testers_Yellow_Industrial_818_82054000,4
551,PVC Sealer Automatic Machine & Parts,PVC Sealer Automatic Machine & Parts Insulated Screw Driver 822I 82054000,,82054000,48,,,group_sr_429_to_784_PVC_Sealer_Automatic_Machine_&_Parts,4
552,PVC Sealer Automatic Machine & Parts,PVC Sealer Automatic Machine & Parts Insulated Screw Driver 823I 82054000,,82054000,58,,,group_sr_429_to_784_PVC_Sealer_Automatic_Machine_&_Parts,4
553,PVC Sealer Automatic Machine & Parts,PVC Sealer Automatic Machine & Parts Insulated Screw Driver 824I 82054000,,82054000,76,,,group_sr_429_to_784_PVC_Sealer_Automatic_Machine_&_Parts,4
554,PVC Sealer Automatic Machine & Parts,PVC Sealer Automatic Machine & Parts Insulated Screw Driver 825I 82054000,,82054000,80,,,group_sr_429_to_784_PVC_Sealer_Automatic_Machine_&_Parts,4
555,PVC Sealer Automatic Machine & Parts,PVC Sealer Automatic Machine & Parts Insulated Screw Driver 826I 82054000,,82054000,90,,,sr_555_PVC_Sealer_Automatic_Machine_&_Parts_Insulated_Screw_Driver_826I_82054000,4
556,PVC Sealer Automatic Machine & Parts,PVC Sealer Automatic Machine & Parts Insulated Screw Driver 833I 82054000,,82054000,59,,,group_sr_429_to_784_PVC_Sealer_Automatic_Machine_&_Parts,4
557,PVC Sealer Automatic Machine & Parts,PVC Sealer Automatic Machine & Parts Insulated Screw Driver 935I 82054000,,82054000,61,,,sr_557_PVC_Sealer_Automatic_Machine_&_Parts_Insulated_Screw_Driver_935I_82054000,4
558,PVC Sealer Automatic Machine & Parts,PVC Sealer Automatic Machine & Parts Insulated Screw Driver 936I 82054000,,82054000,68,,,group_sr_429_to_784_PVC_Sealer_Automatic_Machine_&_Parts,4
559,PVC Sealer Automatic Machine & Parts,PVC Sealer Automatic Machine & Parts Insulated Screw Driver 937I 82054000,,82054000,76,,,sr_559_PVC_Sealer_Automatic_Machine_&_Parts_Insulated_Screw_Driver_937I_82054000,4
560,PVC Sealer Automatic Machine & Parts,PVC Sealer Automatic Machine & Parts Insulated Screw Driver 938I 82054000,,82054000,77,,,group_sr_429_to_784_PVC_Sealer_Automatic_Machine_&_Parts,4
561,PVC Sealer Automatic Machine & Parts,PVC Sealer Automatic Machine & Parts Insulated Screw Driver 939I 82054000,,82054000,78,,,group_sr_429_to_784_PVC_Sealer_Automatic_Machine_&_Parts,4
562,PVC Sealer Automatic Machine & Parts,PVC Sealer Automatic Machine & Parts 2 in 1 Screw Drivers 803 82054000,,82054000,59,,,group_sr_429_to_784_PVC_Sealer_Automatic_Machine_&_Parts,4
563,PVC Sealer Automatic Machine & Parts,PVC Sealer Automatic Machine & Parts 2 in 1 Screw Drivers 804 82054000,,82054000,74,,,group_sr_429_to_784_PVC_Sealer_Automatic_Machine_&_Parts,4
564,PVC Sealer Automatic Machine & Parts,PVC Sealer Automatic Machine & Parts 2 in 1 Screw Drivers 805 82054000,,82054000,76,,,sr_564_PVC_Sealer_Automatic_Machine_&_Parts_2_in_1_Screw_Drivers_805_82054000,4
565,PVC Sealer Automatic Machine & Parts,PVC Sealer Automatic Machine & Parts 2 in 1 Screw Drivers 810 82054000,,82054000,54,,,sr_565_PVC_Sealer_Automatic_Machine_&_Parts_2_in_1_Screw_Drivers_810_82054000,4
566,PVC Sealer Automatic Machine & Parts,PVC Sealer Automatic Machine & Parts 2 in 1 Screw Driver 903 82054000,,82054000,98,,,group_sr_429_to_784_PVC_Sealer_Automatic_Machine_&_Parts,4
567,PVC Sealer Automatic Machine & Parts,PVC Sealer Automatic Machine & Parts 2 in 1 Screw Driver 903I 82054000,,82054000,104,,,group_sr_429_to_784_PVC_Sealer_Automatic_Machine_&_Parts,4
568,PVC Sealer Automatic Machine & Parts,PVC Sealer Automatic Machine & Parts 2 in 1 Screw Driver 904 82054000,,82054000,79,,,group_sr_429_to_784_PVC_Sealer_Automatic_Machine_&_Parts,4
569,PVC Sealer Automatic Machine & Parts,PVC Sealer Automatic Machine & Parts 2 in 1 Screw Driver 904I 82054000,,82054000,88,,,group_sr_429_to_784_PVC_Sealer_Automatic_Machine_&_Parts,4
570,PVC Sealer Automatic Machine & Parts,PVC Sealer Automatic Machine & Parts 2 in 1 Screw Driver 905 82054000,,82054000,80,,,group_sr_429_to_784_PVC_Sealer_Automatic_Machine_&_Parts,4
571,PVC Sealer Automatic Machine & Parts,PVC Sealer Automatic Machine & Parts 2 in 1 Screw Driver 905I 82054000,,82054000,90,,,group_sr_429_to_784_PVC_Sealer_Automatic_Machine_&_Parts,4
572,PVC Sealer Automatic Machine & Parts,PVC Sealer Automatic Machine & Parts 2 in 1 Screw Driver 906 82054000,,82054000,145,,,group_sr_429_to_784_PVC_Sealer_Automatic_Machine_&_Parts,4
573,PVC Sealer Automatic Machine & Parts,PVC Sealer Automatic Machine & Parts 2 in 1 Screw Drivers 907 82054000,,82054000,84,,,sr_573_PVC_Sealer_Automatic_Machine_&_Parts_2_in_1_Screw_Drivers_907_82054000,4
574,PVC Sealer Automatic Machine & Parts,PVC Sealer Automatic Machine & Parts 2 in 1 Studdy Driver 974 82054000,,82054000,86,,,group_sr_429_to_784_PVC_Sealer_Automatic_Machine_&_Parts,4
575,PVC Sealer Automatic Machine & Parts,PVC Sealer Automatic Machine & Parts Precision Screw Driver PST-6 82054000,,82054000,306,,,group_sr_429_to_784_PVC_Sealer_Automatic_Machine_&_Parts,4
576,PVC Sealer Automatic Machine & Parts,PVC Sealer Automatic Machine & Parts Torx Screw Driver T---5L 82054000,,82054000,55,,,sr_576_PVC_Sealer_Automatic_Machine_&_Parts_Torx_Screw_Driver_T_5L_82054000,4
577,PVC Sealer Automatic Machine & Parts,PVC Sealer Automatic Machine & Parts Torx Screw Driver T---6L 82054000,,82054000,59,,,group_sr_429_to_784_PVC_Sealer_Automatic_Machine_&_Parts,4
578,PVC Sealer Automatic Machine & Parts,PVC Sealer Automatic Machine & Parts Torx Screw Driver T---8L 82054000,,82054000,60,,,group_sr_429_to_784_PVC_Sealer_Automatic_Machine_&_Parts,4
579,PVC Sealer Automatic Machine & Parts,PVC Sealer Automatic Machine & Parts Torx Screw Driver T-10L 82054000,,82054000,60,,,sr_579_PVC_Sealer_Automatic_Machine_&_Parts_Torx_Screw_Driver_T_10L_82054000,4
580,PVC Sealer Automatic Machine & Parts,PVC Sealer Automatic Machine & Parts Torx Screw Driver T-15L 82054000,,82054000,80,,,group_sr_429_to_784_PVC_Sealer_Automatic_Machine_&_Parts,4
581,PVC Sealer Automatic Machine & Parts,PVC Sealer Automatic Machine & Parts Torx Screw Driver T-20L 82054000,,82054000,79,,,group_sr_429_to_784_PVC_Sealer_Automatic_Machine_&_Parts,4
582,PVC Sealer Automatic Machine & Parts,PVC Sealer Automatic Machine & Parts Torx Screw Driver T-25L 82054000,,82054000,107,,,group_sr_429_to_784_PVC_Sealer_Automatic_Machine_&_Parts,4
583,PVC Sealer Automatic Machine & Parts,PVC Sealer Automatic Machine & Parts Torx Screw Driver T-30L 82054000,,82054000,107,,,group_sr_429_to_784_PVC_Sealer_Automatic_Machine_&_Parts,4
584,PVC Sealer Automatic Machine & Parts,PVC Sealer Automatic Machine & Parts Torx Screw Driver T-40L 82054000,,82054000,129,,,group_sr_429_to_784_PVC_Sealer_Automatic_Machine_&_Parts,4
585,PVC Sealer Automatic Machine & Parts,PVC Sealer Automatic Machine & Parts Allen Key Set Black KM9V 82041120,,82041120,230,,,group_sr_429_to_784_PVC_Sealer_Automatic_Machine_&_Parts,4
586,PVC Sealer Automatic Machine & Parts,PVC Sealer Automatic Machine & Parts Utility Knife UK-3 82119390,,82119390,250,,,sr_586_PVC_Sealer_Automatic_Machine_&_Parts_Utility_Knife_UK_3_82119390,4
587,PVC Sealer Automatic Machine & Parts,PVC Sealer Automatic Machine & Parts Machinist Hammer MH100 B/C 82052000,,82052000,154,,,group_sr_429_to_784_PVC_Sealer_Automatic_Machine_&_Parts,4
588,PVC Sealer Automatic Machine & Parts,PVC Sealer Automatic Machine & Parts Machinist Hammer MH200 B/C 82052000,,82052000,209,,,sr_588_PVC_Sealer_Automatic_Machine_&_Parts_Machinist_Hammer_MH200_BC_82052000,4
589,PVC Sealer Automatic Machine & Parts,PVC Sealer Automatic Machine & Parts 125mm Centre Punches 1985 82034010,,82034010,65,,,group_sr_429_to_784_PVC_Sealer_Automatic_Machine_&_Parts,4
590,PVC Sealer Automatic Machine & Parts,PVC Sealer Automatic Machine & Parts 150mm Centre Punches 1986 82034010,,82034010,85,,,sr_590_PVC_Sealer_Automatic_Machine_&_Parts_150mm_Centre_Punches_1986_82034010,4
591,PVC Sealer Automatic Machine & Parts,PVC Sealer Automatic Machine & Parts Double Ended Spanner Set Dep-8 82041110,,82041110,365,,,sr_591_PVC_Sealer_Automatic_Machine_&_Parts_Double_Ended_Spanner_Set_Dep_8_82041110,4
592,PVC Sealer Automatic Machine & Parts,PVC Sealer Automatic Machine & Parts Single side Carbon Steel Hacksaw Blade HBHC-1218 82029120,,82029120,12,,,group_sr_429_to_784_PVC_Sealer_Automatic_Machine_&_Parts,4
593,PVC Sealer Automatic Machine & Parts,PVC Sealer Automatic Machine & Parts Single side Carbon Steel Hacksaw Blade HBHC-1224 82029120,,82029120,12,,,group_sr_429_to_784_PVC_Sealer_Automatic_Machine_&_Parts,4
594,PVC Sealer Automatic Machine & Parts,PVC Sealer Automatic Machine & Parts Double side Carbon Steel Hacksaw Blade HBCD-118 82029120,,82029120,23,,,group_sr_429_to_784_PVC_Sealer_Automatic_Machine_&_Parts,4
595,PVC Sealer Automatic Machine & Parts,PVC Sealer Automatic Machine & Parts Double side Carbon Steel Hacksaw Blade HBCD-124 82029120,,82029120,23,,,group_sr_429_to_784_PVC_Sealer_Automatic_Machine_&_Parts,4
596,PVC Sealer Automatic Machine & Parts,PVC Sealer Automatic Machine & Parts Line Testers Yellow 82054000,,82054000,30,,,sr_596_PVC_Sealer_Automatic_Machine_&_Parts_Line_Testers_Yellow_82054000,4
597,PVC Sealer Automatic Machine & Parts,PVC Sealer Automatic Machine & Parts Line Testers Greeno 82054000,,82054000,26,,,group_sr_429_to_784_PVC_Sealer_Automatic_Machine_&_Parts,4
598,PVC Sealer Automatic Machine & Parts,PVC Sealer Automatic Machine & Parts Mini Hackson frame 82029120,,82029120,40,,,sr_598_PVC_Sealer_Automatic_Machine_&_Parts_Mini_Hackson_frame_82029120,4
599,PVC Sealer Automatic Machine & Parts,PVC Sealer Automatic Machine & Parts Adjustable Hackson Frame 82029120,,82029120,240,,,sr_599_PVC_Sealer_Automatic_Machine_&_Parts_Adjustable_Hackson_Frame_82029120,4
600,PVC Sealer Automatic Machine & Parts,PVC Sealer Automatic Machine & Parts Yellow Box Screw driver Set 82054000,,82054000,280,,,sr_600_PVC_Sealer_Automatic_Machine_&_Parts_Yellow_Box_Screw_driver_Set_82054000,4
601,PVC Sealer Automatic Machine & Parts,PVC Sealer Automatic Machine & Parts Jackly 31 in 1 Screwdriver set 82054000,,82054000,200,,,group_sr_429_to_784_PVC_Sealer_Automatic_Machine_&_Parts,4
602,PVC Sealer Automatic Machine & Parts,PVC Sealer Automatic Machine & Parts Jackly 33 in 1 Screwdriver set 82054000,,82054000,240,,,group_sr_429_to_784_PVC_Sealer_Automatic_Machine_&_Parts,4
603,PVC Sealer Automatic Machine & Parts,PVC Sealer Automatic Machine & Parts Jainson Terminal Crimping Tool Virat-6 (0.5 to 6 sqmm) 82032000,,82032000,780,,,sr_603_PVC_Sealer_Automatic_Machine_&_Parts_Jainson_Terminal_Crimping_Tool_Virat_6_(0_5_to_6_sqmm)_82032000,4
604,PVC Sealer Automatic Machine & Parts,PVC Sealer Automatic Machine & Parts JOP-427 (1.5 to 10 sqmm) 82032000,,82032000,960,,,sr_604_PVC_Sealer_Automatic_Machine_&_Parts_JOP_427_(1_5_to_10_sqmm)_82032000,4
605,PVC Sealer Automatic Machine & Parts,PVC Sealer Automatic Machine & Parts SAMRAT-16 (1.5 to 16 sqmm) 82032000,,82032000,1030,,,sr_605_PVC_Sealer_Automatic_Machine_&_Parts_SAMRAT_16_(1_5_to_16_sqmm)_82032000,4
606,PVC Sealer Automatic Machine & Parts,"PVC Sealer Automatic Machine & Parts TRISHUL(3 IN 1) (1.5,2.5,4-6 sqmm) 82032000",,82032000,1650,,,"sr_606_PVC_Sealer_Automatic_Machine_&_Parts_TRISHUL(3_IN_1)_(1_5,2_5,4_6_sqmm)_82032000",4
607,PVC Sealer Automatic Machine & Parts,PVC Sealer Automatic Machine & Parts Ferrules CHETAK-6(0.5 to 6 sqmm) 82032000,,82032000,1650,,,sr_607_PVC_Sealer_Automatic_Machine_&_Parts_Ferrules_CHETAK_6(0_5_to_6_sqmm)_82032000,4
608,PVC Sealer Automatic Machine & Parts,PVC Sealer Automatic Machine & Parts CHEKAK-16(10 to16 sqmm) 82032000,,82032000,1650,,,sr_608_PVC_Sealer_Automatic_Machine_&_Parts_CHEKAK_16(10_to16_sqmm)_82032000,4
609,PVC Sealer Automatic Machine & Parts,PVC Sealer Automatic Machine & Parts Open Barrel LUVKUSH-6(0.5 to 6 sqmm) 82032000,,82032000,1850,,,group_sr_429_to_784_PVC_Sealer_Automatic_Machine_&_Parts,4
610,Kundip Items,Kundip Items K-1=3 Push On/Off Square=Round,,85365090,13,Pcs.,,sr_610_Kundip_Items_K_1=3_Push_OnOff_Square=Round,5
611,Kundip Items,Kundip Items K-13 Door Switch(Push Off)Square,,85365090,60,,,,5
612,Kundip Items,"Kundip Items K-14 Ceramic Fuse(6x25mm)3A,5A,13A,15A",,85361000,7,,,,5
613,Kundip Items,Kundip Items K-17 Push On/Off Round,,85365090,13,,,,5
614,Kundip Items,"Kundip Items K-20 Circuit Breaker Switch 2A, 5A",,85362030,25,,,,5
615,Kundip Items,Kundip Items K-21 Door Switch(Push Off) Round,,85365090,30,,,sr_615_Kundip_Items_K_21_Door_Switch(Push_Off)_Round,5
616,Kundip Items,Kundip Items K-21A Door Switch(Push Off) with wire,,85365090,25,,,,5
617,Kundip Items,Kundip Items K-22 Door Switch(Push On) Round,,85365090,30,,,,5
618,Kundip Items,Kundip Items K-25A 3Pin Univ.6amp 3way Multi Plug,,85361010,48,,,,5
619,Kundip Items,Kundip Items K-28 3Pin Univ. Con. 6amp to 6amp Plug,,85361010,38,,,,5
620,Kundip Items,Kundip Items K-29 3Pin Univ. Con. 6amp to 16amp Plug,,85361010,44,,,sr_620_Kundip_Items_K_29_3Pin_Univ_Con_6amp_to_16amp_Plug,5
621,Kundip Items,Kundip Items K-32 3Pin Univ. 6amp to 6amp Multi Plug,,85361010,50,,,,5
622,Kundip Items,Kundip Items K-33 3Pin Univ. 6amp to 16amp Multi Plug,,85361010,75,,,,5
623,Kundip Items,Kundip Items K-36 Uni. Travel Adaptor (World Plug),,85361010,105,,,,5
624,Kundip Items,Kundip Items K-37 Uni. Travel Adaptor (World Plug)Dual USB,,85361010,285,,,,5
625,Kundip Items,Kundip Items K-39 2Pin Male Top 6amp,,85366990,12.5,,,sr_625_Kundip_Items_K_39_2Pin_Male_Top_6amp,5
626,Kundip Items,Kundip Items K-40 2Pin Male-Female Top 6amp,,85366990,25,,,,5
627,Kundip Items,Kundip Items K-41 3Pin Male Top 6amp,,85366990,40,,,,5
628,Kundip Items,Kundip Items K-41A 3Pin Male Top 6amp with Fuse,,85366990,61,,,,5
629,Kundip Items,Kundip Items K-43 3Pin Male Top 16amp,,85366990,72,,,,5
630,Kundip Items,Kundip Items K-44 Mini Light Sensor Switch,,85366990,95,,,sr_630_Kundip_Items_K_44_Mini_Light_Sensor_Switch,5
631,Kundip Items,Kundip Items K-45 Light Sensor Switch,,85366990,110,,,,5
632,Kundip Items,Kundip Items K-46 Water Proof Light Sensor Switch,,85366990,215,,,,5
633,Kundip Items,Kundip Items K-47 3Pin Flat UK13amp to Univ.Con.Plug,,85361010,58,,,,5
634,Kundip Items,Kundip Items K-49 Continuous Piezo Buzzer 3-24V,,85318040,28,,,,5
635,Kundip Items,Kundip Items K-49A Continuous Piezo Buzzer 230V,,85318040,32,,,sr_635_Kundip_Items_K_49A_Continuous_Piezo_Buzzer_230V,5
636,Kundip Items,Kundip Items K-50 Test Probe Red+Black,,90319000,16,,,,5
637,Kundip Items,Kundip Items K-51 Electronic Continuity Tester LED AA Cell,,90318000,38,,,,5
638,Kundip Items,Kundip Items K-53 Electronic Continuity Tester(Light & Sound),,90318000,67,,,,5
639,Kundip Items,Kundip Items K-54 Electronic Continuity Tester LED AAA Cell,,90318000,36,,,,5
640,Kundip Items,Kundip Items K-58 Negative-Positive & Continuity Tester,,90318000,51,,,sr_640_Kundip_Items_K_58_Negative_Positive_&_Continuity_Tester,5
641,Kundip Items,Kundip Items K-59 Electronic Micro Continuity Tester LED,,90318000,36,,,,5
642,Kundip Items,Kundip Items K-60 Electronic Mini Continuity Tester LED,,90318000,38,,,sr_642_Kundip_Items_K_60_Electronic_Mini_Continuity_Tester_LED,5
643,Kundip Items,Kundip Items K-65 AC Voltage Detector(with AAA Cell) Tester,,90318000,180,,,,5
644,Kundip Items,Kundip Items K-66 Electronic Voltage Tester(6 to 440V),,90318000,120,,,,5
645,Kundip Items,Kundip Items K-68 Digital Light Voltage Tester(12 to 220V),,90318000,58,,,sr_645_Kundip_Items_K_68_Digital_Light_Voltage_Tester(12_to_220V),5
646,Kundip Items,Kundip Items K-69 AC Line Fault Detector 230V Socket Tester,,90318000,66,,,,5
647,Kundip Items,Kundip Items K-71 AC Voltage Detector(with Button Cell) Tester,,90318000,125,,,,5
648,Kundip Items,Kundip Items K-72 Compact Continuity Tester,,90318000,30,,,,5
649,Kundip Items,Kundip Items K-73 Mini Continuity Tester(Light & Sound),,90318000,71,,,,5
650,Kundip Items,Kundip Items K-74 Step Down(220-110V) 65w Voltage Con.,,85049000,315,,,sr_650_Kundip_Items_K_74_Step_Down(220_110V)_65w_Voltage_Con,5
651,Kundip Items,Kundip Items K-76 Step Down(220-110V) 50w Voltage Con.,,85049000,285,,,sr_651_Kundip_Items_K_76_Step_Down(220_110V)_50w_Voltage_Con,5
652,Kundip Items,Kundip Items K-77 Step Down(220-110V) 1000w SMPS V. Con.,,85049000,240,,,,5
653,Kundip Items,Kundip Items K-78 Step Down(220-110V) 1600w SMPS V. Con.,,85049000,260,,,,5
654,Kundip Items,Kundip Items K-81 Step Down(220-110V) 2000w SMPS V. Con.,,85049000,380,,,,5
655,Kundip Items,Kundip Items K-82 Step Down(220-110V) 2500w SMPS V. Con.,,85049000,400,,,sr_655_Kundip_Items_K_82_Step_Down(220_110V)_2500w_SMPS_V_Con,5
656,Kundip Items,Kundip Items K-86 Step Up (110-220V) 65w Voltage Con.,,85049000,350,,,,5
657,Kundip Items,Kundip Items K-90 3Pin Univ. Con. Plug 5amp,,85361010,48,,,,5
658,Kundip Items,Kundip Items K-95 2 Flat Pin 110v USA Top,,85361010,20,,,,5
659,Kundip Items,Kundip Items K-97 3 Pin 110v USA Top,,85361010,60,,,,5
660,Kundip Items,Kundip Items K-98 3 Flat Pin UK 13amp Top,,85361010,55,,,sr_660_Kundip_Items_K_98_3_Flat_Pin_UK_13amp_Top,5
661,Kundip Items,Kundip Items K-99 3 Pin (Ch.-Aus.-Nz.)10amp Top,,85361010,60,,,,5
662,Kundip Items,Kundip Items K-100 3 Pin (Ch.-Aus.-Nz.) Con. Plug,,85361010,55,,,,5
663,Kundip Items,Kundip Items K-102 Step Down(220-110V) 100w V. Con.Metal Box,,85049000,1100,,,,5
664,Kundip Items,Kundip Items K-103 Step Down(220-110V) 250w V. Con.Metal Box,,85049000,1400,,,,5
665,Kundip Items,Kundip Items K-104 Micro Master Tester with Button Cell,,90318000,42,,,sr_665_Kundip_Items_K_104_Micro_Master_Tester_with_Button_Cell,5
666,Kundip Items,Kundip Items K-105 2 Flat Pin 110v USA Con. Plug,,85361010,23,,,,5
667,Kundip Items,Kundip Items K-106 2 Round Pin Con. Plug,,85361010,21,,,sr_667_Kundip_Items_K_106_2_Round_Pin_Con_Plug,5
668,Kundip Items,Kundip Items K-107 3 Pin 110v USA Con. Plug,,85361010,55,,,,5
669,Kundip Items,Kundip Items K-108 3way Multi Adaptor With Fuse 5amp,,85361010,83,,,,5
670,Kundip Items,Kundip Items K-109 3way Multi Adaptor With Fuse 13amp,,85361010,98,,,sr_670_Kundip_Items_K_109_3way_Multi_Adaptor_With_Fuse_13amp,5
671,Kundip Items,Kundip Items K-110 3way Multi Adaptor With Fuse 15amp,,85361010,95,,,,5
672,Kundip Items,Kundip Items K-114 Step Down(220-110V) 500w V. Con.Metal Box,,85049000,2800,,,,5
673,Kundip Items,Kundip Items K-115 Step Down(220-110V) 1000w V. Con.Metal Box,,85049000,5000,,,,5
674,Kundip Items,Kundip Items K-116 Step Down(220-110V) 2500w V. Con.Metal Box,,85049000,11800,,,,5
675,Kundip Items,Kundip Items K-146 3Pin Univ. Con. Plug 5 to15amp,,85361010,53,,,sr_675_Kundip_Items_K_146_3Pin_Univ_Con_Plug_5_to15amp,5
676,Kundip Items,Kundip Items K-148 3 Flat Pin UK Univ. Con. Plug 13 to15amp,,85361010,63,,,,5
677,Kundip Items,Kundip Items K-150 3Pin Univ. Con. Plug 15 to15amp,,85361010,63,,,sr_677_Kundip_Items_K_150_3Pin_Univ_Con_Plug_15_to15amp,5
678,Kundip Items,Kundip Items K-155 Germany Univ Con. Plug 5amp.,,85361010,85,,,,5
679,Kundip Items,Kundip Items K-157A Electric Kapoor Dani S.S.,,85167990,80,,,,5
680,Kundip Items,Kundip Items K-158A Electric Kapoor Dani Wooden,,85167990,150,,,sr_680_Kundip_Items_K_158A_Electric_Kapoor_Dani_Wooden,5
681,Kundip Items,Kundip Items K-159A Electric Dhoop Dani S.S With Bakelite handle,,85167990,180,,,,5
682,Kundip Items,Kundip Items K-162 Step Up (110-220V) 50w Voltage Con.,,85049000,310,,,,5
683,Kundip Items,Kundip Items K-164 Step Up (110-220V) 500w V.Con.Metal box,,85049000,3000,,,,5
684,Kundip Items,Kundip Items K-165 Step Down(220-110V) 1500w V.Con.Metal Box,,85049000,9000,,,,5
685,Kundip Items,Kundip Items K-166 Step Down(220-110V) 2000w V.Con.Metal Box,,85049000,10500,,,,5
686,Kundip Items,Kundip Items K-168 Step Up (110-220V) 1000w V.Con.Metal box,,85049000,5300,,,,5
687,Plier Stripper & C u t t e r,Plier Stripper & C u t t e r P.V.C. Connector 6 Amp. x 12 Way,,85369090,25,Pcs.,,,6
688,Plier Stripper & C u t t e r,Plier Stripper & C u t t e r P.V.C. Connector 10 Amp. x 12 Way,,85369090,39,,,,6
689,Plier Stripper & C u t t e r,Plier Stripper & C u t t e r P.V.C. Connector 16 Amp. x 12 Way,,85369090,60,,,sr_689_Plier_Stripper_&_C_u_t_t_e_r_P_V_C_Connector_16_Amp_x_12_Way,6
690,Plier Stripper & C u t t e r,Plier Stripper & C u t t e r P.V.C. Connector 32 Amp. x 12 Way,,85369090,110,,,,6
691,Plier Stripper & C u t t e r,Plier Stripper & C u t t e r P.V.C. Connector 63 Amp. x 12 Way,,85369090,265,,,,6
692,Plier Stripper & C u t t e r,Plier Stripper & C u t t e r P.V.C. Connector Pushfit 5 amp. x 2 way,,85369090,5,,,sr_692_Plier_Stripper_&_C_u_t_t_e_r_P_V_C_Connector_Pushfit_5_amp_x_2_way,6
693,Plier Stripper & C u t t e r,Plier Stripper & C u t t e r P.V.C. Connector Pushfit 5 amp. x 3 way,,85369090,7,,,,6
694,Plier Stripper & C u t t e r,Plier Stripper & C u t t e r ABS Connector 5 Amp. x 2 Way,,85369090,8,,,,6
695,Plier Stripper & C u t t e r,Plier Stripper & C u t t e r ABS Connector 5 Amp. x 3 Way,,85369090,13,,,,6
696,Plier Stripper & C u t t e r,Plier Stripper & C u t t e r ABS Connector 5 Amp. x 4 Way,,85369090,17,,,sr_696_Plier_Stripper_&_C_u_t_t_e_r_ABS_Connector_5_Amp_x_4_Way,6
697,Plier Stripper & C u t t e r,Plier Stripper & C u t t e r ABS Connector 10 Amp. x 2 Way,,85369090,12,,,,6
698,Plier Stripper & C u t t e r,Plier Stripper & C u t t e r ABS Connector 10 Amp. x 3 Way,,85369090,18,,,,6
699,Plier Stripper & C u t t e r,Plier Stripper & C u t t e r ABS Connector 10 Amp. x 4 Way,,85369090,24,,,,6
700,Plier Stripper & C u t t e r,Plier Stripper & C u t t e r Bakelite Connector 6 Amp. x 12 Way,,85369090,50,,,,6
701,Plier Stripper & C u t t e r,Plier Stripper & C u t t e r Bakelite Connector 10 Amp. x 12 Way,,85369090,63,,,,6
702,Plier Stripper & C u t t e r,Plier Stripper & C u t t e r Bakelite Connector 16 Amp. x 12 Way,,85369090,87,,,sr_702_Plier_Stripper_&_C_u_t_t_e_r_Bakelite_Connector_16_Amp_x_12_Way,6
703,Plier Stripper & C u t t e r,Plier Stripper & C u t t e r Bakelite Connector 32 Amp. x 12 Way,,85369090,145,,,,6
704,Plier Stripper & C u t t e r,Plier Stripper & C u t t e r Bakelite Connector 63 Amp. x 12 Way,,85369090,330,,,,6
705,Plier Stripper & C u t t e r,Plier Stripper & C u t t e r Bakelite Connector 32 Amp. x 2 Way SHT Type,,85369090,30,,,sr_705_Plier_Stripper_&_C_u_t_t_e_r_Bakelite_Connector_32_Amp_x_2_Way_SHT_Type,6
706,Plier Stripper & C u t t e r,Plier Stripper & C u t t e r Bakelite Connector 32 Amp. x 3 Way SHT Type,,85369090,42,,,sr_706_Plier_Stripper_&_C_u_t_t_e_r_Bakelite_Connector_32_Amp_x_3_Way_SHT_Type,6
707,Plier Stripper & C u t t e r,Plier Stripper & C u t t e r Bakelite Connector 32 Amp. x 4 Way SHT Type,,85369090,54,,,,6
708,Plier Stripper & C u t t e r,Plier Stripper & C u t t e r Bakelite Connector 32 Amp. x 6 Way SHT Type,,85369090,78,,,,6
709,Plier Stripper & C u t t e r,Plier Stripper & C u t t e r Bakelite Connector 60 Amp. x 2 Way SHT Type,,85369090,108,,,sr_709_Plier_Stripper_&_C_u_t_t_e_r_Bakelite_Connector_60_Amp_x_2_Way_SHT_Type,6
710,Plier Stripper & C u t t e r,Plier Stripper & C u t t e r Bakelite Connector 60 Amp. x 3 Way SHT Type,,85369090,150,,,sr_710_Plier_Stripper_&_C_u_t_t_e_r_Bakelite_Connector_60_Amp_x_3_Way_SHT_Type,6
711,Plier Stripper & C u t t e r,Plier Stripper & C u t t e r Bakelite Connector 60 Amp. x 4 Way SHT Type,,85369090,190,,,,6
712,Plier Stripper & C u t t e r,Plier Stripper & C u t t e r Bakelite Connector 60 Amp. x 6 Way SHT Type,,85369090,280,,,,6
713,Plier Stripper & C u t t e r,Plier Stripper & C u t t e r Proceline Connector 6 Amp. x 1 Way,,85369090,10,,,,6
714,Plier Stripper & C u t t e r,Plier Stripper & C u t t e r Proceline Connector 6 Amp. x 2 Way,,85369090,18,,,,6
715,Plier Stripper & C u t t e r,Plier Stripper & C u t t e r Proceline Connector 6 Amp. x 3 Way,,85369090,28,,,,6
716,Plier Stripper & C u t t e r,Plier Stripper & C u t t e r Proceline Connector 6 Amp. x 4 Way,,85369090,36,,,,6
717,Plier Stripper & C u t t e r,Plier Stripper & C u t t e r Proceline Connector 10 Amp. x 2 Way,,85369090,25,,,,6
718,Plier Stripper & C u t t e r,Plier Stripper & C u t t e r Proceline Connector 10 Amp. x 3 Way,,85369090,39,,,,6
719,Plier Stripper & C u t t e r,Plier Stripper & C u t t e r Proceline Connector 10 Amp. x 4 Way,,85369090,56,,,,6
720,Plier Stripper & C u t t e r,Plier Stripper & C u t t e r Proceline Connector 16 Amp. x 2 Way,,85369090,34,,,sr_720_Plier_Stripper_&_C_u_t_t_e_r_Proceline_Connector_16_Amp_x_2_Way,6
721,Plier Stripper & C u t t e r,Plier Stripper & C u t t e r Proceline Connector 16 Amp. x 3 Way,,85369090,51,,,,6
722,Plier Stripper & C u t t e r,Plier Stripper & C u t t e r Proceline Connector 16 Amp. x 4 Way,,85369090,68,,,,6
723,Plier Stripper & C u t t e r,Plier Stripper & C u t t e r Proceline Connector 32 Amp. x 2 Way,,85369090,51,,,,6
724,Plier Stripper & C u t t e r,Plier Stripper & C u t t e r Proceline Connector 32 Amp. x 3 Way,,85369090,78,,,,6
725,Plier Stripper & C u t t e r,Plier Stripper & C u t t e r Proceline Connector 32 Amp. x 4 Way,,85369090,102,,,,6
726,Plier Stripper & C u t t e r,Plier Stripper & C u t t e r Proceline Connector 63 Amp. x 2 Way,,85369090,60,,,,6
727,Plier Stripper & C u t t e r,Plier Stripper & C u t t e r Proceline Connector 63 Amp. x 3 Way,,85369090,96,,,sr_727_Plier_Stripper_&_C_u_t_t_e_r_Proceline_Connector_63_Amp_x_3_Way,6
728,Plier Stripper & C u t t e r,Plier Stripper & C u t t e r Proceline Connector 63 Amp. x 4 Way,,85369090,128,,,,6
729,Plier Stripper & C u t t e r,Plier Stripper & C u t t e r Proceline Pipe Holder 2 Slot B.C.Type,,85369090,25,,,sr_729_Plier_Stripper_&_C_u_t_t_e_r_Proceline_Pipe_Holder_2_Slot_B_C_Type,6
730,Plier Stripper & C u t t e r,Plier Stripper & C u t t e r Proceline 2 Slot Holder Barrel Type,,85369090,26,,,sr_730_Plier_Stripper_&_C_u_t_t_e_r_Proceline_2_Slot_Holder_Barrel_Type,6
731,Plier Stripper & C u t t e r,Plier Stripper & C u t t e r Proceline E-14 Holder,,85369090,42,,,,6
732,Plier Stripper & C u t t e r,"Plier Stripper & C u t t e r Proceline E-27 Holder Batten, Japan, Barrel",,85369090,58,,,,6
733,Plier Stripper & C u t t e r,Plier Stripper & C u t t e r Proceline E-27 Pendent Holder,,85369090,60,,,sr_733_Plier_Stripper_&_C_u_t_t_e_r_Proceline_E_27_Pendent_Holder,6
734,Plier Stripper & C u t t e r,Plier Stripper & C u t t e r Proceline E-40 Japan/ Barrel Shirt Holder,,85369090,138,,,,6
735,Plier Stripper & C u t t e r,"Plier Stripper & C u t t e r PVC Rotar Holder Rotex, Urea",,85369090,16,,,"sr_735_Plier_Stripper_&_C_u_t_t_e_r_PVC_Rotar_Holder_Rotex,_Urea",6
736,Plier Stripper & C u t t e r,Plier Stripper & C u t t e r PVC Philips Type Pushfit Rotar Holder,,85369090,12,,,sr_736_Plier_Stripper_&_C_u_t_t_e_r_PVC_Philips_Type_Pushfit_Rotar_Holder,6
737,Plier Stripper & C u t t e r,Plier Stripper & C u t t e r PVC Bajaj Type Pushfit Rotar Holder,,85369090,10,,,sr_737_Plier_Stripper_&_C_u_t_t_e_r_PVC_Bajaj_Type_Pushfit_Rotar_Holder,6
738,Plier Stripper & C u t t e r,Plier Stripper & C u t t e r PVC Round Type Rotar Holder,,85369090,14,,,,6
739,Plier Stripper & C u t t e r,Plier Stripper & C u t t e r PVC T-5 Tube Rotar Pushfit Holder,,85369090,12,,,sr_739_Plier_Stripper_&_C_u_t_t_e_r_PVC_T_5_Tube_Rotar_Pushfit_Holder,6
740,Plier Stripper & C u t t e r,Plier Stripper & C u t t e r PVC T-5 Stand TypeTube Rotar Holder,,85369090,18,,,sr_740_Plier_Stripper_&_C_u_t_t_e_r_PVC_T_5_Stand_TypeTube_Rotar_Holder,6
741,Plier Stripper & C u t t e r,Plier Stripper & C u t t e r PVC T-5+T-8 Tube Rotar Holder,,85369090,10,,,sr_741_Plier_Stripper_&_C_u_t_t_e_r_PVC_T_5+T_8_Tube_Rotar_Holder,6
742,Plier Stripper & C u t t e r,Plier Stripper & C u t t e r PVC Pencil Tube Mini Rotar Holder,,85369090,16,,,,6
743,Plier Stripper & C u t t e r,Plier Stripper & C u t t e r PVC Bracket rotary holder Stand Type,,85369090,40,,,sr_743_Plier_Stripper_&_C_u_t_t_e_r_PVC_Bracket_rotary_holder_Stand_Type,6
744,Plier Stripper & C u t t e r,Plier Stripper & C u t t e r PVC 2 Slot Holder,,85369090,16,,,,6
745,Plier Stripper & C u t t e r,Plier Stripper & C u t t e r PVC PL Holder 9/11watt,,85369090,24,,,,6
746,Plier Stripper & C u t t e r,Plier Stripper & C u t t e r PVC PLC Holder 18watt Square 2Pin,,85369090,28,,,,6
747,Plier Stripper & C u t t e r,Plier Stripper & C u t t e r PVC PLC Holder 18watt Square 4Pin,,85369090,36,,,sr_747_Plier_Stripper_&_C_u_t_t_e_r_PVC_PLC_Holder_18watt_Square_4Pin,6
748,Plier Stripper & C u t t e r,Plier Stripper & C u t t e r PVC PLC Holder 18watt Round 2Pin,,85369090,30,,,,6
749,Plier Stripper & C u t t e r,Plier Stripper & C u t t e r PVC PLC Holder 18watt Round 4Pin,,85369090,40,,,,6
750,Plier Stripper & C u t t e r,Plier Stripper & C u t t e r PVC PL Holder 36watt Push Type,,85369090,30,,,,6
751,Plier Stripper & C u t t e r,Plier Stripper & C u t t e r PVC PL Holder 36watt Screw Type,,85369090,36,,,,6
752,Plier Stripper & C u t t e r,Plier Stripper & C u t t e r PVC Starter Sheet Pushfit Holder,,85369090,8,,,,6
753,Plier Stripper & C u t t e r,Plier Stripper & C u t t e r PVC Starter Sheet Black Holder Old Type,,85369090,7,,,sr_753_Plier_Stripper_&_C_u_t_t_e_r_PVC_Starter_Sheet_Black_Holder_Old_Type,6
754,Plier Stripper & C u t t e r,Plier Stripper & C u t t e r PVC Starter Sheet Balika Holder,,85369090,16,,,,6
755,Plier Stripper & C u t t e r,Plier Stripper & C u t t e r PVC Slim Patti Tube Rotar Holder Full WireSet,,85369090,6,,,sr_755_Plier_Stripper_&_C_u_t_t_e_r_PVC_Slim_Patti_Tube_Rotar_Holder_Full_WireSet,6
756,Plier Stripper & C u t t e r,Plier Stripper & C u t t e r PVC T-5 U Clip for Fitting,,85369090,4,,,,6
757,Plier Stripper & C u t t e r,Plier Stripper & C u t t e r PVC T-8 U Clip for Fitting,,85369090,5.5,,,sr_757_Plier_Stripper_&_C_u_t_t_e_r_PVC_T_8_U_Clip_for_Fitting,6
758,Plier Stripper & C u t t e r,Plier Stripper & C u t t e r PVC PL 9/11watt U Clip for Fitting,,85369090,5,,,,6
759,Plier Stripper & C u t t e r,Plier Stripper & C u t t e r PVC PL 36watt/ U Clip for Fitting,,85369090,4.5,,,,6
760,Plier Stripper & C u t t e r,Plier Stripper & C u t t e r PVC PL 40watt/ U Clip for Fitting,,85369090,6,,,,6
761,Plier Stripper & C u t t e r,Plier Stripper & C u t t e r S.S. PL 9/11watt Tube Patti Clip,,85369090,4.5,,,,6
762,Plier Stripper & C u t t e r,Plier Stripper & C u t t e r S.S. PL 36watt Tube Patti Clip,,85369090,6,,,sr_762_Plier_Stripper_&_C_u_t_t_e_r_S_S_PL_36watt_Tube_Patti_Clip,6
763,Plier Stripper & C u t t e r,Plier Stripper & C u t t e r S.S. T-5 / T-8 LED Patti Clip,,85369090,5,,,,6
764,PVC Sealer Automatic Machine & Parts,PVC Sealer Automatic Machine & Parts 500w Halogen Holder,,85366190,55,Pcs.,,group_sr_429_to_784_PVC_Sealer_Automatic_Machine_&_Parts,6
765,PVC Sealer Automatic Machine & Parts,PVC Sealer Automatic Machine & Parts 1000w Halogen Holder,,85366190,60,,,group_sr_429_to_784_PVC_Sealer_Automatic_Machine_&_Parts,6
766,PVC Sealer Automatic Machine & Parts,PVC Sealer Automatic Machine & Parts Adjustable Halogen Holder,,85366190,300,,,sr_766_PVC_Sealer_Automatic_Machine_&_Parts_Adjustable_Halogen_Holder,6
767,PVC Sealer Automatic Machine & Parts,PVC Sealer Automatic Machine & Parts Halogen Holder with Teflon Wire,,85366190,48,,,group_sr_429_to_784_PVC_Sealer_Automatic_Machine_&_Parts,6
768,PVC Sealer Automatic Machine & Parts,PVC Sealer Automatic Machine & Parts 12/50w Halogen Holder with Silcon Wire,,85366190,42,,,group_sr_429_to_784_PVC_Sealer_Automatic_Machine_&_Parts,6
769,PVC Sealer Automatic Machine & Parts,PVC Sealer Automatic Machine & Parts B-22 to E-27 PVC Converter,,85366110,29,,,sr_769_PVC_Sealer_Automatic_Machine_&_Parts_B_22_to_E_27_PVC_Converter,6
770,PVC Sealer Automatic Machine & Parts,PVC Sealer Automatic Machine & Parts B-22 to E-14 PVC Converter,,85366110,30,,,sr_770_PVC_Sealer_Automatic_Machine_&_Parts_B_22_to_E_14_PVC_Converter,6
771,PVC Sealer Automatic Machine & Parts,PVC Sealer Automatic Machine & Parts E-27 to B-22 Sona Chandi Converter,,85366110,55,,,sr_771_PVC_Sealer_Automatic_Machine_&_Parts_E_27_to_B_22_Sona_Chandi_Converter,6
772,PVC Sealer Automatic Machine & Parts,PVC Sealer Automatic Machine & Parts E-14 to B-22 PVC Converter,,85366110,55,,,sr_772_PVC_Sealer_Automatic_Machine_&_Parts_E_14_to_B_22_PVC_Converter,6
773,PVC Sealer Automatic Machine & Parts,PVC Sealer Automatic Machine & Parts Proceline Nutrulink Size 16 Amp.,,85369090,38,,,group_sr_429_to_784_PVC_Sealer_Automatic_Machine_&_Parts,6
774,PVC Sealer Automatic Machine & Parts,PVC Sealer Automatic Machine & Parts 32 Amp.,,85369090,55,,,group_sr_429_to_784_PVC_Sealer_Automatic_Machine_&_Parts,6
775,PVC Sealer Automatic Machine & Parts,PVC Sealer Automatic Machine & Parts 63 Amp.,,85369090,107,,,sr_775_PVC_Sealer_Automatic_Machine_&_Parts_63_Amp,6
776,PVC Sealer Automatic Machine & Parts,PVC Sealer Automatic Machine & Parts Amp.,,85369090,200,,,sr_776_PVC_Sealer_Automatic_Machine_&_Parts_Amp,6
777,PVC Sealer Automatic Machine & Parts,PVC Sealer Automatic Machine & Parts Proceline Bus Bar Size 8 BM .,,84311090,15,,,group_sr_429_to_784_PVC_Sealer_Automatic_Machine_&_Parts,6
778,PVC Sealer Automatic Machine & Parts,PVC Sealer Automatic Machine & Parts 10 BM .,,84311090,27,,,sr_778_PVC_Sealer_Automatic_Machine_&_Parts_10_BM,6
779,PVC Sealer Automatic Machine & Parts,PVC Sealer Automatic Machine & Parts 10 BMP,,84311090,54,,,sr_779_PVC_Sealer_Automatic_Machine_&_Parts_10_BMP,6
780,PVC Sealer Automatic Machine & Parts,PVC Sealer Automatic Machine & Parts 10 BML,,84311090,90,,,group_sr_429_to_784_PVC_Sealer_Automatic_Machine_&_Parts,6
781,PVC Sealer Automatic Machine & Parts,PVC Sealer Automatic Machine & Parts Brass Nutrilink Bar 15amp x 3way to 25way,,85369090,,1way,,group_sr_429_to_784_PVC_Sealer_Automatic_Machine_&_Parts,6
782,PVC Sealer Automatic Machine & Parts,PVC Sealer Automatic Machine & Parts 30amp x 3way to 25way,,85369090,,1way,,sr_782_PVC_Sealer_Automatic_Machine_&_Parts_30amp_x_3way_to_25way,6
783,PVC Sealer Automatic Machine & Parts,PVC Sealer Automatic Machine & Parts 60amp x 3way to 25way,,85369090,,1way,,sr_783_PVC_Sealer_Automatic_Machine_&_Parts_60amp_x_3way_to_25way,6
784,PVC Sealer Automatic Machine & Parts,PVC Sealer Automatic Machine & Parts Bass,,85369090,6,Pcs,,group_sr_429_to_784_PVC_Sealer_Automatic_Machine_&_Parts,6
785,Ceramic Sonyee Mony/Beads,Ceramic Sonyee Mony/Beads 1 1.4 3.3 18000,,86542000,960,Kg.,,,6
786,Ceramic Sonyee Mony/Beads,Ceramic Sonyee Mony/Beads 2 1.8 4.2 9400,,86542000,660,Kg.,,,6
787,Ceramic Sonyee Mony/Beads,Ceramic Sonyee Mony/Beads 3 2.3 5.3 5000,,86542000,460,Kg.,,,6
788,Ceramic Sonyee Mony/Beads,Ceramic Sonyee Mony/Beads 4 3.2 7.0 2500,,86542000,300,Kg.,,sr_788_Ceramic_Sonyee_MonyBeads_4_3_2_7_0_2500,6
789,Ceramic Sonyee Mony/Beads,Ceramic Sonyee Mony/Beads 5 3.2 8.5 1250,,86542000,300,Kg.,,,6
790,Ceramic Sonyee Mony/Beads,Ceramic Sonyee Mony/Beads 6 4.0 10.0 800,,86542000,300,Kg.,,,6
791,Ceramic Sonyee Mony/Beads,Ceramic Sonyee Mony/Beads 7 4.5 11.2 500,,86542000,300,Kg.,,sr_791_Ceramic_Sonyee_MonyBeads_7_4_5_11_2_500,6
792,Ceramic Sonyee Mony/Beads,Ceramic Sonyee Mony/Beads 8 5.5 12.7 400,,86542000,300,Kg.,,,6
793,Ceramic Sonyee Mony/Beads,Ceramic Sonyee Mony/Beads 9 6.0 13.5 350,,86542000,300,Kg.,,,6
794,Ceramic Sonyee Mony/Beads,Ceramic Sonyee Mony/Beads 10 4.5 7.5 2700,,86542000,360,Kg.,,,6
795,Ceramic Sonyee Mony/Beads,Ceramic Sonyee Mony/Beads 11 5.5 8.6 1600,,86542000,360,Kg.,,sr_795_Ceramic_Sonyee_MonyBeads_11_5_5_8_6_1600,6
796,Ceramic Sonyee Mony/Beads,Ceramic Sonyee Mony/Beads 12 6.6 10.2 1200,,86542000,360,Kg.,,,6
797,Ceramic Sonyee Mony/Beads,Ceramic Sonyee Mony/Beads Spring Stove Element Size 500 watt,,85169000,32,Pcs.,,,6
798,Ceramic Sonyee Mony/Beads,Ceramic Sonyee Mony/Beads watt,,85169000,36,,,sr_798_Ceramic_Sonyee_MonyBeads_watt,6
799,Ceramic Sonyee Mony/Beads,Ceramic Sonyee Mony/Beads watt,,85169000,40,,,,6
800,Ceramic Sonyee Mony/Beads,Ceramic Sonyee Mony/Beads watt,,85169000,44,,,,6
801,Ceramic Sonyee Mony/Beads,Ceramic Sonyee Mony/Beads watt,,85169000,48,,,,6
802,Ceramic Sonyee Mony/Beads,Ceramic Sonyee Mony/Beads watt,,85169000,60,,,,6
803,Ceramic Sonyee Mony/Beads,Ceramic Sonyee Mony/Beads Cigarette machine,,85169000,600,,,sr_803_Ceramic_Sonyee_MonyBeads_Cigarette_machine,6
804,Ceramic Sonyee Mony/Beads,Ceramic Sonyee Mony/Beads Cigarette Element,,85169000,20,,,sr_804_Ceramic_Sonyee_MonyBeads_Cigarette_Element,6
805,Ceramic Sonyee Mony/Beads,Ceramic Sonyee Mony/Beads Gas Lighter,,96138090,100,,,,6
806,Ceramic Sonyee Mony/Beads,Ceramic Sonyee Mony/Beads “Vikas” 3pin Top 5amp.,,85366910,80,,,sr_806_Ceramic_Sonyee_MonyBeads_“Vikas”_3pin_Top_5amp,6
807,Ceramic Sonyee Mony/Beads,Ceramic Sonyee Mony/Beads “Vikas” 3pin top 15amp.,,85366910,110,,,,6
808,Ceramic Sonyee Mony/Beads,Ceramic Sonyee Mony/Beads “Vikas” Iron Connector,,85369090,40,,,,6
809,Ceramic Sonyee Mony/Beads,Ceramic Sonyee Mony/Beads “Vikas” Iron Kettle Connector,,85369090,90,,,,6
810,Ceramic Sonyee Mony/Beads,Ceramic Sonyee Mony/Beads “Max” 2 Pin Top Male + Female,,85369090,38,,,sr_810_Ceramic_Sonyee_MonyBeads_“Max”_2_Pin_Top_Male_+_Female,6
811,Ceramic Sonyee Mony/Beads,Ceramic Sonyee Mony/Beads “Max” 2 Pin Top Male,,85369090,20,,,,6
812,Ceramic Sonyee Mony/Beads,Ceramic Sonyee Mony/Beads “Max” 3 Pin Top 5amp.,,85366990,58,,,sr_812_Ceramic_Sonyee_MonyBeads_“Max”_3_Pin_Top_5amp,6
813,Ceramic Sonyee Mony/Beads,Ceramic Sonyee Mony/Beads “Max” 3Pin Top 15amp,,85366990,96,,,sr_813_Ceramic_Sonyee_MonyBeads_“Max”_3Pin_Top_15amp,6
814,Ceramic Sonyee Mony/Beads,Ceramic Sonyee Mony/Beads “Max” 3Pin Multi Plug,,85366990,68,,,,6
815,Ceramic Sonyee Mony/Beads,Ceramic Sonyee Mony/Beads “Max” Fan Regulator box type,,84149030,172,,,sr_815_Ceramic_Sonyee_MonyBeads_“Max”_Fan_Regulator_box_type,6
816,Ceramic Sonyee Mony/Beads,Ceramic Sonyee Mony/Beads “Max” Fan Regulator Surface type,,84149030,126,,,,6
817,Ceramic Sonyee Mony/Beads,Ceramic Sonyee Mony/Beads “Max” Flux Box 2 x 4mtr.Sunny,,85369090,260,,,sr_817_Ceramic_Sonyee_MonyBeads_“Max”_Flux_Box_2_x_4mtr_Sunny,6
818,Ceramic Sonyee Mony/Beads,Ceramic Sonyee Mony/Beads “Max” Flux Box 3 x 4mtr.5amp,,85369090,316,,,sr_818_Ceramic_Sonyee_MonyBeads_“Max”_Flux_Box_3_x_4mtr_5amp,6
819,Ceramic Sonyee Mony/Beads,Ceramic Sonyee Mony/Beads “Max” Flux Box 3 x 4mtr.15amp,,85369090,1006,,,,6
820,Ceramic Sonyee Mony/Beads,Ceramic Sonyee Mony/Beads “Max” Door Stereo Bell,,85318000,344,,,sr_820_Ceramic_Sonyee_MonyBeads_“Max”_Door_Stereo_Bell,6
821,Ceramic Sonyee Mony/Beads,Ceramic Sonyee Mony/Beads “Max” Door Smiley Bell,,85318000,198,,,sr_821_Ceramic_Sonyee_MonyBeads_“Max”_Door_Smiley_Bell,6
822,Ceramic Sonyee Mony/Beads,Ceramic Sonyee Mony/Beads “Max” Mini Bell Indicator,,85318000,192,,,sr_822_Ceramic_Sonyee_MonyBeads_“Max”_Mini_Bell_Indicator,6
823,Ceramic Sonyee Mony/Beads,Ceramic Sonyee Mony/Beads “Max” Signal Bell Indicator,,85318000,250,,,sr_823_Ceramic_Sonyee_MonyBeads_“Max”_Signal_Bell_Indicator,6
824,Ceramic Sonyee Mony/Beads,Ceramic Sonyee Mony/Beads “Max” Industrial Gong Bell 75mm,,85318000,914,,,sr_824_Ceramic_Sonyee_MonyBeads_“Max”_Industrial_Gong_Bell_75mm,6
825,Ceramic Sonyee Mony/Beads,Ceramic Sonyee Mony/Beads “Max” Industrial Gong Bell 100mm,,85318000,968,,,,6
826,Ceramic Sonyee Mony/Beads,Ceramic Sonyee Mony/Beads “Max” Industrial Gong Bell 150mm,,85318000,1195,,,,6
827,Ceramic Sonyee Mony/Beads,Ceramic Sonyee Mony/Beads “Max” Industrial Gong Bell 225mm,,85318000,1658,,,sr_827_Ceramic_Sonyee_MonyBeads_“Max”_Industrial_Gong_Bell_225mm,6
828,Ceramic Sonyee Mony/Beads,Ceramic Sonyee Mony/Beads “Max” Industrial Gong Bell 300mm,,85318000,2152,,,,6
829,Ceramic Sonyee Mony/Beads,Ceramic Sonyee Mony/Beads “Max” 4+4 Power Strip 1.25 yds.,,85369090,280,,,,6
830,Ceramic Sonyee Mony/Beads,Ceramic Sonyee Mony/Beads “Max” 4+4 Power Strip 3 yds.,,85369090,324,,,sr_830_Ceramic_Sonyee_MonyBeads_“Max”_4+4_Power_Strip_3_yds,6
831,Ceramic Sonyee Mony/Beads,Ceramic Sonyee Mony/Beads “Max” 4+4 Power Strip 5 yds.,,85369090,378,,,,6
832,Ceramic Sonyee Mony/Beads,Ceramic Sonyee Mony/Beads “Max” 4+1 Power Strip 15amp 2mtr,,85369090,1150,,,sr_832_Ceramic_Sonyee_MonyBeads_“Max”_4+1_Power_Strip_15amp_2mtr,6
833,Ceramic Sonyee Mony/Beads,Ceramic Sonyee Mony/Beads “B-Max” 6 + 6 Power Strip 1.5yd,,85369090,360,,,,6
834,Ceramic Sonyee Mony/Beads,Ceramic Sonyee Mony/Beads “B-Max” 2 Pin Top Male or Female,,85369090,14,,,sr_834_Ceramic_Sonyee_MonyBeads_“B_Max”_2_Pin_Top_Male_or_Female,6
835,Ceramic Sonyee Mony/Beads,Ceramic Sonyee Mony/Beads “B-Max” 3 Pin Top 5amp,,85369090,36,,,,6
836,Ceramic Sonyee Mony/Beads,Ceramic Sonyee Mony/Beads “B-Max” 3Pin Top 15amp,,85369090,70,,,,6
837,Ceramic Sonyee Mony/Beads,Ceramic Sonyee Mony/Beads “B-Max” 3Pin Multi Top,,85369090,20,,,sr_837_Ceramic_Sonyee_MonyBeads_“B_Max”_3Pin_Multi_Top,6
838,Ceramic Sonyee Mony/Beads,Ceramic Sonyee Mony/Beads “B-Max” 3Pin Convertor 5/5 No Indicator,,85369090,24,,,sr_838_Ceramic_Sonyee_MonyBeads_“B_Max”_3Pin_Convertor_55_No_Indicator,6
839,Ceramic Sonyee Mony/Beads,Ceramic Sonyee Mony/Beads “B-Max” 3Pin Convertor 5/15 Indicator,,85369090,60,,,,6
840,“Soldron” Items,“Soldron” Items Solder Iron 15 watt,,85151100,640,Pcs.,,,7
841,“Soldron” Items,“Soldron” Items Solder Iron 25 watt,,85151100,560,,,sr_841_“Soldron”_Items_Solder_Iron_25_watt,7
842,“Soldron” Items,“Soldron” Items Solder Iron 35 watt,,85151100,700,,,sr_842_“Soldron”_Items_Solder_Iron_35_watt,7
843,“Soldron” Items,“Soldron” Items Solder Iron 50 watt,,85151100,320,,,sr_843_“Soldron”_Items_Solder_Iron_50_watt,7
844,“Soldron” Items,“Soldron” Items Solder Iron 75 watt,,85151100,1500,,,sr_844_“Soldron”_Items_Solder_Iron_75_watt,7
845,“Soldron” Items,“Soldron” Items Solder Iron 100 watt,,85151100,1700,,,sr_845_“Soldron”_Items_Solder_Iron_100_watt,7
846,“Soldron” Items,“Soldron” Items 15w+30w Variable temp Iron,,85151100,500,,,sr_846_“Soldron”_Items_15w+30w_Variable_temp_Iron,7
847,“Soldron” Items,“Soldron” Items Solder Gun 25w+50w Iron,,85151100,900,,,,7
848,“Soldron” Items,“Soldron” Items Solder Flux and Cleaner 10ml,,85151100,180,,,sr_848_“Soldron”_Items_Solder_Flux_and_Cleaner_10ml,7
849,“Soldron” Items,“Soldron” Items Solder Element 15 watt,,85151100,420,,,sr_849_“Soldron”_Items_Solder_Element_15_watt,7
850,“Soldron” Items,“Soldron” Items Solder Element 25 watt,,85151100,420,,,,7
851,“Soldron” Items,“Soldron” Items Solder Element 35 watt,,85151100,560,,,,7
852,“Soldron” Items,“Soldron” Items Solder Element 50 watt,,85151100,620,,,sr_852_“Soldron”_Items_Solder_Element_50_watt,7
853,“Soldron” Items,“Soldron” Items Solder Element 75 watt,,85151100,860,,,,7
854,“Soldron” Items,“Soldron” Items Solder Element 100 watt,,85151100,1000,,,,7
855,“Soldron” Items,“Soldron” Items Solder Bits 15 watt,,85151100,150,,,,7
856,“Soldron” Items,“Soldron” Items Solder Bits 25 watt,,85151100,140,,,,7
857,“Soldron” Items,“Soldron” Items Solder Bits 35 watt,,85151100,280,,,sr_857_“Soldron”_Items_Solder_Bits_35_watt,7
858,“Soldron” Items,“Soldron” Items Solder Bits 50 watt,,85151100,350,,,sr_858_“Soldron”_Items_Solder_Bits_50_watt,7
859,“Soldron” Items,“Soldron” Items Solder Bits 75 watt,,85151100,640,,,sr_859_“Soldron”_Items_Solder_Bits_75_watt,7
860,“Soldron” Items,“Soldron” Items Solder Bits 100 watt,,85151100,700,,,,7
861,“Soldron” Items,“Soldron” Items Desoldering Pump,,85151100,400,,,sr_861_“Soldron”_Items_Desoldering_Pump,7
862,“Soldron” Items,“Soldron” Items Solder Sponge,,85151100,56,,,,7
863,“Soldron” Items,“Soldron” Items Deluxe Soldering Stand,,85151100,560,,,,7
864,“Soldron” Items,“Soldron” Items Portable Variable Voltage Micro station,,85151100,2400,,,sr_864_“Soldron”_Items_Portable_Variable_Voltage_Micro_station,7
865,“Soldron” Items,“Soldron” Items Variable Wattage Micro-Soldering Station,,85151100,2500,,,,7
866,“Soldron” Items,“Soldron” Items Soldron 936 Analog Solder Station,,85151100,7800,,,sr_866_“Soldron”_Items_Soldron_936_Analog_Solder_Station,7
867,“Soldron” Items,“Soldron” Items Soldron 938 Digital Solder Station,,85151100,10100,,,sr_867_“Soldron”_Items_Soldron_938_Digital_Solder_Station,7
868,“Soldron” Items,“Soldron” Items Soldron 8898 Soldering Station,,85151100,17600,,,,7
869,“Soldron” Items,“Soldron” Items Soldron 878D Soldering Station,,85151100,16500,,,sr_869_“Soldron”_Items_Soldron_878D_Soldering_Station,7
870,“RedPlus” “MALA” Soldering Items,“RedPlus” “MALA” Soldering Items Solder Iron 8 watt Leight Weight,,85151100,160,Pcs.,,,7
871,“RedPlus” “MALA” Soldering Items,“RedPlus” “MALA” Soldering Items Solder Iron 15watt Indicator,,85151100,160,,,,7
872,“RedPlus” “MALA” Soldering Items,“RedPlus” “MALA” Soldering Items Solder Iron 25 watt Indicator,,85151100,120,,,sr_872_“RedPlus”_“MALA”_Soldering_Items_Solder_Iron_25_watt_Indicator,7
873,“RedPlus” “MALA” Soldering Items,“RedPlus” “MALA” Soldering Items Solder Iron 25 watt medium,,85151100,200,,,,7
874,“RedPlus” “MALA” Soldering Items,“RedPlus” “MALA” Soldering Items Solder Iron 25 watt Heavy,,85151100,300,,,,7
875,“RedPlus” “MALA” Soldering Items,“RedPlus” “MALA” Soldering Items Solder Iron 35 watt,,85151100,400,,,sr_875_“RedPlus”_“MALA”_Soldering_Items_Solder_Iron_35_watt,7
876,“RedPlus” “MALA” Soldering Items,“RedPlus” “MALA” Soldering Items Solder Iron 50 watt,,85151100,420,,,sr_876_“RedPlus”_“MALA”_Soldering_Items_Solder_Iron_50_watt,7
877,“RedPlus” “MALA” Soldering Items,“RedPlus” “MALA” Soldering Items Solder Iron 60 watt,,85151100,500,,,sr_877_“RedPlus”_“MALA”_Soldering_Items_Solder_Iron_60_watt,7
878,“RedPlus” “MALA” Soldering Items,“RedPlus” “MALA” Soldering Items Solder Iron 125watt,,85151100,600,,,,7
879,“RedPlus” “MALA” Soldering Items,“RedPlus” “MALA” Soldering Items Solder Element 15 watt,,85151100,50,,,,7
880,“RedPlus” “MALA” Soldering Items,“RedPlus” “MALA” Soldering Items Solder Element 25 watt,,85151100,50,,,,7
881,“RedPlus” “MALA” Soldering Items,“RedPlus” “MALA” Soldering Items Solder Element 35 watt,,85151100,100,,,sr_881_“RedPlus”_“MALA”_Soldering_Items_Solder_Element_35_watt,7
882,“RedPlus” “MALA” Soldering Items,“RedPlus” “MALA” Soldering Items Solder Element 50 watt,,85151100,100,,,sr_882_“RedPlus”_“MALA”_Soldering_Items_Solder_Element_50_watt,7
883,“RedPlus” “MALA” Soldering Items,“RedPlus” “MALA” Soldering Items Solder Element 60 watt,,85151100,,,,,7
884,“RedPlus” “MALA” Soldering Items,“RedPlus” “MALA” Soldering Items Solder Element 125watt,,85151100,,,,,7
885,“RedPlus” “MALA” Soldering Items,“RedPlus” “MALA” Soldering Items Solder Bit 25watt Ord.,,85151100,50,,,sr_885_“RedPlus”_“MALA”_Soldering_Items_Solder_Bit_25watt_Ord,7
886,“RedPlus” “MALA” Soldering Items,“RedPlus” “MALA” Soldering Items Solder Bit 25watt Ring,,85151100,60,,,,7
887,“RedPlus” “MALA” Soldering Items,“RedPlus” “MALA” Soldering Items Solder Bit 25watt “Soldron” Type,,85151100,90,,,,7
888,“RedPlus” “MALA” Soldering Items,“RedPlus” “MALA” Soldering Items Solder Bit 35watt,,85151100,140,,,,7
889,“RedPlus” “MALA” Soldering Items,“RedPlus” “MALA” Soldering Items Solder Bit 50watt,,85151100,160,,,,7
890,“RedPlus” “MALA” Soldering Items,“RedPlus” “MALA” Soldering Items Solder Bit 60 watt,,85151100,,,,sr_890_“RedPlus”_“MALA”_Soldering_Items_Solder_Bit_60_watt,7
891,“RedPlus” “MALA” Soldering Items,“RedPlus” “MALA” Soldering Items Solder Bit 125watt,,85151100,,,,,7
892,“Toni” Soldering Items,“Toni” Soldering Items Solder Iron 65 watt,,85151100,230,Pcs.,,,7
893,“Toni” Soldering Items,“Toni” Soldering Items Solder Iron 100watt,,85151100,330,,,sr_893_“Toni”_Soldering_Items_Solder_Iron_100watt,7
894,“Toni” Soldering Items,“Toni” Soldering Items Solder Iron 125watt,,85151100,460,,,sr_894_“Toni”_Soldering_Items_Solder_Iron_125watt,7
895,“Toni” Soldering Items,“Toni” Soldering Items Solder Iron 240 watt,,85151100,800,,,sr_895_“Toni”_Soldering_Items_Solder_Iron_240_watt,7
896,“Toni” Soldering Items,“Toni” Soldering Items Solder Iron 350 watt,,85151100,950,,,sr_896_“Toni”_Soldering_Items_Solder_Iron_350_watt,7
897,“Toni” Soldering Items,“Toni” Soldering Items Solder Iron 500 watt,,85151100,1200,,,,7
898,“Toni” Soldering Items,“Toni” Soldering Items Solder Iron 1000 watt,,85151100,2800,,,sr_898_“Toni”_Soldering_Items_Solder_Iron_1000_watt,7
899,“Toni” Soldering Items,“Toni” Soldering Items Solder Element 65 watt,,85151100,40,,,sr_899_“Toni”_Soldering_Items_Solder_Element_65_watt,7
900,“Toni” Soldering Items,“Toni” Soldering Items Solder Element 100 watt,,85151100,60,,,,7
901,“Toni” Soldering Items,“Toni” Soldering Items Solder Element 125 watt,,85151100,60,,,sr_901_“Toni”_Soldering_Items_Solder_Element_125_watt,7
902,“Toni” Soldering Items,“Toni” Soldering Items Solder Element 240 watt,,85151100,240,,,,7
903,“Toni” Soldering Items,“Toni” Soldering Items Solder Element 350 watt,,85151100,300,,,sr_903_“Toni”_Soldering_Items_Solder_Element_350_watt,7
904,“Toni” Soldering Items,“Toni” Soldering Items Solder Element 500 watt,,85151100,360,,,,7
905,“Toni” Soldering Items,“Toni” Soldering Items Solder Element 1000 watt,,85151100,400,,,,7
906,“Toni” Soldering Items,“Toni” Soldering Items Solder Bit 65watt,,85151100,40,,,sr_906_“Toni”_Soldering_Items_Solder_Bit_65watt,7
907,“Toni” Soldering Items,“Toni” Soldering Items Solder Bit 100watt,,85151100,130,,,sr_907_“Toni”_Soldering_Items_Solder_Bit_100watt,7
908,“Toni” Soldering Items,“Toni” Soldering Items Solder Bit 125watt,,85151100,129.8,,,,7
909,“Toni” Soldering Items,“Toni” Soldering Items Solder Bit 240watt,,85151100,340,,,,7
910,“Toni” Soldering Items,“Toni” Soldering Items Solder Bit 350watt,,85151100,520,,,sr_910_“Toni”_Soldering_Items_Solder_Bit_350watt,7
911,“Toni” Soldering Items,“Toni” Soldering Items Solder Bit 500watt,,85151100,550,,,,7
912,“Toni” Soldering Items,“Toni” Soldering Items Solder Bit 1000watt,,85151100,1600,,,,7
913,“Toni” Soldering Items,“Toni” Soldering Items Solder Pot,,85151100,1600,,,sr_913_“Toni”_Soldering_Items_Solder_Pot,7
914,“Toni” Soldering Items,“Toni” Soldering Items Variable 30w / 40w Iron with 5 Bits,,85151100,500,,,sr_914_“Toni”_Soldering_Items_Variable_30w_40w_Iron_with_5_Bits,7
915,SOLDER STICK,SOLDER STICK Tin /Lead 40/60,,8001,3600,Kg.,,,7
916,SOLDER STICK,SOLDER STICK Tin /Lead 50/50,,8001,4200,,,,7
917,SOLDER STICK,SOLDER STICK Tin /Lead 60/40,,8001,5000,,,,7
918,SOLDER STICK,SOLDER STICK Tin /Lead 80/20,,8001,7000,,,,7
919,"Joint Solder Wire in 18, 22swg","Joint Solder Wire in 18, 22swg Tin /Lead 60/40 in 500gms box",,83113010,5200,Kg.,,"sr_919_Joint_Solder_Wire_in_18,_22swg_Tin_Lead_6040_in_500gms_box",7
920,"Joint Solder Wire in 18, 22swg","Joint Solder Wire in 18, 22swg Tin /Lead 60/40 in 50gms Packet",,83113010,270,Pkt.,,"sr_920_Joint_Solder_Wire_in_18,_22swg_Tin_Lead_6040_in_50gms_Packet",7
921,"Joint Solder Wire in 18, 22swg","Joint Solder Wire in 18, 22swg “BT”“Bond”“Lasa”Tin/Lead 60/40 in 500gm",,83113010,5600,Kg.,,,7
922,"“Khosla” Solder Wire in 14,16,18,22swg","“Khosla” Solder Wire in 14,16,18,22swg Tin /Lead 80/20 in 500gm Reel",,83113010,7200,Kg.,,,7
923,"“Khosla” Solder Wire in 14,16,18,22swg","“Khosla” Solder Wire in 14,16,18,22swg Tin /Lead 63/37 in 500gm Reel",,83113010,6000,,,,7
924,"“Khosla” Solder Wire in 14,16,18,22swg","“Khosla” Solder Wire in 14,16,18,22swg Tin /Lead 60/40 in 500gm Blue Reel",,83113010,4000,,,"sr_924_“Khosla”_Solder_Wire_in_14,16,18,22swg_Tin_Lead_6040_in_500gm_Blue_Reel",7
925,"“Khosla” Solder Wire in 14,16,18,22swg","“Khosla” Solder Wire in 14,16,18,22swg Tin /Lead 40/60 in 500gm Red Reel",,83113010,3200,,,,7
926,"“Khosla” Solder Wire in 14,16,18,22swg","“Khosla” Solder Wire in 14,16,18,22swg Tin /Lead 40/60 in 50gm Red Reel",,83113010,200,,,,7
927,"“Khosla” Solder Wire in 14,16,18,22swg","“Khosla” Solder Wire in 14,16,18,22swg Tin /Lead 40/60 in 30gm Red Reel",,83113010,100,,,,7
928,"“KUMAR” Solder Wire in 14,16,18,22swg","“KUMAR” Solder Wire in 14,16,18,22swg Tin/Lead 60/40 in 5gms. Packet",,83113010,30,Pkt.,,"sr_928_“KUMAR”_Solder_Wire_in_14,16,18,22swg_TinLead_6040_in_5gms_Packet",7
929,"“KUMAR” Solder Wire in 14,16,18,22swg","“KUMAR” Solder Wire in 14,16,18,22swg Tin/Lead 60/40 in 10gms. Packet",,83113010,60,,,,7
930,"“KUMAR” Solder Wire in 14,16,18,22swg","“KUMAR” Solder Wire in 14,16,18,22swg Tin/Lead 60/40 in 30gms. Box",,83113010,140,Box.,,,7
931,"“KUMAR” Solder Wire in 14,16,18,22swg","“KUMAR” Solder Wire in 14,16,18,22swg Tin/Lead 60/40 in 50gms. Reel",,83113010,200,Kg.,,,7
932,"“KUMAR” Solder Wire in 14,16,18,22swg","“KUMAR” Solder Wire in 14,16,18,22swg Tin/Lead 60/40 in 500gms. Reel",,83113010,4000,,,,7
933,"“KUMAR” Solder Wire in 14,16,18,22swg","“KUMAR” Solder Wire in 14,16,18,22swg Tin/Lead 40/60 in 5gms. Packet",,83113010,16,Pkt.,,"sr_933_“KUMAR”_Solder_Wire_in_14,16,18,22swg_TinLead_4060_in_5gms_Packet",7
934,"“KUMAR” Solder Wire in 14,16,18,22swg","“KUMAR” Solder Wire in 14,16,18,22swg Tin/Lead 40/60 in 10gms. Packet",,83113010,32,,,,7
935,"“KUMAR” Solder Wire in 14,16,18,22swg","“KUMAR” Solder Wire in 14,16,18,22swg Tin/Lead 40/60 in 30gms. Box",,83113010,100,Box.,,,7
936,"“KUMAR” Solder Wire in 14,16,18,22swg","“KUMAR” Solder Wire in 14,16,18,22swg Tin/Lead 40/60 in 50gms. Box",,83113010,160,,,,7
937,"“KUMAR” Solder Wire in 14,16,18,22swg","“KUMAR” Solder Wire in 14,16,18,22swg Tin/Lead 40/60 in 500gms. Reel",,83113010,3200,Kg.,,,7
938,Soldering Paste & Liquied,Soldering Paste & Liquied “Frysol” Paste 500gm Tin,,38101090,1400,Can.,,sr_938_Soldering_Paste_&_Liquied_“Frysol”_Paste_500gm_Tin,7
939,Soldering Paste & Liquied,Soldering Paste & Liquied “Adisol” & “Shakti” Paste 500gm Tin,,38101090,500,,,sr_939_Soldering_Paste_&_Liquied_“Adisol”_&_“Shakti”_Paste_500gm_Tin,7
940,Soldering Paste & Liquied,Soldering Paste & Liquied “Eyre No.7.” Aluminum Liquied 100ml. Bottle,,38101090,700,,,,7
941,Soldering Paste & Liquied,Soldering Paste & Liquied “Frysol” Grade “C” Paint 500gm.,,38101090,,,,,7
942,Soldering Paste & Liquied,Soldering Paste & Liquied “QucikFix” Solder Paste Small Tin 15 gms.,,38101090,30,,,,7
943,Soldering Paste & Liquied,Soldering Paste & Liquied “QucikFix” Solder Paste Big Tin 50gms.,,38101090,60,,,sr_943_Soldering_Paste_&_Liquied_“QucikFix”_Solder_Paste_Big_Tin_50gms,7
944,Soldering Paste & Liquied,Soldering Paste & Liquied “GoodFix” Solder Paste Small Tin 15 gms.,,38101090,500,,,sr_944_Soldering_Paste_&_Liquied_“GoodFix”_Solder_Paste_Small_Tin_15_gms,7
945,Soldering Paste & Liquied,Soldering Liquied 10ml. PVC Tin,,38101090,30,,,,7
946,Soldering Paste & Liquied,Soldering Liquied 250ml. PVC Tin,,38101090,400,,,,7
947,Soldering Paste & Liquied,Soldering Liquied 500ml. PVC Tin,,38101090,750,,,,7
948,Soldering Paste & Liquied,Soldering Liquied 1 Liter PVC Tin / Can,,38101090,1500,,,sr_948_Soldering_Liquied_1_Liter_PVC_Tin_Can,7
949,Soldering Paste & Liquied,Soldering Liquied 5 Liter PVC Tin / Can,,38101090,3000,,,,7
950,Solder Pot,Solder Pot Model 11C 50mm Dia.100w,,85151100,1600,Pcs.,,,7
951,Solder Pot,Solder Pot Model 21C 50mm Dia.160w,,85151100,2000,,,sr_951_Solder_Pot_Model_21C_50mm_Dia_160w,7
952,Solder Pot,Solder Pot Model 31C 80mm Dia.280w,,85151100,2400,,,,7
953,Solder Pot,Solder Pot Model 41C 100mm Dia.350w,,85151100,2800,,,sr_953_Solder_Pot_Model_41C_100mm_Dia_350w,7
954,Solder Pot,Solder Pot Soldering Micro Station Variable Wattage,,85151100,780,,,sr_954_Solder_Pot_Soldering_Micro_Station_Variable_Wattage,7
955,Solder Pot,Solder Pot Goot Solder Iron 35w/40w,,85151100,,,,,7
956,Solder Pot,Solder Pot Goot Solder Bit 35w/ 40w,,85151100,,,,sr_956_Solder_Pot_Goot_Solder_Bit_35w_40w,7
957,Solder Pot,Solder Pot Goot Desoldering Pump big,,85151100,,,,sr_957_Solder_Pot_Goot_Desoldering_Pump_big,7
958,Solder Pot,Solder Pot Desoldering Pump small,,85151100,160,,,sr_958_Solder_Pot_Desoldering_Pump_small,7
959,Solder Pot,Solder Pot De-Solwix 1mtr.,,85151100,30,,,sr_959_Solder_Pot_De_Solwix_1mtr,7
960,Solder Pot,Solder Pot De-Solwix 3mtr.,,85151100,80,,,,7
961,Solder Pot,Solder Pot Soldering Stand “Sonal”,,85151100,100,,,,7
962,Heat Sink Compound,Heat Sink Compound15gm,,38109090,30,Can.,,,7
963,Heat Sink Compound,Heat Sink Compound 100gm,,38109090,220,,,sr_963_Heat_Sink_Compound_100gm,7
964,Heat Sink Compound,Heat Sink Compound 500gm,,38109090,1100,,,sr_964_Heat_Sink_Compound_500gm,7
965,Heat Sink Compound,Heat Sink Compound 1kg,,38109090,2200,,,,7
966,Puller Metal Wire,Puller Wire MS 5mtr.,,73269099,60,Pcs.,,,7
967,Puller Metal Wire,Puller Wire MS 10mtr.,,73269099,80,,,,7
968,Puller Metal Wire,Puller Wire MS 15mtr.,,73269099,100,,,sr_968_Puller_Wire_MS_15mtr,7
969,Puller Metal Wire,Puller Wire MS 20mtr.,,73269099,130,,,,7
970,Puller Metal Wire,Puller Wire MS 25mtr.,,73269099,160,,,,7
971,Puller Metal Wire,Puller Wire MS 30mtr.,,73269099,140,,,,7
972,Puller Metal Wire,Puller Wire SS 5mtr.,,73269099,120,,,,7
973,Puller Metal Wire,Puller Wire SS 10mtr.,,73269099,170,,,,7
974,Puller Metal Wire,Puller Wire SS 15mtr.,,73269099,260,,,sr_974_Puller_Wire_SS_15mtr,7
975,Puller Metal Wire,Puller Wire SS 20mtr.,,73269099,300,,,,7
976,Puller Metal Wire,Puller Wire SS 25mtr.,,73269099,350,,,,7
977,Puller Metal Wire,Puller Wire SS 30mtr.,,73269099,460,,,sr_977_Puller_Wire_SS_30mtr,7
978,Puller Metal Wire,Puller Metal Wire Coffee Cup Heater,,73269099,130,,,,7
979,Puller Metal Wire,Puller Metal Wire Geezer Heater Element 3kv,,73269099,700,,,,7
980,Puller Metal Wire,Puller Metal Wire Geezer Heater Element 4.5kv,,73269099,760,,,sr_980_Puller_Metal_Wire_Geezer_Heater_Element_4_5kv,7
981,Puller Metal Wire,Puller Metal Wire Geezer Thermostat Button / No Button,,73269099,160,,,,7
982,Puller Metal Wire,Puller Metal Wire Electric Immersion Water Heater 1000w,,73269099,480,,,,7
983,Puller Metal Wire,Puller Metal Wire Electric Immersion Water Heater 1500w,,73269099,500,,,sr_983_Puller_Metal_Wire_Electric_Immersion_Water_Heater_1500w,7
984,Puller Metal Wire,Puller Metal Wire Electric Immersion Water Heater 2000w,,73269099,560,,,,7
985,Nylon Cable Tie In White & Black Colour,Nylon Cable Tie In White & Black Colour 3”=75 x 1.8,,39269099,20,,,,8
986,Nylon Cable Tie In White & Black Colour,Nylon Cable Tie In White & Black Colour 4”=100 x 1.8,,39269099,20.13,,,,8
987,Nylon Cable Tie In White & Black Colour,Nylon Cable Tie In White & Black Colour 4”=100 x 2.5,,39269099,29.28,,,,8
988,Nylon Cable Tie In White & Black Colour,Nylon Cable Tie In White & Black Colour 4”=100 x 2.5 Marker Tie,,39269099,75,,,sr_988_Nylon_Cable_Tie_In_White_&_Black_Colour_4”=100_x_2_5_Marker_Tie,8
989,Nylon Cable Tie In White & Black Colour,Nylon Cable Tie In White & Black Colour 6”=150 x 2.2,,39269099,36.6,,,sr_989_Nylon_Cable_Tie_In_White_&_Black_Colour_6”=150_x_2_2,8
990,Nylon Cable Tie In White & Black Colour,Nylon Cable Tie In White & Black Colour 6”=150 x 3.0,,39269099,57.33,,,,8
991,Nylon Cable Tie In White & Black Colour,Nylon Cable Tie In White & Black Colour 6”=150 x 3.6,,39269099,73.2,,,,8
992,Nylon Cable Tie In White & Black Colour,Nylon Cable Tie In White & Black Colour 6”=150 x 3.6 Marker Tie,,39269099,,,,,8
993,Nylon Cable Tie In White & Black Colour,Nylon Cable Tie In White & Black Colour 8”=200 x 2.5,,39269099,59.8,,,sr_993_Nylon_Cable_Tie_In_White_&_Black_Colour_8”=200_x_2_5,8
994,Nylon Cable Tie In White & Black Colour,Nylon Cable Tie In White & Black Colour 8”=200 x 3.6,,39269099,94.5,,,sr_994_Nylon_Cable_Tie_In_White_&_Black_Colour_8”=200_x_3_6,8
995,Nylon Cable Tie In White & Black Colour,Nylon Cable Tie In White & Black Colour 8”=200 x 4.8,,39269099,136.6,,,sr_995_Nylon_Cable_Tie_In_White_&_Black_Colour_8”=200_x_4_8,8
996,Nylon Cable Tie In White & Black Colour,Nylon Cable Tie In White & Black Colour 10”=250 x 3.6,,39269099,111.25,,,,8
997,Nylon Cable Tie In White & Black Colour,Nylon Cable Tie In White & Black Colour 10”=250 x 4.8,,39269099,176.9,,,,8
998,Nylon Cable Tie In White & Black Colour,Nylon Cable Tie In White & Black Colour 12”=300 x 3.6,,39269099,145.5,,,,8
999,Nylon Cable Tie In White & Black Colour,Nylon Cable Tie In White & Black Colour 12”=300 x 4.8,,39269099,222.5,,,,8
1000,Nylon Cable Tie In White & Black Colour,Nylon Cable Tie In White & Black Colour 12”=300 x 7.6,,39269099,412.5,,,sr_1000_Nylon_Cable_Tie_In_White_&_Black_Colour_12”=300_x_7_6,8
1001,Nylon Cable Tie In White & Black Colour,Nylon Cable Tie In White & Black Colour 14”=350 x 4.8,,39269099,267.18,,,sr_1001_Nylon_Cable_Tie_In_White_&_Black_Colour_14”=350_x_4_8,8
1002,Nylon Cable Tie In White & Black Colour,Nylon Cable Tie In White & Black Colour 16”=400 x 4.8,,39269099,298.9,,,,8
1003,Nylon Cable Tie In White & Black Colour,Nylon Cable Tie In White & Black Colour 18”=400 x 7.6,,39269099,540,,,,8
1004,Nylon Cable Tie In White & Black Colour,Nylon Cable Tie In White & Black Colour 18”=450 x 4.8,,39269099,347.5,,,,8
1005,Nylon Cable Tie In White & Black Colour,Nylon Cable Tie In White & Black Colour 20”=500 x 4.8,,39269099,387.5,,,,8
1006,Nylon Cable Tie In White & Black Colour,Nylon Cable Tie In White & Black Colour 20”=500 x 8.0,,39269099,,,,,8
1007,Nylon Cable Tie In White & Black Colour,Nylon Cable Tie In White & Black Colour 22”=550 x 7.6,,39269099,787.5,,,,8
1008,Nylon Cable Tie In White & Black Colour,Nylon Cable Tie In White & Black Colour 26”=650 x 7.6,,39269099,776,,,,8
1009,Nylon Cable Tie In White & Black Colour,Nylon Cable Tie In White & Black Colour 30”=750 x 7.6,,39269099,,,,,8
1010,Nylon Cable Tie In White & Black Colour,Nylon Cable Tie In White & Black Colour 38”=950 x 9.0,,39269099,,,,sr_1010_Nylon_Cable_Tie_In_White_&_Black_Colour_38”=950_x_9_0,8
1011,Nylon Cable Tie In White & Black Colour,Nylon Cable Tie In White & Black Colour 40”=1000 x 9.0,,39269099,,,,,8
1012,Nylon Cable Tie In White & Black Colour,Nylon Cable Tie In White & Black Colour Adhesive Cable Tie Support Size 12mm x 12mm ( ½” ),,39269099,100,,,,8
1013,Nylon Cable Tie In White & Black Colour,Nylon Cable Tie In White & Black Colour 19mm x 19mm ( ¾” ),,39269099,80,,,,8
1014,Nylon Cable Tie In White & Black Colour,Nylon Cable Tie In White & Black Colour 25mm x 25mm ( 1” ),,39269099,100,,,sr_1014_Nylon_Cable_Tie_In_White_&_Black_Colour_25mm_x_25mm_(_1”_),8
1015,Nylon Cable Tie In White & Black Colour,Nylon Cable Tie In White & Black Colour 36mm x 36mm ( 1 ½” ),,39269099,360,,,,8
1016,Nylon Cable Tie In White & Black Colour,Nylon Cable Tie In White & Black Colour Binding Belt Black / Grey Colour Size 8mm Light,,39269010,28,Roll,,,8
1017,Nylon Cable Tie In White & Black Colour,Nylon Cable Tie In White & Black Colour Size12mm Special,,39269010,40,,,,8
1018,Nylon Cable Tie In White & Black Colour,Nylon Cable Tie In White & Black Colour Binding Button For Belt Black / Grey Colour Size 8mm,,39269010,70,1000pc Pkt,,,8
1019,Nylon Cable Tie In White & Black Colour,Nylon Cable Tie In White & Black Colour Size 12mm,,39269010,70,1000pc Pkt,,sr_1019_Nylon_Cable_Tie_In_White_&_Black_Colour_Size_12mm,8
1020,PVC Ferrules Marking,PVC Ferrules Self-Locking 0.50sqmm 1.0 to 1.5,,85389000,8,,,sr_1020_PVC_Ferrules_Self_Locking_0_50sqmm_1_0_to_1_5,8
1021,PVC Ferrules Marking,PVC Ferrules Marking 0.75sqmm 1.8 to 2.2,,85389000,8,,,,8
1022,PVC Ferrules Marking,PVC Ferrules Marking 1.00sqmm 2.2 to 2.7,,85389000,8,,,,8
1023,PVC Ferrules Marking,PVC Ferrules Marking 1.50sqmm 2.7 to 3.2,,85389000,12,,,,8
1024,PVC Ferrules Marking,PVC Ferrules Marking 2.50sqmm 3.2 to 3.7,,85389000,12,,,,8
1025,PVC Ferrules Marking,PVC Ferrules Marking 4.00sqmm 3.7 to 4.5,,85389000,14,,,,8
1026,PVC Ferrules Marking,PVC Ferrules Marking 6.00sqmm 4.5 to 5.5,,85389000,16,,,,8
1027,PVC Ferrules Marking,PVC Ferrules Marking 10.00sqmm 5.5 to 6.2,,85389000,26,,,,8
1028,PVC Ferrules Marking,PVC Ferrules Marking 16.00sqmm 6.2 to 7.5,,85389000,44,,,,8
1029,PVC Ferrules Marking,PVC Ferrules Marking 25.00sqmm 7.5 to 9.5,,85389000,80,,,,8
1030,PVC Ferrules Marking,PVC Ferrules Marking 35.00sqmm 9.5 to 11.0,,85389000,140,,,,8
1031,PVC Ferrules Marking,PVC Ferrules Marking 50.00sqmm 11.0 to 12.7,,85389000,200,,,,8
1032,PVC Ferrules Marking,PVC Ferrules Inter Locking 1.00sqmm 2.2 to 2.7,,85389000,12,,,,8
1033,PVC Ferrules Marking,PVC Ferrules Marking 1.50sqmm 2.7 to 3.2,,85389000,16,,,,8
1034,PVC Ferrules Marking,PVC Ferrules Marking 2.50sqmm 3.2 to 3.7,,85389000,18,,,,8
1035,PVC Ferrules Marking,PVC Ferrules Marking 4.00sqmm 3.7 to 4.5,,85389000,24,,,,8
1036,PVC Ferrules Marking,PVC Ferrules “T” Type Small 1.5sqmm to 2.5sqmm,,85389000,12,,,,8
1037,PVC Ferrules Marking,PVC Ferrules “T” Type Big 4.0sqmm to 6.0sqmm,,85389000,16,,,,8
1038,PVC Ferrules Marking,PVC Round Batten Nail Clip,,39259090,23.66,100Pcs.,,sr_1038_PVC_Round_Batten_Nail_Clip,8
1039,PVC Ferrules Marking,PVC Flat Batten Nail Clip,,39259090,23.66,,,,8
1040,PVC Ferrules Marking,PVC Oval Batten Nail Clip,,39259090,23.66,,,sr_1040_PVC_Oval_Batten_Nail_Clip,8
1041,PVC Ferrules Marking,PVC Single Nail Clip Size No. 4mm,,39259090,20.75,,,,8
1042,PVC Ferrules Marking,PVC Ferrules Marking No. 5mm,,39259090,23.41,,,,8
1043,PVC Ferrules Marking,PVC Ferrules Marking No. 6mm,,39259090,26.3,,,,8
1044,PVC Ferrules Marking,PVC Ferrules Marking No. 7mm,,39259090,31.81,,,,8
1045,PVC Ferrules Marking,PVC Ferrules Marking No. 8mm,,39259090,38.84,,,sr_1045_PVC_Ferrules_Marking_No_8mm,8
1046,PVC Ferrules Marking,PVC Ferrules Marking No. 9mm,,39259090,51.82,,,,8
1047,PVC Ferrules Marking,PVC Ferrules Marking No.10mm,,39259090,52.02,,,,8
1048,PVC Ferrules Marking,PVC Ferrules Marking No.12mm,,39259090,82.02,,,,8
1049,PVC Ferrules Marking,PVC Ferrules Marking No.14mm,,39259090,111.91,,,,8
1050,PVC Ferrules Marking,PVC Ferrules Marking No.16mm,,39259090,126.86,,,sr_1050_PVC_Ferrules_Marking_No_16mm,8
1051,PVC Ferrules Marking,PVC Ferrules Marking No.18mm,,39259090,134.9,,,,8
1052,PVC Ferrules Marking,PVC Ferrules Marking No.20mm,,39259090,144.1,,,,8
1053,PVC Ferrules Marking,PVC Ferrules Marking No.25mm,,39259090,199.29,,,,8
1054,PVC Ferrules Marking,PVC Double Nail Clip Size No.20mm,,39259090,154.83,,,,8
1055,PVC Ferrules Marking,PVC Ferrules Marking No.25mm,,39259090,212.58,,,,8
1056,PVC Ferrules Marking,PVC Ferrules Marking No.32mm,,39259090,302.68,,,sr_1056_PVC_Ferrules_Marking_No_32mm,8
1057,PVC Ferrules Marking,PVC Ferrules Marking No.40mm,,39259090,205.42,,,,8
1058,PVC Ferrules Marking,PVC Ferrules Marking No.50mm,,39259090,285.14,,,,8
1059,PVC Ferrules Marking,PVC “ P ” Clip Size 1/8” ( 3 mm),,39269099,30,Pcs.,,,8
1060,PVC Ferrules Marking,PVC Ferrules Marking 3/16” ( 4.5mm),,39269099,46,,,,8
1061,PVC Ferrules Marking,PVC Ferrules Marking No.1=1/4” ( 6 mm),,39269099,54,,,,8
1062,PVC Ferrules Marking,PVC Ferrules Marking No.2=5/16” ( 7 mm),,39269099,66,,,sr_1062_PVC_Ferrules_Marking_No_2=516”_(_7_mm),8
1063,PVC Ferrules Marking,PVC Ferrules Marking No.3=3/8” ( 9 mm),,39269099,84,,,sr_1063_PVC_Ferrules_Marking_No_3=38”_(_9_mm),8
1064,PVC Ferrules Marking,PVC Ferrules Marking No.4=7/16” (10 mm),,39269099,96,,,,8
1065,PVC Ferrules Marking,PVC Ferrules Marking No.5=1/2” (12 mm),,39269099,114,,,sr_1065_PVC_Ferrules_Marking_No_5=12”_(12_mm),8
1066,PVC Ferrules Marking,PVC Ferrules Marking No.5A=5/8” (15 mm),,39269099,136,,,sr_1066_PVC_Ferrules_Marking_No_5A=58”_(15_mm),8
1067,PVC Ferrules Marking,PVC Ferrules Marking No.6=3/4” (19 mm),,39269099,150,,,,8
1068,PVC Ferrules Marking,PVC Ferrules Marking No.6A=1” (25 mm),,39269099,210,,,,8
1069,PVC Ferrules Marking,PVC Ferrules Marking No.7=1.5”(35 mm),,39269099,420,,,,8
1070,PVC Ferrules Marking,PVC Ferrules Marking Ladder Support Clip,,39269099,360,,,,8
1071,PVC Ferrules Marking,PVC Ferrules Marking Adjustable(15-25) L 55mm,,39269099,,,,sr_1071_PVC_Ferrules_Marking_Adjustable(15_25)_L_55mm,8
1072,PVC Ferrules Marking,PVC Ferrules Marking Adjustable(22-30) L110mm,,39269099,,,,sr_1072_PVC_Ferrules_Marking_Adjustable(22_30)_L110mm,8
1073,PVC Ferrules Marking,PVC Ferrules Marking Panel Boards Indicators,,85312020,,,,,8
1074,PVC Ferrules Marking,"PVC Ferrules Marking 22.5mm Indicator x 230volt Red, Green",,39269099,40,,,,8
1075,PVC Ferrules Marking,"PVC Ferrules Marking 22.5mm Indicator x 230volt Blue, Yellow",,39269099,40,,,,8
1076,PVC Ferrules Marking,"PVC Ferrules Marking 22.5mm Indicator x 12volt / 24volt Red, Green",,39269099,50,,,,8
1077,PVC Ferrules Marking,"PVC Ferrules Marking 22.5mm Indicator x 12volt / 24volt Blue, Yellow",,39269099,50,,,,8
1078,PVC Ferrules Marking,"PVC Ferrules Marking 16 mm Indicator x 230volt Red, Green",,39269099,50,,,,8
1079,PVC Ferrules Marking,"PVC Ferrules Marking 16 mm Indicator x 230volt Blue, Yellow",,39269099,50,,,,8
1080,PVC Ferrules Marking,"PVC Ferrules Marking 16 mm Indicator x 12volt / 24volt Red, Green",,39269099,60,,,,8
1081,PVC Ferrules Marking,"PVC Ferrules Marking 16 mm Indicator x 12volt / 24volt Blue, Yellow",,39269099,60,,,,8
1082,Bulb & Indicator & LED Resistance,Bulb & Indicator & LED Resistance PVC Mixer Red/Green Neon Indicator,,39269099,8,,,,8
1083,Bulb & Indicator & LED Resistance,Bulb & Indicator & LED Resistance PVC Mixer Red + Green Dual LED Indicator,,39269099,12,,,,8
1084,Bulb & Indicator & LED Resistance,Bulb & Indicator & LED Resistance Metal Brass Red / Orange Neon Indicator 10mm,,39269099,30,,,sr_1084_Bulb_&_Indicator_&_LED_Resistance_Metal_Brass_Red_Orange_Neon_Indicator_10mm,8
1085,Bulb & Indicator & LED Resistance,Bulb & Indicator & LED Resistance Metal Brass Blue Neon Indicator 10mm,,39269099,32,,,,8
1086,Bulb & Indicator & LED Resistance,Bulb & Indicator & LED Resistance 10mm Jewel Light Neon lamp x 230volt,,39269099,30,,,,8
1087,Bulb & Indicator & LED Resistance,Bulb & Indicator & LED Resistance 10mm Jewel Light LED lamp x 230volt / 12volt / 24volt,,39269099,32,,,,8
1088,Bulb & Indicator & LED Resistance,Bulb & Indicator & LED Resistance 16mm Jewel light Neon lamp x 230volt,,39269099,180,,,,8
1089,Bulb & Indicator & LED Resistance,Bulb & Indicator & LED Resistance 12mm PVC Indicator for Geyser,,39269099,30,,,,8
1090,Bulb & Indicator & LED Resistance,Bulb & Indicator & LED Resistance Neon + Resistance + A.S.Sleeves / F.G.Sleeves Ind.,,39269099,5,,,,8
1091,Bulb & Indicator & LED Resistance,Bulb & Indicator & LED Resistance Neon + Resistance + Long Wire Ind. RED,,39269099,10,,,,8
1092,Bulb & Indicator & LED Resistance,Bulb & Indicator & LED Resistance Neon + Resistance + Long Wire Ind. GREEN,,39269099,12,,,,8
1093,Bulb & Indicator & LED Resistance,Bulb & Indicator & LED Resistance Imported Neon Red Blub13/16mm,,39269099,2.4,,,,8
1094,Bulb & Indicator & LED Resistance,Bulb & Indicator & LED Resistance Imported Neon Green Blub13/16mm,,39269099,4,,,,8
1095,Bulb & Indicator & LED Resistance,"Bulb & Indicator & LED Resistance ¼W Resistance 68K,100K,470k,1M",,39269099,0.3,,,,8
1096,Bulb & Indicator & LED Resistance,Bulb & Indicator & LED Resistance Jewel Indicator 12mm with LED 12volt /24 volt,,39269099,50,,,,8
1097,Bulb & Indicator & LED Resistance,"Bulb & Indicator & LED Resistance 5mm Red , Green , Yellow Colour LED Lamp",,39269099,1.6,,,,8
1098,Bulb & Indicator & LED Resistance,"Bulb & Indicator & LED Resistance 5mm White , Blue Colour LED Lamp",,39269099,2,,,,8
1099,Bulb & Indicator & LED Resistance,Bulb & Indicator & LED Resistance 5mm Red+Blue / Red+Green / Multi Colour LED Lamp,,39269099,3,,,,8
1100,Bulb & Indicator & LED Resistance,"Bulb & Indicator & LED Resistance 8mm Red,Yellow,Green,Blue,White Colour LED Lamp",,39269099,4,,,"sr_1100_Bulb_&_Indicator_&_LED_Resistance_8mm_Red,Yellow,Green,Blue,White_Colour_LED_Lamp",8
1101,Glass & Ceramics Fuses,Glass Fuses Imported Small 20mm,,39269099,1.4,,,group_sr_1101_to_1107_Glass_&_Ceramics_Fuses,8
1102,Glass & Ceramics Fuses,Glass Fuses Imported Big 30mm,,39269099,2,,,group_sr_1101_to_1107_Glass_&_Ceramics_Fuses,8
1103,Glass & Ceramics Fuses,"Glass Fuses “Unity” , ’ECONOMIC’ Small 20mm",,39269099,4,,,group_sr_1101_to_1107_Glass_&_Ceramics_Fuses,8
1104,Glass & Ceramics Fuses,"Glass Fuses “Unity” , ‘ECONOMIC’ Big 30mm",,39269099,5,,,group_sr_1101_to_1107_Glass_&_Ceramics_Fuses,8
1105,Glass & Ceramics Fuses,Glass & Ceramics Fuses Ceramics Fuses Small 20mm,,39269099,50,,,group_sr_1101_to_1107_Glass_&_Ceramics_Fuses,8
1106,Glass & Ceramics Fuses,Glass & Ceramics Fuses Ceramics Fuses Big 25mm,,39269099,90,,,group_sr_1101_to_1107_Glass_&_Ceramics_Fuses,8
1107,Glass & Ceramics Fuses,Glass & Ceramics Fuses Auto Blade Fuses,,39269099,10,,,group_sr_1101_to_1107_Glass_&_Ceramics_Fuses,8
1108,Push Button Switch & Box,Push Button Switch & Box Metal Box ON /OFF 10Amp. Push Button Switch,,39269099,,,,,8
1109,Push Button Switch & Box,Push Button Switch & Box Metal Box ON /OFF 15Amp. Push Button Switch,,39269099,,,,sr_1109_Push_Button_Switch_&_Box_Metal_Box_ON_OFF_15Amp_Push_Button_Switch,8
1110,Push Button Switch & Box,Push Button Switch & Box Metal Box ON /OFF 30Amp. Push Button Switch,,39269099,,,,sr_1110_Push_Button_Switch_&_Box_Metal_Box_ON_OFF_30Amp_Push_Button_Switch,8
1111,Push Button Switch & Box,Push Button Switch & Box PVC Push Button Switch Empty Control Way,,39269099,100,,,sr_1111_Push_Button_Switch_&_Box_PVC_Push_Button_Switch_Empty_Control_Way,8
1112,Push Button Switch & Box,Push Button Switch & Box PVC Push Button Switch Empty Box Two Way,,39269099,120,,,,8
1113,Push Button Switch & Box,Push Button Switch & Box PVC Push Button Switch Empty Box Three Way,,39269099,140,,,,8
1114,Push Button Switch & Box,Push Button Switch & Box Pedal Foot Switch FS-1 Plastic,,39269099,,,,sr_1114_Push_Button_Switch_&_Box_Pedal_Foot_Switch_FS_1_Plastic,8
1115,Push Button Switch & Box,Push Button Switch & Box Pedal Foot Switch FS-1 Iron,,39269099,,,,,8
1116,Push Button Switch & Box,Push Button Switch & Box Pedal Foot Switch FS-2 Iron,,39269099,,,,,8
1117,Push Button Switch & Box,Push Button Switch & Box Pedal Foot Switch FS-3 Iron,,39269099,,,,,8
1118,Push Button Switch & Box,Push Button Switch & Box Clamp Meter/Tong Tester 266,,39269099,600,,,sr_1118_Push_Button_Switch_&_Box_Clamp_MeterTong_Tester_266,8
1119,Push Button Switch & Box,Push Button Switch & Box Digital Multi Meter ‘Unity’830D,,39269099,250,,,,8
1120,Push Button Switch & Box,Push Button Switch & Box Glue Gun 40watt,,84242000,240,,,,8
1121,Push Button Switch & Box,Push Button Switch & Box Glue Gun 60watt,,84242000,280,,,,8
1122,Push Button Switch & Box,Push Button Switch & Box Glue Stick Thin,,84242000,10,,,sr_1122_Push_Button_Switch_&_Box_Glue_Stick_Thin,8
1123,Push Button Switch & Box,Push Button Switch & Box Glue Stick Thick,,84242000,16,,,,8
1124,Push Button Switch & Box,Push Button Switch & Box Mantra Small 22 in 1,,84716090,200,,,sr_1124_Push_Button_Switch_&_Box_Mantra_Small_22_in_1,8
1125,Push Button Switch & Box,Push Button Switch & Box Mantra Big 22 in 1,,84716090,360,,,sr_1125_Push_Button_Switch_&_Box_Mantra_Big_22_in_1,8
1126,Push Button Switch & Box,Push Button Switch & Box Mantra Door Bell,,84716090,220,,,,8
1127,Push Button Switch & Box,Push Button Switch & Box Mantra of Special of hanuman Arati,,84716090,700,,,,8
1128,Push Button Switch & Box,Push Button Switch & Box Blub Aluminum Shade 4”,,94059900,110,,,,8
1129,Push Button Switch & Box,Push Button Switch & Box Blub Aluminum Shade 6”,,94059900,130,,,,8
1130,Push Button Switch & Box,Push Button Switch & Box Blub Aluminum Shade 8”,,94059900,150,,,sr_1130_Push_Button_Switch_&_Box_Blub_Aluminum_Shade_8”,8
1131,Push Button Switch & Box,Push Button Switch & Box Blub Aluminum Shade 10”,,94059900,180,,,,8
1132,Push Button Switch & Box,Push Button Switch & Box Blub Aluminum Shade 12”,,94059900,200,,,,8
1133,Push Button Switch & Box,Push Button Switch & Box AX 46 2Pin Main Cord x 2yd,,39259090,,Pcs.,,,9
1134,Push Button Switch & Box,Push Button Switch & Box AX 46A 2Pin Main Cord x 3yd,,39259090,,,,,9
1135,Push Button Switch & Box,Push Button Switch & Box AX 47 2Pin Main Cord Deluxe x 2yd,,39259090,,,,sr_1135_Push_Button_Switch_&_Box_AX_47_2Pin_Main_Cord_Deluxe_x_2yd,9
1136,Push Button Switch & Box,Push Button Switch & Box AX 47A 2Pin Main Cord Deluxe x 3yd,,39259090,,,,,9
1137,Push Button Switch & Box,Push Button Switch & Box AX 49 2Pin Main Cord Ext. x 2yd,,39259090,,,,sr_1137_Push_Button_Switch_&_Box_AX_49_2Pin_Main_Cord_Ext_x_2yd,9
1138,Push Button Switch & Box,Push Button Switch & Box AX 49A 2Pin Main Cord Ext. x 3yd,,39259090,,,,,9
1139,Push Button Switch & Box,Push Button Switch & Box AX 49B 2Pin Main Cord Ext. x 5yd,,39259090,,,,sr_1139_Push_Button_Switch_&_Box_AX_49B_2Pin_Main_Cord_Ext_x_5yd,9
1140,Push Button Switch & Box,Push Button Switch & Box AX 52 Philips AC Leads Mains Cord,,39259090,,,,,9
1141,Push Button Switch & Box,Push Button Switch & Box AX 55 3Pin Mains Cord x 2yd 14/38swg,,39259090,,,,sr_1141_Push_Button_Switch_&_Box_AX_55_3Pin_Mains_Cord_x_2yd_1438swg,9
1142,Push Button Switch & Box,Push Button Switch & Box AX 55A 3Pin Mains Cord x 3yd 14/38swg,,39259090,,,,,9
1143,Push Button Switch & Box,Push Button Switch & Box AX 59 3Pin Mains Cord x 2yd 23/36swg,,39259090,,,,sr_1143_Push_Button_Switch_&_Box_AX_59_3Pin_Mains_Cord_x_2yd_2336swg,9
1144,Push Button Switch & Box,Push Button Switch & Box AX 59A 3Pin Mains Cord x 3yd 23/36swg,,39259090,,,,,9
1145,Push Button Switch & Box,Push Button Switch & Box AX 60 3Pin Main Cord Ext. x 2yd,,39259090,,,,sr_1145_Push_Button_Switch_&_Box_AX_60_3Pin_Main_Cord_Ext_x_2yd,9
1146,Push Button Switch & Box,Push Button Switch & Box AX 60A 3Pin Main Cord Ext. x 3yd,,39259090,,,,,9
1147,Push Button Switch & Box,Push Button Switch & Box AX 60B 3Pin Main Cord Ext. x 5yd,,39259090,,,,sr_1147_Push_Button_Switch_&_Box_AX_60B_3Pin_Main_Cord_Ext_x_5yd,9
1148,Push Button Switch & Box,Push Button Switch & Box AX 61 Computer Power Cord x 1.5yd,,39259090,,,,,9
1149,Push Button Switch & Box,Push Button Switch & Box AX 61A Computer Power Cord x 3mtr.,,39259090,,,,sr_1149_Push_Button_Switch_&_Box_AX_61A_Computer_Power_Cord_x_3mtr,9
1150,Push Button Switch & Box,Push Button Switch & Box AX 61B Computer Power Cord x 5mtr.,,39259090,,,,sr_1150_Push_Button_Switch_&_Box_AX_61B_Computer_Power_Cord_x_5mtr,9
1151,Computer Power Cords & Prods,Computer Power Cords & Prods AX 92 Test Prod P-3 Solder less,,39259090,170,,,,9
1152,Computer Power Cords & Prods,Computer Power Cords & Prods AX 95 Test Prod Angle BTR-300RT.,,39259090,210,,,sr_1152_Computer_Power_Cords_&_Prods_AX_95_Test_Prod_Angle_BTR_300RT,9
1153,Computer Power Cords & Prods,Computer Power Cords & Prods AX 226A 3Pin15Amp.Mains Cord 2yd,,39259090,,,,,9
1154,Computer Power Cords & Prods,Computer Power Cords & Prods AX 226B 3Pin15Amp.Mains Cord 3yd,,39259090,,,,sr_1154_Computer_Power_Cords_&_Prods_AX_226B_3Pin15Amp_Mains_Cord_3yd,9
1155,Computer Power Cords & Prods,Computer Power Cords & Prods AX 228 15Amp.Computer Power Cord,,39259090,,,,,9
1156,Computer Power Cords & Prods,Computer Power Cords & Prods AX 424 2Pin Con. Combi 2 in 1 Plug,,39259090,,,,sr_1156_Computer_Power_Cords_&_Prods_AX_424_2Pin_Con_Combi_2_in_1_Plug,9
1157,Computer Power Cords & Prods,Computer Power Cords & Prods AX 430 Digital Test Prod,,39259090,,,,,9
1158,Computer Power Cords & Prods,Computer Power Cords & Prods AX 430A Digital Test Prod (Heavy),,39259090,,,,sr_1158_Computer_Power_Cords_&_Prods_AX_430A_Digital_Test_Prod_(Heavy),9
1159,Computer Power Cords & Prods,Computer Power Cords & Prods AX 468 3Pin computer Power Plug,,39259090,,,,sr_1159_Computer_Power_Cords_&_Prods_AX_468_3Pin_computer_Power_Plug,9
1160,Computer Power Cords & Prods,Computer Power Cords & Prods AX 469 3Pin computer Power Socket,,39259090,,,,,9
1161,Computer Power Cords & Prods,Computer Power Cords & Prods AX 630 Digital Test Prod Long,,39259090,,,,sr_1161_Computer_Power_Cords_&_Prods_AX_630_Digital_Test_Prod_Long,9
1162,Computer Power Cords & Prods,Computer Power Cords & Prods AX 630A Digital Test Prod Long(Heavy),,39259090,,,,sr_1162_Computer_Power_Cords_&_Prods_AX_630A_Digital_Test_Prod_Long(Heavy),9
1163,Computer Power Cords & Prods,Computer Power Cords & Prods AX 675 Money Saver 2Pin With Switch,,39259090,,,,,9
1164,Computer Power Cords & Prods,Computer Power Cords & Prods AX 675A Money Saver 2Pin 5yd With Switch,,39259090,,,,sr_1164_Computer_Power_Cords_&_Prods_AX_675A_Money_Saver_2Pin_5yd_With_Switch,9
1165,Computer Power Cords & Prods,Computer Power Cords & Prods AX 676 Money Saver 3Pin 2yd With Switch,,39259090,,,,sr_1165_Computer_Power_Cords_&_Prods_AX_676_Money_Saver_3Pin_2yd_With_Switch,9
1166,Computer Power Cords & Prods,Computer Power Cords & Prods AX 676A Money Saver 3Pin 5yd With Switch,,39259090,,,,,9
1167,Computer Power Cords & Prods,Computer Power Cords & Prods AX 682 Power Strip 5+4x1.25mtr Uni. Soc.,,39259090,,,,sr_1167_Computer_Power_Cords_&_Prods_AX_682_Power_Strip_5+4x1_25mtr_Uni_Soc,9
1168,Computer Power Cords & Prods,Computer Power Cords & Prods AX 682A Power Strip 5+4x4.5mtr Uni. Soc.,,39259090,,,,,9
1169,PVC & Cotton Cords,PVC & Cotton Cords RAJ PVC 2Pin x 2yard Cord 5amp,,39259090,68,Pcs.,,group_sr_1169_to_1232_PVC_&_Cotton_Cords,9
1170,PVC & Cotton Cords,PVC & Cotton Cords RAJ PVC 2Pin x 3yard Cord 5amp,,39259090,80,,,group_sr_1169_to_1232_PVC_&_Cotton_Cords,9
1171,PVC & Cotton Cords,PVC & Cotton Cords RAJ PVC 3Pin x 2yard Cord 5amp,,39259090,110,,,group_sr_1169_to_1232_PVC_&_Cotton_Cords,9
1172,PVC & Cotton Cords,PVC & Cotton Cords RAJ PVC 3Pin x 3yard Cord 5amp,,39259090,140,,,group_sr_1169_to_1232_PVC_&_Cotton_Cords,9
1173,PVC & Cotton Cords,PVC & Cotton Cords RAJ PVC 3Pin x 5yard Cord 5amp,,39259090,180,,,group_sr_1169_to_1232_PVC_&_Cotton_Cords,9
1174,PVC & Cotton Cords,PVC & Cotton Cords RAJ PVC 3Pin x 2Mtr. Cord 15amp,,39259090,320,,,group_sr_1169_to_1232_PVC_&_Cotton_Cords,9
1175,PVC & Cotton Cords,"PVC & Cotton Cords RAJ PVC A/C Cord Philips , Paras , National",,39259090,74,,,group_sr_1169_to_1232_PVC_&_Cotton_Cords,9
1176,PVC & Cotton Cords,PVC & Cotton Cords RAJ PVC Computer Power Cord 1.5yard,,39259090,120,,,group_sr_1169_to_1232_PVC_&_Cotton_Cords,9
1177,PVC & Cotton Cords,PVC & Cotton Cords RAJ PVC Computer Power Cord 3yard,,39259090,150,,,group_sr_1169_to_1232_PVC_&_Cotton_Cords,9
1178,PVC & Cotton Cords,PVC & Cotton Cords RAJ PVC Computer Power Cord 5yard,,39259090,240,,,group_sr_1169_to_1232_PVC_&_Cotton_Cords,9
1179,PVC & Cotton Cords,PVC & Cotton Cords RAJ PVC Link Cord 1.5yd,,39259090,160,,,group_sr_1169_to_1232_PVC_&_Cotton_Cords,9
1180,PVC & Cotton Cords,PVC & Cotton Cords RAJ PVC Laptop Cord 1.5yd x 5amp,,39259090,140,,,group_sr_1169_to_1232_PVC_&_Cotton_Cords,9
1181,PVC & Cotton Cords,PVC & Cotton Cords RAJ PVC Laptop Cord 1.5yd x 15amp,,39259090,400,,,group_sr_1169_to_1232_PVC_&_Cotton_Cords,9
1182,PVC & Cotton Cords,PVC & Cotton Cords RAJ PVC Cord 2Pin x 2 Crocodile Clip,,39259090,240,,,group_sr_1169_to_1232_PVC_&_Cotton_Cords,9
1183,PVC & Cotton Cords,PVC & Cotton Cords RAJ SP-7 to Test Probe Cord for Megger,,39259090,240,,,group_sr_1169_to_1232_PVC_&_Cotton_Cords,9
1184,PVC & Cotton Cords,PVC & Cotton Cords RAJ Test Probe Red+Black,,39259090,36,,,group_sr_1169_to_1232_PVC_&_Cotton_Cords,9
1185,PVC & Cotton Cords,PVC & Cotton Cords ‘O-MAX’ 2Pin 1.5mtr Philps Cord 14/40,,39259090,60,,,group_sr_1169_to_1232_PVC_&_Cotton_Cords,9
1186,PVC & Cotton Cords,PVC & Cotton Cords ‘O-MAX’ 2Pin Philps Universal Cord,,39259090,80,,,group_sr_1169_to_1232_PVC_&_Cotton_Cords,9
1187,PVC & Cotton Cords,PVC & Cotton Cords ‘O-MAX’ PVC 2Pin 2yd 14/40 Main Cord,,39259090,60,,,group_sr_1169_to_1232_PVC_&_Cotton_Cords,9
1188,PVC & Cotton Cords,PVC & Cotton Cords ‘O-MAX’ PVC 2Pin 3yd 14/40 Main Cord,,39259090,70,,,group_sr_1169_to_1232_PVC_&_Cotton_Cords,9
1189,PVC & Cotton Cords,PVC & Cotton Cords ‘O-MAX’ PVC 3Pin 2yd 14/40 Main Cord,,39259090,100,,,group_sr_1169_to_1232_PVC_&_Cotton_Cords,9
1190,PVC & Cotton Cords,PVC & Cotton Cords ‘O-MAX’ PVC 3Pin 3yd 14/40 Main Cord,,39259090,110,,,group_sr_1169_to_1232_PVC_&_Cotton_Cords,9
1191,PVC & Cotton Cords,PVC & Cotton Cords ‘O-MAX’ Computer Power Cord 1.5yd,,39259090,100,,,group_sr_1169_to_1232_PVC_&_Cotton_Cords,9
1192,PVC & Cotton Cords,PVC & Cotton Cords ‘O-MAX’ Computer Power Cord 3yd,,39259090,130,,,group_sr_1169_to_1232_PVC_&_Cotton_Cords,9
1193,PVC & Cotton Cords,PVC & Cotton Cords ‘O-MAX’ Computer Power Cord 5yd,,39259090,240,,,group_sr_1169_to_1232_PVC_&_Cotton_Cords,9
1194,PVC & Cotton Cords,PVC & Cotton Cords ‘O-MAX’ Computer Power Cord 7mm 1.5mtr,,39259090,120,,,group_sr_1169_to_1232_PVC_&_Cotton_Cords,9
1195,PVC & Cotton Cords,PVC & Cotton Cords ‘O-MAX’ PVC Laptop Cord 1.5yd,,39259090,140,,,group_sr_1169_to_1232_PVC_&_Cotton_Cords,9
1196,PVC & Cotton Cords,PVC & Cotton Cords ‘O-MAX’ 2Pin Probe Wire Cord,,39259090,200,,,group_sr_1169_to_1232_PVC_&_Cotton_Cords,9
1197,PVC & Cotton Cords,PVC & Cotton Cords ‘O-MAX’ Test Probe Multimeter wire,,39259090,200,,,group_sr_1169_to_1232_PVC_&_Cotton_Cords,9
1198,PVC & Cotton Cords,PVC & Cotton Cords ‘O-MAX’ Continuty Tester Mini / Micro,,39259090,40,,,group_sr_1169_to_1232_PVC_&_Cotton_Cords,9
1199,PVC & Cotton Cords,PVC & Cotton Cords ‘RajKing’ 2Pin x 2yd.PVC Cord White,,39259090,80,,,group_sr_1169_to_1232_PVC_&_Cotton_Cords,9
1200,PVC & Cotton Cords,PVC & Cotton Cords ‘RajKing’ 2Pin x 3yd.PVC Cord White,,39259090,90,,,group_sr_1169_to_1232_PVC_&_Cotton_Cords,9
1201,PVC & Cotton Cords,PVC & Cotton Cords ‘RajKing’ 3Pin x 2yds.PVC Cord White,,39259090,130,,,group_sr_1169_to_1232_PVC_&_Cotton_Cords,9
1202,PVC & Cotton Cords,PVC & Cotton Cords ‘RajKing’ 3Pin x 3yds.PVC Cord White,,39259090,160,,,group_sr_1169_to_1232_PVC_&_Cotton_Cords,9
1203,PVC & Cotton Cords,PVC & Cotton Cords ‘PTC’ 3Pin x 2yd.Cotton Cord With Lugs,,39259090,130,,,group_sr_1169_to_1232_PVC_&_Cotton_Cords,9
1204,PVC & Cotton Cords,PVC & Cotton Cords ‘RajKing’ 3Pin x 3yd.Cotton Cord With Lugs,,39259090,160,,,group_sr_1169_to_1232_PVC_&_Cotton_Cords,9
1205,PVC & Cotton Cords,PVC & Cotton Cords ‘RajKing’ 3Pin x 3yd.Cotton Cord With Snap Lugs,,39259090,220,,,group_sr_1169_to_1232_PVC_&_Cotton_Cords,9
1206,PVC & Cotton Cords,PVC & Cotton Cords ‘RajKing’ 3Pin x 3yd.Cotton Cord With Pin Lugs,,39259090,220,,,group_sr_1169_to_1232_PVC_&_Cotton_Cords,9
1207,PVC & Cotton Cords,PVC & Cotton Cords 3Pin x 2yd Cotton Cord with Iron Connector,,39259090,160,,,group_sr_1169_to_1232_PVC_&_Cotton_Cords,9
1208,PVC & Cotton Cords,PVC & Cotton Cords 3Pin x 3yd Cotton Cord with Iron Connector,,39259090,180,,,group_sr_1169_to_1232_PVC_&_Cotton_Cords,9
1209,PVC & Cotton Cords,PVC & Cotton Cords Camera Green Plug DC Male,,94059900,20,Pcs.,,group_sr_1169_to_1232_PVC_&_Cotton_Cords,9
1210,PVC & Cotton Cords,PVC & Cotton Cords Camera Green Plug DC Female,,94059900,20,,,group_sr_1169_to_1232_PVC_&_Cotton_Cords,9
1211,PVC & Cotton Cords,PVC & Cotton Cords Camera Green Plug RC Male,,94059900,20,,,sr_1211_PVC_&_Cotton_Cords_Camera_Green_Plug_RC_Male,9
1212,PVC & Cotton Cords,PVC & Cotton Cords Camera Green Plug RC Female,,94059900,20,,,group_sr_1169_to_1232_PVC_&_Cotton_Cords,9
1213,PVC & Cotton Cords,PVC & Cotton Cords Camera Green Plug BNC Male,,94059900,24,,,group_sr_1169_to_1232_PVC_&_Cotton_Cords,9
1214,PVC & Cotton Cords,PVC & Cotton Cords Camera Green Plug BNC Female,,94059900,24,,,group_sr_1169_to_1232_PVC_&_Cotton_Cords,9
1215,PVC & Cotton Cords,PVC & Cotton Cords Banana Plug 4mm,,94059900,,,,group_sr_1169_to_1232_PVC_&_Cotton_Cords,9
1216,PVC & Cotton Cords,PVC & Cotton Cords Banana socket 4mm,,94059900,,,,sr_1216_PVC_&_Cotton_Cords_Banana_socket_4mm,9
1217,PVC & Cotton Cords,PVC & Cotton Cords Banana Plug SP-7,,94059900,,,,group_sr_1169_to_1232_PVC_&_Cotton_Cords,9
1218,PVC & Cotton Cords,PVC & Cotton Cords Terminal BTI 5amp,,94059900,,,,group_sr_1169_to_1232_PVC_&_Cotton_Cords,9
1219,PVC & Cotton Cords,PVC & Cotton Cords Terminal BTI 15amp Black,,94059900,,,,group_sr_1169_to_1232_PVC_&_Cotton_Cords,9
1220,PVC & Cotton Cords,PVC & Cotton Cords Terminal BTI 15amp Colour,,94059900,,,,sr_1220_PVC_&_Cotton_Cords_Terminal_BTI_15amp_Colour,9
1221,PVC & Cotton Cords,PVC & Cotton Cords Terminal BTI 30amp,,94059900,,,,group_sr_1169_to_1232_PVC_&_Cotton_Cords,9
1222,PVC & Cotton Cords,PVC & Cotton Cords 2way Cable Splitter,,94059900,,,,group_sr_1169_to_1232_PVC_&_Cotton_Cords,9
1223,PVC & Cotton Cords,PVC & Cotton Cords 3way Cable Splitter,,94059900,,,,sr_1223_PVC_&_Cotton_Cords_3way_Cable_Splitter,9
1224,PVC & Cotton Cords,PVC & Cotton Cords 4way Cable Splitter,,94059900,,,,group_sr_1169_to_1232_PVC_&_Cotton_Cords,9
1225,PVC & Cotton Cords,PVC & Cotton Cords 5way Cable Splitter,,94059900,,,,sr_1225_PVC_&_Cotton_Cords_5way_Cable_Splitter,9
1226,PVC & Cotton Cords,PVC & Cotton Cords 6way Cable Splitter,,94059900,,,,group_sr_1169_to_1232_PVC_&_Cotton_Cords,9
1227,PVC & Cotton Cords,PVC & Cotton Cords RG 06 F. Plug with Ring Ordinory,,94059900,,,,group_sr_1169_to_1232_PVC_&_Cotton_Cords,9
1228,PVC & Cotton Cords,PVC & Cotton Cords RG 06 F. Plug with Ring Special,,94059900,,,,group_sr_1169_to_1232_PVC_&_Cotton_Cords,9
1229,PVC & Cotton Cords,PVC & Cotton Cords RG-11 F. Plug with Ring,,94059900,,,,sr_1229_PVC_&_Cotton_Cords_RG_11_F_Plug_with_Ring,9
1230,PVC & Cotton Cords,PVC & Cotton Cords Cable Splitter Jointer,,94059900,,,,sr_1230_PVC_&_Cotton_Cords_Cable_Splitter_Jointer,9
1231,PVC & Cotton Cords,PVC & Cotton Cords Cable Splitter “T”Jointer,,94059900,,,,sr_1231_PVC_&_Cotton_Cords_Cable_Splitter_“T”Jointer,9
1232,PVC & Cotton Cords,PVC & Cotton Cords Computer Power Plug / Socket,,94059900,,,,sr_1232_PVC_&_Cotton_Cords_Computer_Power_Plug_Socket,9
1233,SATO / Imported Rocker Switch,SATO / Imported Rocker Switch SI-11 SPST 2Amp x 2pin,,94059900,,,,sr_1233_SATO_Imported_Rocker_Switch_SI_11_SPST_2Amp_x_2pin,9
1234,SATO / Imported Rocker Switch,SATO / Imported Rocker Switch SI-12 SPST 2Amp x 3Pin,,94059900,,,,sr_1234_SATO_Imported_Rocker_Switch_SI_12_SPST_2Amp_x_3Pin,9
1235,SATO / Imported Rocker Switch,SATO / Imported Rocker Switch SI-15 SPST 6Amp x 3Pin Ind.,,94059900,,,,,9
1236,SATO / Imported Rocker Switch,SATO / Imported Rocker Switch SI-15 SPST 15Amp x 3Pin Ind.,,94059900,,,,sr_1236_SATO_Imported_Rocker_Switch_SI_15_SPST_15Amp_x_3Pin_Ind,9
1237,SATO / Imported Rocker Switch,SATO / Imported Rocker Switch SI-18 SPDT C.Off 3Amp x 3Pin,,94059900,,,,sr_1237_SATO_Imported_Rocker_Switch_SI_18_SPDT_C_Off_3Amp_x_3Pin,9
1238,SATO / Imported Rocker Switch,SATO / Imported Rocker Switch SI-31.DPST 16Amp 4Pin Ind.,,94059900,,,,sr_1238_SATO_Imported_Rocker_Switch_SI_31_DPST_16Amp_4Pin_Ind,9
1239,SATO / Imported Rocker Switch,SATO / Imported Rocker Switch SI-31C-DPST 16Amp. 4Pin Ind.Colour,,94059900,,,,,9
1240,SATO / Imported Rocker Switch,SATO / Imported Rocker Switch SI-31 DPDT C.Off 15Amp x 6Pin,,94059900,,,,sr_1240_SATO_Imported_Rocker_Switch_SI_31_DPDT_C_Off_15Amp_x_6Pin,9
1241,SATO / Imported Rocker Switch,SATO / Imported Rocker Switch SI-31 DPST 30Amp.x 4Pin,,94059900,,,,sr_1241_SATO_Imported_Rocker_Switch_SI_31_DPST_30Amp_x_4Pin,9
1242,SATO / Imported Rocker Switch,SATO / Imported Rocker Switch DPST 30amp 4Pin red/yellow,,94059900,,,,sr_1242_SATO_Imported_Rocker_Switch_DPST_30amp_4Pin_redyellow,9
1243,SATO / Imported Rocker Switch,SATO / Imported Rocker Switch DPST 30amp 4Pin Indicator,,94059900,,,,sr_1243_SATO_Imported_Rocker_Switch_DPST_30amp_4Pin_Indicator,9
1244,SATO / Imported Rocker Switch,SATO / Imported Rocker Switch SI-38 DPDT 5amp x 4Pin Ind.,,94059900,,,,sr_1244_SATO_Imported_Rocker_Switch_SI_38_DPDT_5amp_x_4Pin_Ind,9
1245,SATO / Imported Rocker Switch,SATO / Imported Rocker Switch Small Mini SPST 2amp 2Pin,,94059900,,,,,9
1246,SATO / Imported Rocker Switch,SATO / Imported Rocker Switch SI-83 Mini SPST 5amp 2Pin Ord.,,94059900,,,,sr_1246_SATO_Imported_Rocker_Switch_SI_83_Mini_SPST_5amp_2Pin_Ord,9
1247,SATO / Imported Rocker Switch,SATO / Imported Rocker Switch SI-83 Mini SPST 5amp 2Pin .Brass,,94059900,,,,,9
1248,SATO / Imported Rocker Switch,SATO / Imported Rocker Switch SI-83 Mini SPDT 5amp 3Pin,,94059900,,,,sr_1248_SATO_Imported_Rocker_Switch_SI_83_Mini_SPDT_5amp_3Pin,9
1249,SATO / Imported Rocker Switch,SATO / Imported Rocker Switch SI-83 Mini SPDT 5amp 3Pin C.Off,,94059900,,,,,9
1250,SATO / Imported Rocker Switch,SATO / Imported Rocker Switch Round 2leg 6amp,,94059900,,,,,9
1251,SATO / Imported Rocker Switch,SATO / Imported Rocker Switch Round 3leg C.Off,,94059900,,,,sr_1251_SATO_Imported_Rocker_Switch_Round_3leg_C_Off,9
1252,SATO / Imported Rocker Switch,SATO / Imported Rocker Switch Round 3leg C.Off Indicator,,94059900,,,,sr_1252_SATO_Imported_Rocker_Switch_Round_3leg_C_Off_Indicator,9
1253,SATO / Imported Rocker Switch,SATO / Imported Rocker Switch Elmeco 16amp 4Pin Indicator,,94059900,,,,,9
1254,SATO / Imported Rocker Switch,SATO / Imported Rocker Switch Elmeco 20amp 4Pin Indicator,,94059900,,,,sr_1254_SATO_Imported_Rocker_Switch_Elmeco_20amp_4Pin_Indicator,9
1255,SATO / Imported Rocker Switch,SATO / Imported Rocker Switch Elmeco 32amp 4Pin Indicator,,94059900,,,,sr_1255_SATO_Imported_Rocker_Switch_Elmeco_32amp_4Pin_Indicator,9
1256,SATO / Imported Rocker Switch,SATO / Imported Rocker Switch SI-54 Small Fuse Holder (PVC/Metal Nuts),,94059900,,,,,9
1257,SATO / Imported Rocker Switch,SATO / Imported Rocker Switch SI-55 Big Fuse Holder (PVC/Metal Nuts),,94059900,,,,sr_1257_SATO_Imported_Rocker_Switch_SI_55_Big_Fuse_Holder_(PVCMetal_Nuts),9
1258,SATO & SURAJ Toggle Switches,SATO & SURAJ Toggle Switches SI-21 SPST 2pin x 2amp.On-Off,,94059900,,,,sr_1258_SATO_&_SURAJ_Toggle_Switches_SI_21_SPST_2pin_x_2amp_On_Off,9
1259,SATO & SURAJ Toggle Switches,SATO & SURAJ Toggle Switches SI-22 SPDT 4Pin x 2amp.On-Off,,94059900,,,,sr_1259_SATO_&_SURAJ_Toggle_Switches_SI_22_SPDT_4Pin_x_2amp_On_Off,9
1260,SATO & SURAJ Toggle Switches,SATO & SURAJ Toggle Switches SI-26 SPDT 3Pin x 3amp.On-Off,,94059900,,,,sr_1260_SATO_&_SURAJ_Toggle_Switches_SI_26_SPDT_3Pin_x_3amp_On_Off,9
1261,SATO & SURAJ Toggle Switches,SATO & SURAJ Toggle Switches SI-27 DPDT 6Pin x 3amp.On-Off,,94059900,,,,,9
1262,SATO & SURAJ Toggle Switches,SATO & SURAJ Toggle Switches TS-601 SPST 2pin x 6amp On-Off,,94059900,,,,,9
1263,SATO & SURAJ Toggle Switches,SATO & SURAJ Toggle Switches TS-603 SPDT 3pin x 6amp C-Off,,94059900,,,,,9
1264,SATO & SURAJ Toggle Switches,SATO & SURAJ Toggle Switches TS-606 DPST 4pin x 6amp On-Off,,94059900,,,,,9
1265,SATO & SURAJ Toggle Switches,SATO & SURAJ Toggle Switches TS-608 DPDT 6pin x 6amp C-Off,,94059900,,,,,9
1266,SATO & SURAJ Toggle Switches,SATO & SURAJ Toggle Switches TS-1001 SPST 2pin x 10amp On-Off,,94059900,,,,,9
1267,SATO & SURAJ Toggle Switches,SATO & SURAJ Toggle Switches TS-1003 SPDT 3pin x 10amp C-Off,,94059900,,,,,9
1268,SATO & SURAJ Toggle Switches,SATO & SURAJ Toggle Switches TS-1006 DPST 4pin x 10amp On-Off,,94059900,,,,,9
1269,SATO & SURAJ Toggle Switches,SATO & SURAJ Toggle Switches TS-1008 DPDT 6pin x 10amp C-Off,,94059900,,,,,9
1270,SATO & SURAJ Toggle Switches,SATO & SURAJ Toggle Switches TS-1501 SPST 2pin x 15amp On-Off,,94059900,,,,sr_1270_SATO_&_SURAJ_Toggle_Switches_TS_1501_SPST_2pin_x_15amp_On_Off,9
1271,SATO & SURAJ Toggle Switches,SATO & SURAJ Toggle Switches TS-1503 SPDT 3pin x 15amp C-Off,,94059900,,,,,9
1272,SATO & SURAJ Toggle Switches,SATO & SURAJ Toggle Switches TS-1506 DPST 4pin x 15amp On-Off,,94059900,,,,sr_1272_SATO_&_SURAJ_Toggle_Switches_TS_1506_DPST_4pin_x_15amp_On_Off,9
1273,SATO & SURAJ Toggle Switches,SATO & SURAJ Toggle Switches TS-1508 DPDT 6pin x 15amp C-Off,,94059900,,,,,9
1274,SATO & SURAJ Toggle Switches,SATO & SURAJ Toggle Switches Pull Cord ( String ) Switch 5 Amp.One Way,,94059900,,,,sr_1274_SATO_&_SURAJ_Toggle_Switches_Pull_Cord_(_String_)_Switch_5_Amp_One_Way,9
1275,SATO & SURAJ Toggle Switches,SATO & SURAJ Toggle Switches Pull Cord ( String ) Switch 5 Amp.Two Way,,94059900,,,,,9
1276,SATO & SURAJ Toggle Switches,SATO & SURAJ Toggle Switches Door Switch Black Screw Type Push to Off,,94059900,,,,,9
1277,SATO & SURAJ Toggle Switches,SATO & SURAJ Toggle Switches Door Switch Black Round Push to On,,94059900,,,,sr_1277_SATO_&_SURAJ_Toggle_Switches_Door_Switch_Black_Round_Push_to_On,9
1278,SATO & SURAJ Toggle Switches,SATO & SURAJ Toggle Switches Door Switch White Round Push to Off,,94059900,,,,,9
1279,SATO & SURAJ Toggle Switches,SATO & SURAJ Toggle Switches Door Switch Black/White Square Small,,94059900,,,,sr_1279_SATO_&_SURAJ_Toggle_Switches_Door_Switch_BlackWhite_Square_Small,9
1280,SATO & SURAJ Toggle Switches,SATO & SURAJ Toggle Switches Door Switch Black/ White Square Big,,94059900,,,,sr_1280_SATO_&_SURAJ_Toggle_Switches_Door_Switch_Black_White_Square_Big,9
1281,SATO & SURAJ Toggle Switches,SATO & SURAJ Toggle Switches Door Switch White Lugs Push type,,94059900,,,,,9
1282,SATO & SURAJ Toggle Switches,SATO & SURAJ Toggle Switches Door Switch White Wire Push Type,,94059900,,,,,9
1283,SATO & SURAJ Toggle Switches,SATO & SURAJ Toggle Switches Door Switch colour Importrd Type,,94059900,,,,sr_1283_SATO_&_SURAJ_Toggle_Switches_Door_Switch_colour_Importrd_Type,9
1284,Regulators & Knobs,Regulators & Knobs Switch Type Regulator,,39259090,,,,,10
1285,Regulators & Knobs,Regulators & Knobs Socket Type Regulator,,39259090,,,,sr_1285_Regulators_&_Knobs_Socket_Type_Regulator,10
1286,Regulators & Knobs,Regulators & Knobs ‘Vision’ Regulator 600w,,39259090,,,,,10
1287,Regulators & Knobs,Regulators & Knobs 1000w,,39259090,,,,sr_1287_Regulators_&_Knobs_1000w,10
1288,Regulators & Knobs,Regulators & Knobs 1500w,,39259090,,,,,10
1289,Regulators & Knobs,Regulators & Knobs 2000w,,39259090,,,,,10
1290,Regulators & Knobs,Regulators & Knobs 3000w,,39259090,,,,sr_1290_Regulators_&_Knobs_3000w,10
1291,Regulators & Knobs,Regulators & Knobs Regulator Knob Switch type,,39259090,,,,,10
1292,Regulators & Knobs,Regulators & Knobs Regulator Knob Socket Type,,39259090,,,,,10
1293,Regulators & Knobs,Regulators & Knobs Regulator Knob Roma Type,,39259090,,,,,10
1294,Regulators & Knobs,Regulators & Knobs Regulator Knob Red Line,,39259090,,,,,10
1295,Regulators & Knobs,Regulators & Knobs Regulator Knob Silver border,,39259090,,,,sr_1295_Regulators_&_Knobs_Regulator_Knob_Silver_border,10
1296,Regulators & Knobs,Regulators & Knobs Regulator Knob Lengard Type,,39259090,,,,sr_1296_Regulators_&_Knobs_Regulator_Knob_Lengard_Type,10
1297,Regulators & Knobs,Regulators & Knobs Rotary Knob upper Screw typel 6amp,,39259090,,,,,10
1298,Regulators & Knobs,Regulators & Knobs Rotary Knob Small 6amp,,39259090,,,,,10
1299,Regulators & Knobs,Regulators & Knobs Rotary Knob Mediuml 10amp,,39259090,,,,sr_1299_Regulators_&_Knobs_Rotary_Knob_Mediuml_10amp,10
1300,Regulators & Knobs,Regulators & Knobs Rotary Knob Big 16amp,,39259090,,,,sr_1300_Regulators_&_Knobs_Rotary_Knob_Big_16amp,10
1301,Regulators & Knobs,Regulators & Knobs Gas Pipe “Surasha’,,39259090,,,,,10
1302,Adaptors & Power Supplies,"Adaptors & Power Supplies 1amp Adaptor 3v,5v,6v,7v,9v,12v",,39259090,,,,"sr_1302_Adaptors_&_Power_Supplies_1amp_Adaptor_3v,5v,6v,7v,9v,12v",10
1303,Adaptors & Power Supplies,"Adaptors & Power Supplies 2amp Adaptor 3v,5v,6v,7v,9v,12v",,39259090,,,,,10
1304,Adaptors & Power Supplies,"Adaptors & Power Supplies 3amp Adaptor 3v,5v,6v,7v,9v,12v",,39259090,,,,,10
1305,Adaptors & Power Supplies,"Adaptors & Power Supplies 5amp Adaptor 3v,5v,6v,7v,9v,12v",,39259090,,,,"sr_1305_Adaptors_&_Power_Supplies_5amp_Adaptor_3v,5v,6v,7v,9v,12v",10
1306,Adaptors & Power Supplies,Adaptors & Power Supplies 2amp Adaptor 24v,,39259090,,,,sr_1306_Adaptors_&_Power_Supplies_2amp_Adaptor_24v,10
1307,Adaptors & Power Supplies,Adaptors & Power Supplies 5amp Adaptor 24v,,39259090,,,,,10
1308,Adaptors & Power Supplies,Adaptors & Power Supplies 12volt Choke to Tubelight,,39259090,,,,sr_1308_Adaptors_&_Power_Supplies_12volt_Choke_to_Tubelight,10
1309,Adaptors & Power Supplies,Adaptors & Power Supplies 24volt Choke to Tubelight,,39259090,,,,,10
1310,Adaptors & Power Supplies,Adaptors & Power Supplies Mobile Charger USB Outlet with Cord,,39259090,,,,,10
1311,Adaptors & Power Supplies,Adaptors & Power Supplies Mobile Charger ‘C’ Type Outlet with ‘C’ Type Cord,,39259090,,,,,10
1312,Adaptors & Power Supplies,Adaptors & Power Supplies Mobile Charger Cord USB to old Android,,39259090,,,,,10
1313,Adaptors & Power Supplies,Adaptors & Power Supplies Mobile Charger Cord USB to ‘C’ Type,,39259090,,,,,10
1314,Adaptors & Power Supplies,Adaptors & Power Supplies Mobile Charger Cord ‘C’ Type to ‘C’ Type,,39259090,,,,,10
1315,Adaptors & Power Supplies,Adaptors & Power Supplies Mobile HearPhone Wire EP Plug,,39259090,,,,,10
1316,Toy Motors & Accessories,Toy Motors & Accessories Mobile HearPhone Wireless,,39259090,,,,sr_1316_Toy_Motors_&_Accessories_Mobile_HearPhone_Wireless,10
1317,Toy Motors & Accessories,Toy Motors & Accessories ‘Anna’ Engraving Machine Normal,,39259090,,,,,10
1318,Toy Motors & Accessories,Toy Motors & Accessories ‘Anna’ Engraving Machine Special,,39259090,,,,sr_1318_Toy_Motors_&_Accessories_‘Anna’_Engraving_Machine_Special,10
1319,Toy Motors & Accessories,Toy Motor Small Round 6v,,39259090,,,,,10
1320,Toy Motors & Accessories,Toy Motor Medium Round 9v,,39259090,,,,,10
1321,Toy Motors & Accessories,Toy Motor Big Round 12v,,39259090,,,,sr_1321_Toy_Motor_Big_Round_12v,10
1322,Toy Motors & Accessories,Toy Motor Pully,,39259090,,,,sr_1322_Toy_Motor_Pully,10
1323,Toy Motors & Accessories,Toy Motor Fan,,39259090,,,,sr_1323_Toy_Motor_Fan,10
1324,Toy Motors & Accessories,Toy Motor Water Pump,,39259090,,,,sr_1324_Toy_Motor_Water_Pump,10
1325,Water Seals & Pipes,Water Seals & Pipes Cooler Pump 12watt,,39259090,200,,,,10
1326,Water Seals & Pipes,Water Seals & Pipes Cooler Pump 18watt,,39259090,200,,,,10
1327,Water Seals & Pipes,Water Seals & Pipes Cooler Pump 40watt,,39259090,500,,,,10
1328,Water Seals & Pipes,Water Seals & Pipes Diamond Waterseal 12mm open,,39259090,14.5,,,,10
1329,Water Seals & Pipes,Water Seals & Pipes Diamond Waterseal 12mm close,,39259090,12.5,,,,10
1330,Water Seals & Pipes,Water Seals & Pipes Diamond Waterseal 12mm bellow,,39259090,14.5,,,sr_1330_Water_Seals_&_Pipes_Diamond_Waterseal_12mm_bellow,10
1331,Water Seals & Pipes,Water Seals & Pipes Diamond Waterseal 16mm open,,39259090,19.5,,,,10
1332,Water Seals & Pipes,Water Seals & Pipes Diamond Waterseal 16mm close,,39259090,19.5,,,,10
1333,Water Seals & Pipes,Water Seals & Pipes Diamond Waterseal 16mm bellow,,39259090,19.5,,,sr_1333_Water_Seals_&_Pipes_Diamond_Waterseal_16mm_bellow,10
1334,Water Seals & Pipes,Water Seals & Pipes Diamond Waterseal 20mm open,,39259090,,,,sr_1334_Water_Seals_&_Pipes_Diamond_Waterseal_20mm_open,10
1335,Water Seals & Pipes,Water Seals & Pipes Diamond Waterseal 20mm close,,39259090,,,,,10
1336,Water Seals & Pipes,Water Seals & Pipes Diamond Waterseal 20mm bellow,,39259090,,,,,10
1337,Water Seals & Pipes,Water Seals & Pipes Diamond Waterseal 25mm open,,39259090,45,,,,10
1338,Water Seals & Pipes,Water Seals & Pipes Fan Bearing 6201+6202,,39259090,100,,,,10
1339,Water Seals & Pipes,Water Seals & Pipes FAN Pipe,,39259090,,,,sr_1339_Water_Seals_&_Pipes_FAN_Pipe,10
1340,Water Seals & Pipes,Water Seals & Pipes Fan Cycle Rubbber hook,,39259090,,,,,10
1341,Water Seals & Pipes,Water Seals & Pipes Fan Nut Bolt,,39259090,,,,,10
1342,Bulbs & Holders,Bulbs & Holders E-12 BLUB,,39259090,12,,,sr_1342_Bulbs_&_Holders_E_12_BLUB,10
1343,Bulbs & Holders,Bulbs & Holders E-12 BLUB LED,,39259090,17,,,,10
1344,Bulbs & Holders,Bulbs & Holders E-13 BLUB,,39259090,,,,sr_1344_Bulbs_&_Holders_E_13_BLUB,10
1345,Bulbs & Holders,Bulbs & Holders E-14 BLUB,,39259090,12,,,,10
1346,Bulbs & Holders,Bulbs & Holders E-14 BLUB LED,,39259090,17,,,,10
1347,Bulbs & Holders,Bulbs & Holders E-22 BLUB,,39259090,,,,sr_1347_Bulbs_&_Holders_E_22_BLUB,10
1348,Bulbs & Holders,Bulbs & Holders E-27 BLUB,,39259090,,,,,10
1349,Bulbs & Holders,Bulbs & Holders HANDLAMP,,39259090,,,,,10
1350,Bulbs & Holders,Bulbs & Holders,,39259090,,,,,10
1351,Bulbs & Holders,Bulbs & Holders,,39259090,,,,,10
1352,Bulbs & Holders,Bulbs & Holders,,39259090,,,,,10
1353,Bulbs & Holders,Bulbs & Holders,,39259090,,,,,10
1354,Bulbs & Holders,Bulbs & Holders,,39259090,,,,,10
1355,Bulbs & Holders,Bulbs & Holders,,39259090,,,,,10
1356,Bulbs & Holders,Bulbs & Holders,,39259090,,,,,10
1357,Bulbs & Holders,Bulbs & Holders,,39259090,,,,,10
1358,Bulbs & Holders,Bulbs & Holders,,39259090,,,,,10
1359,Bulbs & Holders,Bulbs & Holders,,39259090,,,,,10
1360,Bulbs & Holders,Bulbs & Holders,,39259090,,,,,10
1361,Audio Video & HDMI Cords,Audio Video & HDMI Cords Maxicom / HoneyCom HDMI to HDMI Cord 1.5yd,,94059900,,Pcs.,,,10
1362,Audio Video & HDMI Cords,Audio Video & HDMI Cords 3yd,,94059900,,,,,10
1363,Audio Video & HDMI Cords,Audio Video & HDMI Cords 5yd,,94059900,,,,,10
1364,Audio Video & HDMI Cords,Audio Video & HDMI Cords 10yd,,94059900,,,,,10
1365,Audio Video & HDMI Cords,Audio Video & HDMI Cords Maxicom / HoneyCom USB to Printer Cord 1.5yd,,94059900,,,,,10
1366,Audio Video & HDMI Cords,Audio Video & HDMI Cords 3yd,,94059900,,,,sr_1366_Audio_Video_&_HDMI_Cords_3yd,10
1367,Audio Video & HDMI Cords,Audio Video & HDMI Cords 5yd,,94059900,,,,sr_1367_Audio_Video_&_HDMI_Cords_5yd,10
1368,Audio Video & HDMI Cords,Audio Video & HDMI Cords 10yd,,94059900,,,,,10
1369,Audio Video & HDMI Cords,Audio Video & HDMI Cords Maxicom / HoneyCom CAT6 to CAT6 Cord 1.5yd,,94059900,,,,,10
1370,Audio Video & HDMI Cords,Audio Video & HDMI Cords 3yd,,94059900,,,,,10
1371,Audio Video & HDMI Cords,Audio Video & HDMI Cords 5yd,,94059900,,,,sr_1371_Audio_Video_&_HDMI_Cords_5yd,10
1372,Audio Video & HDMI Cords,Audio Video & HDMI Cords 10yd,,94059900,,,,sr_1372_Audio_Video_&_HDMI_Cords_10yd,10
1373,Audio Video & HDMI Cords,Audio Video & HDMI Cords Maxicom / HoneyCom 3RC to 3RC Cord 1.5yd,,94059900,,,,,10
1374,Audio Video & HDMI Cords,Audio Video & HDMI Cords 3yd,,94059900,,,,sr_1374_Audio_Video_&_HDMI_Cords_3yd,10
1375,Audio Video & HDMI Cords,Audio Video & HDMI Cords 5yd,,94059900,,,,sr_1375_Audio_Video_&_HDMI_Cords_5yd,10
1376,Audio Video & HDMI Cords,Audio Video & HDMI Cords 10yd,,94059900,,,,,10
1377,Audio Video & HDMI Cords,Audio Video & HDMI Cords Maxicom/HoneyCom EP to 3RC Cord 1.5yd,,94059900,,,,,10
1378,Audio Video & HDMI Cords,Audio Video & HDMI Cords Maxicom/HoneyCom EP to 2RC Cord 1.5yd,,94059900,,,,sr_1378_Audio_Video_&_HDMI_Cords_MaxicomHoneyCom_EP_to_2RC_Cord_1_5yd,10
1379,Audio Video & HDMI Cords,Audio Video & HDMI Cords Maxicom/HoneyCom EP to EP Cord 1.5yd,,94059900,,,,sr_1379_Audio_Video_&_HDMI_Cords_MaxicomHoneyCom_EP_to_EP_Cord_1_5yd,10
1380,Step-Down Voltage Converters,Step-Down Voltage Convertor 220v to 110v in 100watt,,94059900,,,,,10
1381,Step-Down Voltage Converters,Step-Down Voltage Converters 220v to 110v in 250watt,,94059900,,,,,10
1382,Step-Down Voltage Converters,Step-Down Voltage Converters 220v to 110v in 500watt,,94059900,,,,sr_1382_Step_Down_Voltage_Converters_220v_to_110v_in_500watt,10
1383,Step-Down Voltage Converters,Step-Down Voltage Converters 220v to 110v in 1 KVA,,94059900,,,,,10
1384,Step-Down Voltage Converters,Step-Down Voltage Converters Step-Up Voltage Convertor 110V to 220V in 100watt,,94059900,,,,,10
1385,Step-Down Voltage Converters,Step-Down Voltage Converters 110V to 220V in 250watt,,94059900,,,,sr_1385_Step_Down_Voltage_Converters_110V_to_220V_in_250watt,10
1386,Hand Gloves,Hand Gloves 110V to 220V in 500watt,,94059900,,,,,10
1387,Hand Gloves,Hand Gloves 110V to 220V in 1 KVA,,94059900,,,,,10
1388,Hand Gloves,Hand Gloves Rubber HandGloves Light 15kv,,94059900,,,,,10
1389,Hand Gloves,Hand Gloves Heavy 15kv,,94059900,,,,sr_1389_Hand_Gloves_Heavy_15kv,10
1390,Hand Gloves,Hand Gloves 33kv,,94059900,,,,,10
1391,Hand Gloves,Hand Gloves Sticker Danger 1.5” x 3”,,94059900,,,,,10
1392,Danger Plates,Danger Plates Sticker Danger 4” x 4”,,94059900,,,,sr_1392_Danger_Plates_Sticker_Danger_4”_x_4”,10
1393,Danger Plates,Danger Plates Sticker Danger 6” x 6”,,94059900,,,,,10
1394,Danger Plates,Danger Plates Metal Plate Danger 4” x 4”,,94059900,,,,sr_1394_Danger_Plates_Metal_Plate_Danger_4”_x_4”,10
1395,Danger Plates,Danger Plates Metal Plate Danger 6” x 6”,,94059900,,,,sr_1395_Danger_Plates_Metal_Plate_Danger_6”_x_6”,10
1396,MCB Links,MCB Links MS Patti MCB CHANNEL,,94059900,,,,,10
1397,MCB Links,MCB link SP Fork Patti,,94059900,,,,sr_1397_MCB_link_SP_Fork_Patti,10
1398,MCB Links,MCB Links DC LOCK KEY,,94059900,,,,,10
1399,MCB Links,MCB Links DC LOCK 20MM,,94059900,,,,,10
1400,DC Locks & Keys,DC LOCK 25MM,,94059900,,,,sr_1400_DC_LOCK_25MM,10
1401,DC Locks & Keys,DC LOCK 40MM,,94059900,,,,sr_1401_DC_LOCK_40MM,10
1402,DC Locks & Keys,DC LOCK 50MM,,94059900,,,,,10
1403,Rubber Gromet,RUBBER GROMET Closed / Open 12mm,,94059900,,,,,10
1404,Rubber Gromet,Rubber Gromet 16.5mm,,94059900,,,,,10
1405,Rubber Gromet,Rubber Gromet 19mm,,94059900,,,,,10
1406,Rubber Gromet,Rubber Gromet 22mm,,94059900,,,,,10
1407,Rubber Gromet,Rubber Gromet 25mm,,94059900,,,,sr_1407_Rubber_Gromet_25mm,10
1408,Rubber Gromet,Rubber Gromet 32mm,,94059900,,,,sr_1408_Rubber_Gromet_32mm,10
1409,Rubber Gromet,Rubber Gromet 40mm,,94059900,,,,,10
1410,Rubber Gromet,Rubber Gromet 50mm,,94059900,,,,,10
1411,Rubber Border Biding Patti,Rubber Border Biding Patti,,94059900,,,,,10
1412,Bulbs & Holders,Bulbs & Holders 1000W bulb,,94059900,996,Pcs.,,,10
